Claim_ID,Policy_ID,Policy_Holder,Claim_Date,Claim_Type,Policy_Type,Claim_Amount,Reimbursed_Amount,Premium_Amount,Coverage_Amount,Location,Region,Rainfall_mm,Weather_Condition,Incident_Description,Claim_Channel,Customer_Age,Customer_Gender,Settlement_Status,Processing_Days,Fraud_Flag,Claim_Loss_Ratio
C8360-C,P20527-F,Purab Issac,2024-10-15,Property,Life,348234,348234,48230,463970,Kolkata,East,238,Light Rain,Crop Loss,Agent,26,Other,Settled,24,No,0.75
C1362-I,P80990-S,Arhaan Doctor,2024-06-13,Health,Property,115097,115097,42697,349103,Kolkata,East,69,Heavy Rain,Hospitalization,Agent,61,Other,Pending,30,Yes,0.33
C5095-G,P30018-J,Vidur Sehgal,2024-03-27,Property,Life,401310,401310,44387,686812,Mumbai,West,175,Moderate Rain,Crop Loss,Online,51,Male,Settled,27,No,0.58
C8073-I,P71513-T,Vihaan Kade,2024-09-09,Agriculture,Vehicle,96782,96782,35169,303754,Kolkata,East,287,Light Rain,Crop Loss,Online,61,Male,Pending,27,No,0.32
C8723-J,P30046-F,Ishita Bhasin,2024-07-06,Agriculture,Agriculture,280275,280275,8402,502321,Delhi,North,187,Heavy Rain,Crop Loss,Branch,31,Male,Pending,28,No,0.56
C5151-S,P15726-H,Purab Kalita,2024-03-06,Agriculture,Vehicle,229828,229828,25069,405361,Bangalore,South,80,Light Rain,Road Accident,Mobile App,53,Female,Settled,25,No,0.57
C3665-K,P13447-D,Kartik Dara,2024-06-05,Agriculture,Health,88259,88259,20677,267782,Delhi,North,261,Light Rain,Crop Loss,Agent,62,Male,Rejected,30,Yes,0.33
C5625-X,P19567-X,Kismat Bains,2024-07-21,Property,Health,143025,143025,45033,395507,Jaipur,North,76,Flood,Flood Damage,Online,65,Other,Pending,24,No,0.36
C4462-C,P50526-F,Jayesh Lata,2024-12-15,Property,Life,171411,171411,9114,453985,Jaipur,North,110,Heavy Rain,Hospitalization,Mobile App,53,Other,Rejected,7,Yes,0.38
C3459-D,P81865-A,Lavanya Dutta,2024-07-09,Property,Vehicle,341824,341824,6612,521208,Kolkata,East,159,Moderate Rain,House Damage,Agent,44,Male,Settled,11,No,0.66
C5043-A,P13812-P,Nirvaan Bhattacharyya,2024-08-14,Health,Health,135647,135647,10705,299322,Lucknow,North,215,Light Rain,Crop Loss,Mobile App,54,Female,Settled,15,No,0.45
C9820-E,P76511-A,Nishith Chatterjee,2024-02-03,Vehicle,Life,45979,45979,21240,158312,Mumbai,West,275,Heavy Rain,Road Accident,Online,31,Female,Settled,4,No,0.29
C7424-Y,P81486-K,Amani Choudhry,2024-03-13,Vehicle,Vehicle,121094,121094,37596,287580,Lucknow,North,129,Heavy Rain,House Damage,Online,64,Male,Settled,24,No,0.42
C4152-M,P81802-Z,Drishya Comar,2024-08-12,Agriculture,Life,107227,107227,45420,157271,Bangalore,South,104,Flood,House Damage,Branch,21,Female,Settled,23,No,0.68
C8301-U,P34361-B,Divit Soni,2024-01-04,Agriculture,Vehicle,270976,270976,36923,501606,Jaipur,North,128,Light Rain,Road Accident,Online,62,Male,Settled,8,No,0.54
C9145-Z,P98046-E,Saira Mann,2024-06-09,Agriculture,Agriculture,168511,168511,34852,223248,Delhi,North,247,Flood,Hospitalization,Mobile App,53,Other,Settled,21,No,0.75
C7105-I,P91557-X,Misha Balay,2024-10-11,Agriculture,Life,211346,211346,30683,323155,Ahmedabad,West,127,Moderate Rain,Road Accident,Agent,63,Female,Rejected,4,No,0.65
C3573-P,P12451-P,Kaira Dugar,2024-08-07,Agriculture,Property,209694,209694,33726,450219,Delhi,North,94,Heavy Rain,Crop Loss,Agent,29,Other,Settled,20,No,0.47
C8358-Q,P40567-A,Miraan Sur,2024-08-28,Vehicle,Property,120627,120627,16615,276282,Delhi,North,224,Heavy Rain,House Damage,Agent,51,Male,Rejected,20,No,0.44
C9338-K,P89922-Q,Raunak Kapur,2024-08-18,Health,Vehicle,125724,125724,12764,404768,Bangalore,South,206,Heavy Rain,Hospitalization,Agent,60,Other,Settled,8,No,0.31
C9631-S,P55558-R,Fateh Viswanathan,2024-06-17,Health,Vehicle,45746,45746,48459,341038,Jaipur,North,85,Moderate Rain,Crop Loss,Branch,43,Female,Settled,12,No,0.13
C1235-F,P72545-N,Rhea Chhabra,2024-05-12,Property,Agriculture,344199,344199,39211,409796,Lucknow,North,228,Moderate Rain,Road Accident,Mobile App,26,Female,Settled,14,No,0.84
C8493-Y,P33706-L,Nayantara Seth,2024-07-11,Health,Agriculture,60289,35885,6578,345858,Lucknow,North,240,Heavy Rain,House Damage,Online,48,Other,Settled,10,No,0.17
C4233-H,P52944-C,Charvi Rajagopalan,2024-03-29,Property,Agriculture,307021,194855,26619,538973,Hyderabad,South,166,Heavy Rain,Road Accident,Online,59,Other,Pending,18,No,0.57
C6880-O,P47306-C,Heer Karan,2024-08-21,Health,Agriculture,112313,112313,31588,165246,Kolkata,East,65,Heavy Rain,Road Accident,Mobile App,51,Male,Settled,6,No,0.68
C4132-N,P40322-Z,Ahana  Sunder,2024-07-19,Agriculture,Health,133227,133227,29571,224599,Delhi,North,134,Moderate Rain,Road Accident,Agent,64,Female,Settled,5,No,0.59
C1525-W,P65655-Z,Urvi Baria,2024-02-18,Agriculture,Agriculture,268031,268031,7193,321548,Delhi,North,110,Moderate Rain,Flood Damage,Online,51,Male,Rejected,23,No,0.83
C7548-F,P88726-Z,Rania Tata,2024-07-19,Property,Property,320532,320532,7058,441191,Hyderabad,South,227,Flood,Hospitalization,Branch,18,Male,Settled,13,No,0.73
C4826-L,P33879-H,Kabir Gola,2024-10-22,Agriculture,Agriculture,62503,62503,23183,220306,Lucknow,North,58,Moderate Rain,Crop Loss,Branch,21,Female,Settled,8,Yes,0.28
C5550-I,P53066-P,Ojas Kata,2024-04-16,Vehicle,Property,96785,96785,36214,348530,Bangalore,South,278,Flood,Crop Loss,Agent,69,Female,Pending,6,Yes,0.28
C6504-C,P57449-P,Nishith Virk,2024-03-04,Vehicle,Life,71621,71621,5928,330305,Kolkata,East,213,Flood,House Damage,Agent,23,Female,Settled,25,No,0.22
C7600-L,P49571-Q,Aayush Korpal,2024-06-15,Vehicle,Vehicle,147827,147827,32361,321663,Ahmedabad,West,56,Flood,Hospitalization,Branch,55,Male,Settled,13,No,0.46
C1146-T,P98036-K,Yashvi Bhattacharyya,2024-02-17,Vehicle,Life,54133,54133,42702,163876,Chennai,South,201,Flood,Flood Damage,Agent,46,Other,Pending,22,No,0.33
C7496-Y,P81849-Y,Aradhya Balakrishnan,2024-05-10,Vehicle,Vehicle,62545,62545,44416,307091,Hyderabad,South,109,Heavy Rain,Road Accident,Online,47,Female,Rejected,30,No,0.2
C1387-O,P38446-C,Sana Ratti,2024-03-09,Property,Life,476836,476836,37702,674386,Mumbai,West,226,Moderate Rain,House Damage,Mobile App,25,Male,Rejected,14,No,0.71
C9843-X,P67571-Q,Nehmat Sama,2024-06-29,Agriculture,Health,100149,78713,15021,378322,Lucknow,North,153,Flood,Road Accident,Mobile App,20,Female,Settled,10,No,0.26
C3017-R,P48649-H,Shaan Din,2024-10-04,Vehicle,Health,37979,37979,31226,134129,Lucknow,North,268,Light Rain,Flood Damage,Agent,36,Other,Pending,4,No,0.28
C3741-F,P15396-E,Nirvaan Mann,2024-01-03,Agriculture,Vehicle,71289,71289,24668,251388,Delhi,North,245,Heavy Rain,Road Accident,Agent,28,Female,Pending,5,No,0.28
C3137-C,P40054-A,Ira Bawa,2024-09-25,Property,Vehicle,402433,402433,21182,620323,Lucknow,North,115,Light Rain,House Damage,Online,45,Male,Settled,27,No,0.65
C9056-T,P83773-L,Dhanuk De,2024-03-12,Agriculture,Life,269265,269265,47378,424972,Ahmedabad,West,260,Flood,House Damage,Online,27,Female,Settled,4,No,0.63
C4547-A,P91844-P,Dhruv Bhattacharyya,2024-06-14,Agriculture,Vehicle,92661,69565,46541,179375,Delhi,North,102,Light Rain,Road Accident,Online,18,Female,Settled,21,No,0.52
C9697-M,P74225-E,Mehul Chawla,2024-07-30,Health,Vehicle,180470,180470,40523,360090,Kolkata,East,218,Light Rain,House Damage,Online,23,Female,Settled,9,No,0.5
C9921-T,P55344-W,Arhaan Sarma,2024-07-13,Vehicle,Agriculture,43304,32930,36758,129579,Jaipur,North,222,Moderate Rain,Crop Loss,Agent,42,Other,Pending,30,Yes,0.33
C7488-Z,P92344-V,Nirvaan Bumb,2024-07-02,Property,Agriculture,137410,137410,22566,197719,Pune,West,279,Moderate Rain,Flood Damage,Mobile App,65,Female,Settled,5,No,0.69
C1583-N,P53031-L,Kiaan Bhasin,2024-09-11,Agriculture,Life,154054,154054,47670,313766,Mumbai,West,167,Light Rain,Hospitalization,Agent,34,Male,Rejected,6,No,0.49
C2270-M,P79627-U,Bhavin Tandon,2024-10-30,Health,Life,76548,76548,14317,294790,Delhi,North,197,Moderate Rain,Flood Damage,Branch,33,Other,Settled,28,No,0.26
C3341-Q,P31531-K,Yashvi Yogi,2024-10-03,Property,Property,462325,462325,48872,591685,Pune,West,194,Flood,Crop Loss,Branch,28,Female,Settled,29,No,0.78
C3879-O,P76278-O,Dhruv Buch,2024-01-12,Property,Agriculture,296325,296325,15004,465252,Mumbai,West,212,Flood,Crop Loss,Branch,53,Other,Settled,14,No,0.64
C1811-X,P71965-I,Lavanya Mani,2024-02-08,Health,Property,168382,168382,37030,406228,Pune,West,110,Heavy Rain,House Damage,Mobile App,42,Male,Settled,27,No,0.41
C8338-Y,P10435-M,Onkar Wable,2024-03-13,Health,Life,62359,62359,39832,165505,Delhi,North,295,Light Rain,House Damage,Mobile App,57,Male,Pending,16,No,0.38
C5130-J,P26501-S,Anya Kata,2024-08-19,Agriculture,Health,88769,88769,29330,234342,Lucknow,North,188,Moderate Rain,Flood Damage,Branch,57,Other,Pending,25,No,0.38
C9523-N,P22409-U,Mohanlal Ramakrishnan,2024-01-22,Property,Vehicle,429685,296476,7358,712405,Mumbai,West,147,Moderate Rain,Hospitalization,Branch,66,Male,Settled,7,No,0.6
C6204-T,P15483-T,Adah Sandal,2024-06-27,Property,Health,274123,274123,46263,380666,Pune,West,205,Moderate Rain,House Damage,Agent,50,Other,Settled,4,No,0.72
C3262-W,P40568-B,Lakshit Ramakrishnan,2024-08-29,Vehicle,Vehicle,93323,93323,17405,189921,Lucknow,North,264,Heavy Rain,Crop Loss,Agent,18,Female,Pending,27,No,0.49
C6656-M,P94312-Y,Krish Garg,2024-08-08,Property,Life,489458,489458,36511,680750,Delhi,North,289,Flood,Crop Loss,Online,61,Male,Settled,7,No,0.72
C7439-X,P76281-R,Sahil Hayre,2024-10-05,Vehicle,Property,39390,39390,26880,111107,Delhi,North,240,Moderate Rain,Hospitalization,Mobile App,34,Male,Settled,4,No,0.35
C2553-T,P29547-U,Shayak Talwar,2024-09-22,Property,Life,436791,416535,46802,611371,Delhi,North,266,Heavy Rain,Road Accident,Mobile App,33,Male,Settled,5,No,0.71
C4165-V,P32378-C,Nakul Dave,2024-04-02,Property,Vehicle,295648,295648,27754,463164,Ahmedabad,West,93,Light Rain,Road Accident,Branch,30,Female,Pending,18,No,0.64
C2162-C,P11718-P,Kaira Devi,2024-12-16,Agriculture,Life,85180,85180,13209,306971,Mumbai,West,102,Flood,House Damage,Branch,41,Other,Rejected,30,No,0.28
C7130-B,P50273-E,Amani Dave,2024-12-28,Agriculture,Vehicle,137650,137650,9585,311200,Ahmedabad,West,288,Heavy Rain,Crop Loss,Mobile App,68,Male,Pending,30,No,0.44
C3027-E,P30462-S,Taran Choudhary,2024-09-02,Property,Vehicle,455938,341654,35238,524564,Kolkata,East,174,Light Rain,Hospitalization,Mobile App,58,Other,Pending,19,No,0.87
C5211-V,P51850-C,Vaibhav Rajagopalan,2024-02-12,Agriculture,Agriculture,60062,60062,19179,218102,Delhi,North,142,Heavy Rain,Hospitalization,Agent,19,Female,Pending,14,No,0.28
C4007-M,P95693-O,Uthkarsh Shah,2024-03-09,Property,Agriculture,241368,241368,17502,318676,Kolkata,East,226,Flood,Flood Damage,Online,43,Male,Settled,21,No,0.76
C3111-M,P51334-R,Ivan Saraf,2024-09-25,Health,Life,53908,53908,5240,204546,Hyderabad,South,193,Light Rain,Hospitalization,Online,48,Female,Pending,5,No,0.26
C2962-Y,P58941-G,Aarna Karnik,2024-12-06,Vehicle,Health,52852,52852,32120,287029,Mumbai,West,219,Light Rain,Crop Loss,Mobile App,35,Female,Settled,26,No,0.18
C9945-V,P55328-Q,Zaina Kade,2024-03-22,Health,Agriculture,171891,171891,38411,288476,Ahmedabad,West,146,Light Rain,Crop Loss,Online,62,Male,Pending,27,No,0.6
C1290-N,P97220-R,Lakshay Sundaram,2024-06-23,Property,Property,484868,484868,18547,681652,Hyderabad,South,289,Heavy Rain,House Damage,Agent,54,Female,Settled,29,No,0.71
C5631-E,P15821-L,Yakshit Sathe,2024-09-01,Agriculture,Property,214392,214392,34061,385543,Hyderabad,South,173,Light Rain,Road Accident,Online,70,Other,Pending,27,No,0.56
C2314-G,P55978-P,Oorja Varkey,2024-01-14,Property,Property,323025,247433,5151,460263,Pune,West,195,Light Rain,Hospitalization,Agent,64,Female,Rejected,27,No,0.7
C8847-C,P20875-F,Ayesha Samra,2024-03-27,Property,Property,214658,162999,18449,487232,Mumbai,West,289,Heavy Rain,Crop Loss,Mobile App,45,Female,Pending,17,No,0.44
C1922-P,P94772-A,Amani Bansal,2024-09-29,Vehicle,Health,75605,75605,39246,366797,Chennai,South,75,Moderate Rain,Flood Damage,Online,39,Male,Settled,16,No,0.21
C3058-I,P96717-F,Zeeshan Keer,2024-10-20,Property,Vehicle,461724,461724,38184,623341,Kolkata,East,219,Flood,Flood Damage,Online,60,Male,Settled,24,No,0.74
C1992-V,P95295-O,Oorja Loyal,2024-12-23,Property,Agriculture,279132,279132,27821,370968,Ahmedabad,West,52,Light Rain,Flood Damage,Agent,64,Other,Settled,21,No,0.75
C5848-X,P77774-V,Shamik Sengupta,2024-08-03,Agriculture,Property,183417,183417,40623,271597,Ahmedabad,West,282,Moderate Rain,Road Accident,Mobile App,25,Other,Pending,26,No,0.68
C6981-K,P20581-S,Onkar Acharya,2024-08-15,Property,Vehicle,128887,128887,27871,190596,Delhi,North,87,Flood,Crop Loss,Agent,48,Male,Settled,10,No,0.68
C7494-K,P35537-Y,Umang Chanda,2024-02-21,Health,Vehicle,78689,78689,27240,180274,Chennai,South,202,Heavy Rain,Flood Damage,Online,64,Female,Settled,5,No,0.44
C3521-K,P85509-M,Alia Koshy,2024-03-16,Health,Agriculture,116718,116718,32734,255901,Mumbai,West,216,Heavy Rain,Crop Loss,Online,55,Male,Settled,4,No,0.46
C8115-H,P87237-L,Ishaan Devi,2024-10-11,Agriculture,Health,64325,64325,41687,154958,Chennai,South,298,Light Rain,Flood Damage,Online,25,Other,Settled,27,No,0.42
C6971-X,P54592-A,Uthkarsh Kadakia,2024-04-01,Property,Health,342281,342281,12040,596988,Mumbai,West,63,Moderate Rain,Road Accident,Agent,29,Male,Pending,16,No,0.57
C1613-O,P90455-L,Tarini Kurian,2024-12-25,Property,Agriculture,217863,217863,28772,352476,Kolkata,East,199,Light Rain,Road Accident,Mobile App,51,Female,Pending,29,No,0.62
C1283-G,P16110-D,Tushar Varughese,2024-08-13,Health,Vehicle,185518,185518,45926,403562,Ahmedabad,West,62,Light Rain,Flood Damage,Online,28,Male,Pending,21,No,0.46
C7451-B,P14856-X,Damini Korpal,2024-07-16,Property,Vehicle,420027,420027,45081,672383,Mumbai,West,198,Light Rain,Crop Loss,Mobile App,20,Female,Settled,6,No,0.62
C9985-C,P66064-T,Nirvi Dua,2024-09-24,Agriculture,Life,235847,235847,25382,309761,Bangalore,South,84,Heavy Rain,House Damage,Agent,64,Female,Pending,9,No,0.76
C6063-J,P25364-T,Kashvi Kumar,2024-09-19,Vehicle,Agriculture,69940,69940,18112,289101,Mumbai,West,297,Light Rain,Hospitalization,Agent,32,Other,Settled,12,No,0.24
C1102-B,P92205-Z,Inaaya  Dar,2024-01-02,Agriculture,Property,197215,197215,42230,446287,Mumbai,West,165,Light Rain,House Damage,Branch,29,Male,Rejected,14,No,0.44
C8091-L,P63074-B,Pari Wable,2024-07-31,Property,Agriculture,146206,146206,6710,445829,Jaipur,North,218,Light Rain,Crop Loss,Agent,42,Other,Pending,4,No,0.33
C5952-B,P14832-Z,Pihu Bhatti,2024-03-26,Vehicle,Property,145341,145341,14521,412211,Bangalore,South,242,Light Rain,Hospitalization,Branch,46,Male,Settled,28,No,0.35
C2746-M,P38283-H,Miraan Issac,2024-12-02,Agriculture,Life,108085,108085,10714,387732,Jaipur,North,88,Flood,Crop Loss,Branch,29,Other,Settled,20,No,0.28
C4323-C,P43066-Y,Madhup Borde,2024-09-11,Property,Agriculture,355856,355856,22762,586740,Jaipur,North,168,Heavy Rain,Flood Damage,Agent,25,Male,Rejected,19,No,0.61
C3798-B,P53281-P,Sumer Bhandari,2024-12-19,Property,Life,185388,148400,31091,463317,Jaipur,North,153,Light Rain,Road Accident,Agent,37,Female,Settled,3,No,0.4
C2878-D,P13307-Z,Uthkarsh Ram,2024-05-19,Health,Agriculture,118523,118523,29970,286096,Ahmedabad,West,99,Flood,House Damage,Online,62,Female,Settled,9,No,0.41
C3792-Y,P92933-R,Hiran Salvi,2024-03-26,Health,Health,49558,49558,10301,248596,Pune,West,246,Flood,Hospitalization,Online,68,Female,Pending,5,No,0.2
C8409-N,P43748-C,Hridaan Anand,2024-11-20,Agriculture,Vehicle,75784,75784,38447,260607,Chennai,South,60,Moderate Rain,Flood Damage,Agent,50,Female,Settled,27,No,0.29
C5010-A,P92846-A,Misha Mani,2024-10-09,Vehicle,Health,35107,35107,15061,216477,Jaipur,North,164,Moderate Rain,Hospitalization,Mobile App,62,Other,Settled,11,No,0.16
C7066-W,P70353-T,Dishani Bawa,2024-06-16,Agriculture,Property,117297,117297,47406,261177,Hyderabad,South,254,Light Rain,Crop Loss,Online,48,Male,Settled,3,No,0.45
C8787-Q,P51666-F,Vidur Loke,2024-10-05,Vehicle,Vehicle,102835,102835,26242,295381,Mumbai,West,270,Light Rain,Crop Loss,Branch,28,Female,Settled,20,No,0.35
C6856-G,P52026-T,Gatik Shankar,2024-08-09,Property,Health,203421,203421,15715,500324,Kolkata,East,276,Moderate Rain,Flood Damage,Agent,58,Female,Settled,25,No,0.41
C1885-F,P41177-E,Jayesh Kale,2024-03-25,Vehicle,Property,141136,141136,32677,329190,Chennai,South,109,Moderate Rain,Road Accident,Agent,55,Male,Settled,16,No,0.43
C8833-U,P65490-W,Navya Shankar,2024-07-08,Property,Property,361059,361059,23467,600774,Chennai,South,61,Flood,Flood Damage,Mobile App,49,Other,Pending,19,No,0.6
C3355-Q,P92968-R,Ahana  Bhattacharyya,2024-12-26,Agriculture,Agriculture,168126,168126,15840,278840,Delhi,North,94,Heavy Rain,Hospitalization,Mobile App,30,Other,Settled,17,No,0.6
C2120-E,P97858-L,Armaan Goyal,2024-03-07,Agriculture,Vehicle,272439,272439,11623,540923,Delhi,North,299,Moderate Rain,House Damage,Agent,35,Other,Pending,17,No,0.5
C5523-Y,P71049-V,Yashvi Boase,2024-10-18,Property,Property,164852,164852,9101,241034,Bangalore,South,201,Light Rain,Road Accident,Agent,23,Male,Settled,6,No,0.68
C6574-T,P39909-B,Mehul Gopal,2024-06-06,Agriculture,Vehicle,259250,259250,48413,391189,Pune,West,111,Heavy Rain,Road Accident,Online,59,Other,Settled,30,No,0.66
C7377-R,P42745-F,Purab Dhaliwal,2024-12-29,Health,Agriculture,61876,61876,22046,169953,Pune,West,88,Moderate Rain,House Damage,Online,52,Male,Settled,4,No,0.36
C3362-Q,P44439-R,Nirvaan Biswas,2024-11-07,Agriculture,Vehicle,150840,150840,42712,358154,Ahmedabad,West,178,Light Rain,Flood Damage,Mobile App,65,Male,Pending,22,No,0.42
C7007-J,P76484-K,Nirvaan Saini,2024-07-12,Property,Vehicle,415652,341350,30020,545373,Lucknow,North,190,Moderate Rain,House Damage,Branch,51,Male,Pending,30,No,0.76
C7317-M,P48823-G,Heer Garg,2024-02-14,Property,Property,271449,271449,18465,550447,Ahmedabad,West,192,Moderate Rain,Road Accident,Online,37,Other,Settled,15,No,0.49
C4365-G,P69021-W,Ishita Mani,2024-06-20,Vehicle,Property,72761,72761,31043,284161,Bangalore,South,229,Moderate Rain,House Damage,Branch,25,Other,Rejected,13,No,0.26
C8946-L,P23635-V,Sana Kade,2024-01-26,Agriculture,Vehicle,167592,167592,31837,242905,Bangalore,South,170,Light Rain,Flood Damage,Online,52,Other,Settled,5,No,0.69
C7583-W,P89958-R,Adah Sachdeva,2024-05-21,Agriculture,Life,232640,232640,19697,330285,Kolkata,East,148,Light Rain,Crop Loss,Agent,28,Female,Pending,16,No,0.7
C8381-V,P32525-C,Sumer Raja,2024-01-28,Vehicle,Property,41384,41384,8995,121739,Ahmedabad,West,71,Flood,Crop Loss,Agent,59,Other,Pending,5,No,0.34
C7992-N,P94899-H,Lagan Dubey,2024-07-03,Health,Property,149351,149351,25132,239679,Mumbai,West,137,Flood,Flood Damage,Agent,34,Female,Pending,6,No,0.62
C8340-W,P42665-C,Renee Mangal,2024-05-07,Health,Vehicle,153566,153566,37718,432399,Pune,West,58,Moderate Rain,Road Accident,Mobile App,19,Female,Settled,26,No,0.36
C1819-K,P22235-O,Damini Balakrishnan,2024-09-14,Agriculture,Property,187189,187189,40808,332472,Chennai,South,99,Heavy Rain,Hospitalization,Branch,19,Female,Settled,5,No,0.56
C8090-Q,P62006-D,Tushar Ravi,2024-03-22,Vehicle,Life,57845,57845,32078,314157,Kolkata,East,230,Flood,Hospitalization,Branch,64,Female,Settled,10,No,0.18
C4009-L,P81189-R,Emir Tak,2024-08-11,Agriculture,Vehicle,208467,208467,40662,447549,Jaipur,North,133,Light Rain,Hospitalization,Branch,57,Male,Settled,19,No,0.47
C2647-M,P17149-P,Ivan Chada,2024-02-04,Health,Life,169936,169936,23113,256117,Ahmedabad,West,284,Flood,Hospitalization,Agent,51,Female,Pending,23,No,0.66
C8289-H,P68665-D,Eva Sem,2024-02-03,Agriculture,Health,290021,290021,17235,366943,Hyderabad,South,133,Light Rain,Crop Loss,Mobile App,62,Male,Settled,10,Yes,0.79
C7459-Y,P76561-F,Taimur Walla,2024-07-25,Vehicle,Property,93014,93014,26148,178564,Lucknow,North,138,Moderate Rain,Flood Damage,Agent,40,Female,Settled,25,No,0.52
C4102-I,P32686-U,Kabir Kapadia,2024-01-23,Vehicle,Health,51406,51406,21702,215237,Lucknow,North,174,Heavy Rain,Hospitalization,Online,62,Other,Pending,3,Yes,0.24
C1764-N,P25999-G,Vedika Solanki,2024-10-12,Health,Agriculture,166935,166935,15230,297549,Pune,West,133,Flood,Hospitalization,Branch,44,Male,Pending,6,No,0.56
C3914-S,P97038-K,Urvi Suresh,2024-02-24,Agriculture,Life,195309,195309,23200,391119,Bangalore,South,200,Moderate Rain,Road Accident,Online,23,Other,Settled,10,No,0.5
C2858-L,P92337-O,Yasmin Deshpande,2024-10-28,Agriculture,Vehicle,299542,263508,39912,434833,Jaipur,North,282,Light Rain,Flood Damage,Agent,48,Other,Pending,20,No,0.69
C1116-V,P49477-P,Neysa Virk,2024-03-26,Health,Property,30166,30166,8863,322835,Pune,West,50,Flood,Crop Loss,Branch,49,Male,Settled,25,No,0.09
C8143-B,P13068-Z,Ryan Devi,2024-04-15,Vehicle,Property,54283,54283,15480,221463,Jaipur,North,146,Moderate Rain,Hospitalization,Branch,39,Male,Pending,26,No,0.25
C4949-H,P19987-P,Trisha Kanda,2024-08-04,Property,Agriculture,467336,413223,43048,576647,Jaipur,North,125,Light Rain,Crop Loss,Mobile App,48,Male,Pending,24,No,0.81
C4799-V,P27779-O,Jivin Sharaf,2024-10-29,Health,Agriculture,29469,29469,7169,119278,Jaipur,North,157,Moderate Rain,Crop Loss,Mobile App,36,Other,Settled,22,No,0.25
C4327-L,P11526-J,Keya Mani,2024-09-25,Health,Life,91612,80375,39620,293479,Kolkata,East,188,Flood,Hospitalization,Online,66,Male,Pending,29,No,0.31
C2524-U,P55393-J,Tushar Hayre,2024-09-29,Agriculture,Agriculture,199339,199339,14199,474584,Mumbai,West,153,Moderate Rain,Hospitalization,Online,27,Female,Settled,20,No,0.42
C2010-V,P11502-Y,Myra Sachdev,2024-06-22,Health,Life,159939,159939,20031,408361,Mumbai,West,66,Light Rain,Crop Loss,Branch,27,Other,Settled,6,No,0.39
C1874-B,P98956-S,Devansh Jain,2024-04-30,Property,Property,399860,399860,37960,522472,Bangalore,South,125,Flood,Crop Loss,Mobile App,58,Male,Pending,6,No,0.77
C6805-M,P91927-B,Rhea Bhatt,2024-05-29,Agriculture,Health,124049,124049,21828,275291,Jaipur,North,160,Heavy Rain,Hospitalization,Online,39,Other,Settled,15,No,0.45
C6126-Q,P48357-S,Divit Ravi,2024-06-12,Property,Agriculture,452614,452614,28228,516612,Delhi,North,80,Heavy Rain,Road Accident,Branch,47,Male,Settled,11,No,0.88
C5168-D,P15736-D,Darshit Viswanathan,2024-10-15,Health,Health,150749,150749,15817,370595,Jaipur,North,66,Flood,Crop Loss,Online,36,Male,Pending,29,No,0.41
C4278-N,P85636-U,Madhav Bhavsar,2024-03-07,Property,Property,214220,214220,25809,337194,Ahmedabad,West,51,Moderate Rain,House Damage,Agent,24,Male,Settled,4,No,0.64
C9764-P,P98990-C,Tejas Kara,2024-02-25,Health,Property,75412,75412,49133,341862,Bangalore,South,237,Flood,Hospitalization,Agent,49,Female,Settled,20,No,0.22
C9600-K,P47317-B,Kashvi Bora,2024-03-15,Vehicle,Property,142927,92777,12746,283565,Lucknow,North,171,Light Rain,Crop Loss,Agent,47,Female,Settled,8,No,0.5
C4365-A,P92781-J,Shamik Shenoy,2024-09-18,Vehicle,Life,99657,99657,27685,339161,Jaipur,North,185,Moderate Rain,Hospitalization,Online,30,Other,Settled,26,No,0.29
C6120-D,P12118-B,Vritika Bakshi,2024-08-25,Agriculture,Vehicle,250954,250954,26021,469731,Kolkata,East,226,Heavy Rain,Road Accident,Online,46,Other,Settled,26,No,0.53
C2728-I,P76088-C,Ryan Gara,2024-02-06,Health,Property,82738,44481,40108,162226,Ahmedabad,West,291,Light Rain,Crop Loss,Branch,20,Other,Settled,7,No,0.51
C6479-I,P60532-I,Saira Baria,2024-09-14,Health,Vehicle,51065,51065,36599,291768,Ahmedabad,West,264,Heavy Rain,House Damage,Online,25,Other,Settled,14,No,0.18
C3644-Q,P42490-K,Kismat Rattan,2024-12-19,Vehicle,Property,67484,67484,41810,147658,Hyderabad,South,270,Moderate Rain,Road Accident,Mobile App,19,Female,Pending,6,No,0.46
C2184-P,P32462-Z,Elakshi Gade,2024-06-17,Health,Vehicle,120829,120829,17678,382216,Delhi,North,271,Flood,Road Accident,Online,67,Female,Settled,9,Yes,0.32
C8628-I,P87324-D,Zeeshan Sane,2024-04-30,Health,Property,182575,182575,15012,326274,Delhi,North,84,Light Rain,Hospitalization,Mobile App,65,Female,Pending,23,No,0.56
C4182-H,P64756-P,Nehmat Mall,2024-01-01,Property,Health,256069,256069,22634,307744,Pune,West,174,Heavy Rain,Flood Damage,Mobile App,46,Male,Pending,24,No,0.83
C9460-K,P85127-G,Ela Wali,2024-05-06,Property,Property,227692,227692,5842,283378,Pune,West,286,Flood,Hospitalization,Online,48,Female,Settled,26,No,0.8
C6375-O,P56997-N,Vardaniya Datta,2024-02-03,Agriculture,Life,209466,209466,27870,346561,Delhi,North,231,Heavy Rain,House Damage,Mobile App,36,Male,Settled,13,No,0.6
C9729-T,P73257-L,Biju Jhaveri,2024-05-16,Vehicle,Life,146191,146191,44015,394032,Mumbai,West,277,Moderate Rain,Crop Loss,Branch,51,Male,Settled,18,No,0.37
C6626-K,P39639-E,Nitara Choudhury,2024-06-29,Health,Property,96485,96485,34941,270571,Delhi,North,179,Light Rain,Hospitalization,Branch,38,Female,Pending,11,No,0.36
C6316-X,P10357-V,Mamooty Bose,2024-07-26,Agriculture,Life,84766,84766,12810,383501,Hyderabad,South,84,Light Rain,Hospitalization,Online,37,Other,Settled,29,No,0.22
C5638-I,P52055-Y,Ishaan Karan,2024-12-05,Health,Property,107896,107896,8603,290755,Lucknow,North,124,Light Rain,Road Accident,Online,23,Other,Rejected,9,No,0.37
C3937-I,P72274-T,Priyansh Gaba,2024-02-27,Health,Vehicle,121656,121656,8559,400073,Pune,West,135,Moderate Rain,Flood Damage,Mobile App,63,Female,Settled,28,No,0.3
C2789-N,P33614-D,Shamik Chawla,2024-10-13,Health,Vehicle,84853,76490,32969,324500,Hyderabad,South,160,Heavy Rain,Crop Loss,Agent,31,Other,Pending,25,No,0.26
C2839-W,P16551-R,Umang Sangha,2024-08-24,Property,Life,189270,189270,39566,279220,Kolkata,East,74,Heavy Rain,Road Accident,Online,56,Other,Settled,27,No,0.68
C8061-J,P40665-T,Anika Warrior,2024-05-05,Vehicle,Agriculture,143427,143427,44265,251914,Jaipur,North,279,Moderate Rain,Hospitalization,Online,38,Other,Settled,27,No,0.57
C8857-H,P42231-I,Ira Kunda,2024-10-02,Health,Life,118181,118181,7125,265428,Lucknow,North,57,Heavy Rain,Hospitalization,Online,38,Female,Settled,7,No,0.45
C9553-K,P17255-U,Aarav Varghese,2024-09-09,Vehicle,Property,49245,49245,19849,237772,Bangalore,South,65,Light Rain,Hospitalization,Agent,43,Male,Pending,5,No,0.21
C6885-G,P29088-F,Mishti Sankaran,2024-11-28,Health,Property,55878,55878,6094,317356,Mumbai,West,90,Flood,Road Accident,Agent,44,Female,Settled,14,No,0.18
C7292-B,P44820-C,Priyansh Bera,2024-12-22,Property,Health,302124,302124,18641,438375,Bangalore,South,74,Light Rain,Crop Loss,Agent,32,Other,Rejected,25,No,0.69
C1787-I,P17041-D,Jiya Kunda,2024-01-08,Agriculture,Vehicle,238932,238932,48272,483721,Lucknow,North,59,Light Rain,Crop Loss,Branch,37,Other,Pending,20,No,0.49
C5159-U,P68223-P,Dhanush Sami,2024-06-20,Agriculture,Life,273311,202506,15160,376719,Pune,West,281,Moderate Rain,House Damage,Online,68,Female,Pending,9,No,0.73
C1333-V,P17184-T,Aaina Vaidya,2024-07-02,Property,Health,416258,416258,25182,690640,Kolkata,East,251,Light Rain,Hospitalization,Branch,49,Female,Settled,7,No,0.6
C2003-X,P46516-C,Riaan Soman,2024-02-14,Vehicle,Property,140666,140666,22806,380010,Lucknow,North,242,Flood,Road Accident,Agent,40,Other,Settled,14,No,0.37
C5842-S,P17346-U,Shamik Krishnamurthy,2024-11-09,Vehicle,Vehicle,75702,75702,18425,208910,Kolkata,East,166,Moderate Rain,Hospitalization,Online,69,Male,Settled,5,No,0.36
C8744-H,P25930-L,Zain Wali,2024-05-09,Agriculture,Property,134238,134238,35540,188188,Lucknow,North,154,Heavy Rain,Flood Damage,Online,21,Female,Settled,16,No,0.71
C7209-K,P77107-Y,Aradhya Raman,2024-01-21,Vehicle,Vehicle,87684,87684,45434,263972,Delhi,North,167,Heavy Rain,Flood Damage,Online,26,Other,Pending,16,No,0.33
C8695-J,P47443-M,Chirag Brar,2024-03-29,Property,Property,146906,146906,45906,280203,Pune,West,51,Flood,Flood Damage,Online,26,Male,Settled,8,No,0.52
C5380-B,P76160-B,Diya Kashyap,2024-01-17,Agriculture,Property,186248,186248,35432,313926,Pune,West,110,Flood,Crop Loss,Agent,34,Female,Settled,12,No,0.59
C6108-R,P83895-O,Khushi Kara,2024-07-10,Vehicle,Health,47082,47082,25106,255803,Pune,West,163,Heavy Rain,House Damage,Agent,32,Male,Pending,10,No,0.18
C5402-C,P20110-T,Stuvan Shroff,2024-12-26,Property,Life,314817,314817,20608,539874,Pune,West,222,Light Rain,Crop Loss,Online,62,Male,Pending,29,No,0.58
C7642-Q,P98879-X,Lakshit Kothari,2024-02-08,Agriculture,Property,243294,243294,47001,504820,Lucknow,North,244,Moderate Rain,House Damage,Mobile App,20,Female,Settled,18,No,0.48
C6806-U,P61154-G,Mohanlal Konda,2024-02-10,Vehicle,Life,111369,111369,14734,404492,Hyderabad,South,255,Flood,House Damage,Online,19,Male,Settled,20,No,0.28
C9659-O,P56094-U,Dharmajan Sankar,2024-01-28,Vehicle,Life,105175,105175,48399,337763,Kolkata,East,162,Moderate Rain,House Damage,Agent,59,Male,Settled,18,No,0.31
C5907-U,P73133-L,Ahana  D’Alia,2024-09-08,Agriculture,Agriculture,189816,189816,15330,382380,Bangalore,South,263,Moderate Rain,Hospitalization,Agent,61,Female,Pending,27,No,0.5
C9512-Y,P58472-D,Emir Rana,2024-12-04,Agriculture,Health,281198,281198,30949,360035,Bangalore,South,111,Moderate Rain,House Damage,Online,20,Female,Settled,9,No,0.78
C3187-E,P77973-D,Pari Ghose,2024-04-25,Property,Vehicle,341708,341708,12046,423579,Pune,West,140,Flood,Crop Loss,Mobile App,64,Male,Settled,26,No,0.81
C4008-Z,P11003-X,Anya Basu,2024-07-04,Agriculture,Health,233705,233705,29518,457524,Bangalore,South,131,Light Rain,Hospitalization,Branch,55,Female,Settled,23,No,0.51
C8507-O,P81049-L,Sara Deep,2024-08-26,Property,Property,488575,488575,23367,550080,Delhi,North,116,Flood,Hospitalization,Agent,43,Male,Settled,5,No,0.89
C9658-I,P59237-S,Kashvi Solanki,2024-08-23,Property,Health,148842,148842,28811,207676,Kolkata,East,280,Flood,Hospitalization,Agent,68,Male,Pending,6,No,0.72
C1915-D,P14845-I,Shanaya Bakshi,2024-05-02,Health,Property,186423,186423,30465,386225,Pune,West,124,Moderate Rain,House Damage,Mobile App,63,Male,Settled,23,No,0.48
C3192-E,P47701-D,Vihaan Ram,2024-08-05,Agriculture,Life,59059,59059,5647,342753,Hyderabad,South,298,Light Rain,Crop Loss,Mobile App,29,Male,Pending,25,No,0.17
C9203-M,P16312-K,Kashvi Bahl,2024-11-11,Health,Property,134975,134975,17776,237923,Ahmedabad,West,213,Heavy Rain,Crop Loss,Mobile App,48,Female,Settled,21,No,0.57
C3002-A,P49598-V,Pari Chakrabarti,2024-04-20,Agriculture,Life,240111,240111,44521,344690,Jaipur,North,290,Light Rain,Hospitalization,Branch,57,Female,Settled,30,No,0.7
C2608-C,P21038-X,Sahil Batta,2024-01-05,Agriculture,Life,163155,163155,12174,233763,Chennai,South,210,Flood,Flood Damage,Online,32,Other,Settled,5,No,0.7
C5853-Q,P97295-W,Dharmajan Sandhu,2024-05-14,Health,Life,67997,67997,18248,296636,Mumbai,West,178,Light Rain,Crop Loss,Agent,62,Female,Pending,30,No,0.23
C8541-Q,P36934-J,Umang Chana,2024-09-27,Vehicle,Property,44953,44953,46128,176259,Bangalore,South,241,Heavy Rain,Hospitalization,Mobile App,55,Female,Settled,25,No,0.26
C4604-Z,P57959-P,Nishith Bakshi,2024-07-27,Health,Agriculture,107990,107990,7723,381077,Chennai,South,61,Heavy Rain,Road Accident,Mobile App,66,Male,Pending,12,No,0.28
C9199-C,P40171-F,Samarth Kothari,2024-02-13,Health,Agriculture,152139,152139,44642,407921,Delhi,North,75,Heavy Rain,Hospitalization,Agent,31,Male,Settled,24,No,0.37
C4232-G,P76020-Y,Raghav Sehgal,2024-02-22,Vehicle,Vehicle,57071,57071,30845,237283,Lucknow,North,107,Moderate Rain,Flood Damage,Online,52,Male,Settled,13,No,0.24
C8997-I,P46930-G,Anvi Comar,2024-07-11,Property,Property,495965,495965,44215,755149,Bangalore,South,151,Moderate Rain,Road Accident,Agent,52,Female,Pending,20,No,0.66
C4551-R,P26279-V,Bhamini Srinivasan,2024-07-03,Property,Life,111614,111614,36798,293916,Jaipur,North,218,Flood,Road Accident,Branch,53,Male,Pending,18,No,0.38
C6677-N,P84897-K,Prerak Singhal,2024-02-02,Agriculture,Agriculture,135408,135408,45976,254103,Delhi,North,287,Moderate Rain,House Damage,Online,40,Male,Settled,14,No,0.53
C8660-W,P26022-M,Anay Thakur,2024-01-03,Vehicle,Life,92634,92634,30320,346898,Chennai,South,90,Flood,House Damage,Branch,46,Male,Settled,15,No,0.27
C8358-D,P61386-C,Emir Sagar,2024-06-13,Health,Agriculture,112885,112885,47012,246274,Delhi,North,180,Flood,Crop Loss,Branch,28,Other,Pending,11,No,0.46
C8056-A,P80850-X,Kiara Tiwari,2024-12-28,Vehicle,Agriculture,84984,84984,21387,312024,Lucknow,North,105,Flood,Hospitalization,Online,62,Female,Settled,17,No,0.27
C3671-Z,P64937-Y,Faiyaz Bera,2024-09-06,Property,Property,319984,319984,40050,485205,Lucknow,North,55,Flood,Hospitalization,Mobile App,69,Female,Settled,9,No,0.66
C8979-A,P97565-O,Ivan Khare,2024-02-20,Health,Agriculture,67975,67975,43580,172067,Bangalore,South,114,Moderate Rain,Road Accident,Branch,27,Male,Settled,12,No,0.4
C7114-J,P10759-R,Khushi Manda,2024-07-02,Health,Vehicle,72508,72508,37750,326840,Bangalore,South,102,Flood,Crop Loss,Mobile App,43,Male,Rejected,20,No,0.22
C1827-D,P67827-Q,Keya Wable,2024-03-26,Agriculture,Property,216264,216264,7594,350539,Delhi,North,207,Flood,Road Accident,Online,38,Other,Settled,18,No,0.62
C3105-S,P12102-H,Alisha Dash,2024-10-23,Vehicle,Vehicle,34527,34527,30401,99063,Bangalore,South,107,Light Rain,Flood Damage,Online,27,Male,Settled,3,No,0.35
C2776-T,P65110-C,Shayak Bumb,2024-07-04,Vehicle,Property,83086,80204,19548,377754,Hyderabad,South,214,Light Rain,Crop Loss,Mobile App,55,Female,Pending,28,No,0.22
C8771-O,P90391-I,Anahi Agarwal,2024-05-11,Agriculture,Agriculture,220346,220346,37518,280543,Lucknow,North,112,Heavy Rain,House Damage,Agent,21,Male,Settled,20,No,0.79
C3826-L,P97389-E,Prerak Rana,2024-09-05,Vehicle,Property,66705,66705,21510,343881,Bangalore,South,81,Light Rain,Flood Damage,Agent,22,Other,Pending,26,No,0.19
C1295-D,P31489-S,Kiaan Karpe,2024-12-17,Agriculture,Life,171048,111633,5601,414952,Ahmedabad,West,143,Flood,Road Accident,Mobile App,26,Other,Pending,21,No,0.41
C7453-O,P69837-B,Saira Reddy,2024-03-02,Health,Life,94417,94417,46587,227763,Pune,West,252,Moderate Rain,Hospitalization,Mobile App,30,Female,Settled,11,No,0.41
C2621-W,P48244-Z,Renee Salvi,2024-02-17,Health,Agriculture,89681,89681,10125,218615,Mumbai,West,298,Flood,Flood Damage,Online,39,Female,Settled,10,No,0.41
C4993-N,P86383-B,Lakshay Kant,2024-09-28,Agriculture,Agriculture,116705,116705,43229,169988,Chennai,South,213,Light Rain,Hospitalization,Mobile App,28,Female,Settled,10,No,0.69
C6838-X,P85494-K,Dhruv Hari,2024-04-02,Agriculture,Health,63367,63367,42363,295542,Lucknow,North,140,Light Rain,Flood Damage,Branch,52,Other,Settled,6,Yes,0.21
C7480-P,P40798-E,Ehsaan Devi,2024-10-21,Health,Property,47638,47638,12712,309288,Jaipur,North,80,Heavy Rain,House Damage,Mobile App,59,Male,Rejected,18,No,0.15
C9383-N,P87514-T,Pihu Dar,2024-07-06,Property,Agriculture,222173,222173,40984,491161,Lucknow,North,259,Flood,Hospitalization,Mobile App,51,Male,Pending,18,No,0.45
C2660-N,P60996-J,Misha Bhakta,2024-07-15,Health,Property,198069,198069,12121,355997,Kolkata,East,125,Light Rain,Flood Damage,Online,28,Other,Pending,24,No,0.56
C3265-N,P63407-K,Nitara Babu,2024-11-12,Agriculture,Agriculture,88817,88817,48047,241565,Hyderabad,South,229,Heavy Rain,Hospitalization,Mobile App,68,Female,Pending,28,No,0.37
C6599-W,P90259-Q,Ojas Mand,2024-11-15,Health,Health,91136,91136,35639,161826,Ahmedabad,West,212,Moderate Rain,Crop Loss,Agent,27,Other,Settled,4,No,0.56
C7856-V,P30583-A,Ayesha Mannan,2024-05-18,Vehicle,Vehicle,127708,127708,16292,280549,Ahmedabad,West,84,Flood,Hospitalization,Branch,60,Male,Settled,15,No,0.46
C9526-U,P83276-V,Saksham Aggarwal,2024-10-21,Health,Life,181509,181509,32153,249535,Pune,West,50,Heavy Rain,Flood Damage,Online,69,Male,Settled,4,No,0.73
C3264-O,P56804-W,Nehmat Taneja,2024-02-05,Vehicle,Property,145607,145607,28475,273533,Pune,West,189,Light Rain,Road Accident,Agent,20,Male,Settled,4,No,0.53
C8301-Z,P98111-F,Ehsaan Joshi,2024-09-17,Vehicle,Health,128250,121878,12701,323897,Ahmedabad,West,149,Heavy Rain,House Damage,Agent,64,Female,Pending,7,No,0.4
C5840-I,P84444-V,Divit Lall,2024-01-25,Property,Vehicle,492792,492792,22882,673733,Hyderabad,South,257,Flood,Hospitalization,Agent,40,Male,Settled,11,No,0.73
C7905-T,P72198-K,Raunak Sawhney,2024-05-23,Agriculture,Vehicle,138292,138292,42584,345756,Jaipur,North,187,Flood,Flood Damage,Mobile App,66,Male,Rejected,20,No,0.4
C1245-F,P85979-S,Nitara Soni,2024-12-16,Property,Health,378652,378652,13752,515988,Hyderabad,South,82,Heavy Rain,Flood Damage,Agent,26,Female,Settled,4,No,0.73
C8506-F,P78752-M,Ivan Thakkar,2024-05-03,Property,Health,177962,177962,11010,399565,Chennai,South,57,Light Rain,Flood Damage,Mobile App,60,Female,Pending,17,No,0.45
C9682-E,P44373-N,Ela Din,2024-12-22,Vehicle,Agriculture,74631,74631,11268,171144,Chennai,South,215,Flood,House Damage,Agent,53,Female,Settled,13,Yes,0.44
C8233-F,P36227-U,Mannat Agarwal,2024-12-15,Agriculture,Agriculture,238227,238227,38391,340958,Bangalore,South,71,Moderate Rain,Hospitalization,Agent,69,Female,Pending,8,No,0.7
C4372-E,P62381-C,Chirag Khalsa,2024-09-27,Agriculture,Health,122840,122840,39315,313039,Chennai,South,285,Light Rain,House Damage,Online,26,Female,Settled,15,No,0.39
C1276-F,P45056-M,Lakshay Goswami,2024-05-19,Agriculture,Agriculture,54972,54972,17819,351088,Pune,West,85,Moderate Rain,Crop Loss,Branch,52,Female,Pending,28,No,0.16
C1150-N,P58085-Q,Taimur Jani,2024-09-08,Property,Life,491101,491101,37884,637108,Pune,West,262,Light Rain,Flood Damage,Online,63,Other,Pending,18,No,0.77
C6162-I,P84334-T,Adah Krishna,2024-10-20,Health,Property,69063,69063,14585,159998,Kolkata,East,57,Flood,House Damage,Mobile App,66,Female,Settled,7,No,0.43
C2054-K,P44752-X,Ranbir Lata,2024-05-27,Property,Vehicle,313853,313853,11735,549635,Pune,West,62,Moderate Rain,Road Accident,Mobile App,24,Other,Rejected,30,No,0.57
C3181-D,P21685-P,Aarav Batta,2024-04-02,Property,Property,368893,368893,36271,632040,Ahmedabad,West,123,Light Rain,Crop Loss,Online,46,Female,Pending,23,No,0.58
C8909-U,P51842-O,Ishaan Kant,2024-10-23,Health,Life,80241,80241,37645,189176,Chennai,South,268,Flood,Crop Loss,Online,52,Male,Rejected,23,No,0.42
C6644-E,P16325-H,Lakshit Tank,2024-12-17,Vehicle,Property,99833,99833,43804,336915,Mumbai,West,269,Flood,Flood Damage,Mobile App,62,Other,Settled,11,No,0.3
C7241-P,P17687-L,Vivaan Sani,2024-01-03,Agriculture,Life,250675,250675,23393,331521,Mumbai,West,224,Flood,Flood Damage,Mobile App,69,Other,Pending,20,No,0.76
C2736-B,P55118-L,Mamooty Toor,2024-01-15,Property,Agriculture,437136,437136,45234,507752,Pune,West,158,Light Rain,Road Accident,Mobile App,65,Other,Pending,30,No,0.86
C1250-J,P52491-V,Nakul Raj,2024-06-24,Property,Health,217606,191488,7086,502738,Kolkata,East,92,Moderate Rain,House Damage,Mobile App,56,Other,Pending,14,No,0.43
C8535-C,P72337-J,Aarna Sridhar,2024-06-03,Agriculture,Agriculture,214243,214243,19952,494824,Pune,West,189,Heavy Rain,Road Accident,Agent,59,Other,Pending,27,No,0.43
C7776-W,P92927-K,Aaina Sethi,2024-03-07,Property,Health,216892,216892,31427,277063,Hyderabad,South,231,Light Rain,Hospitalization,Mobile App,26,Other,Pending,18,No,0.78
C7082-R,P44340-N,Tiya Gandhi,2024-04-04,Health,Life,133695,133695,22107,189990,Lucknow,North,195,Heavy Rain,Road Accident,Online,67,Other,Settled,28,No,0.7
C6702-F,P45081-F,Ela Sahota,2024-09-09,Health,Health,57286,57286,41119,305566,Hyderabad,South,230,Heavy Rain,Crop Loss,Mobile App,47,Male,Pending,4,No,0.19
C1901-X,P46856-H,Tanya Kalla,2024-07-31,Agriculture,Vehicle,265167,265167,31964,342527,Lucknow,North,193,Moderate Rain,Flood Damage,Mobile App,39,Female,Pending,15,No,0.77
C7622-H,P26476-M,Sahil D’Alia,2024-09-03,Property,Vehicle,320761,320761,20453,481369,Jaipur,North,214,Flood,Flood Damage,Online,19,Female,Settled,26,No,0.67
C2465-E,P47497-P,Yuvraj  Anne,2024-12-18,Vehicle,Agriculture,124278,124278,11977,298496,Ahmedabad,West,245,Moderate Rain,Road Accident,Branch,70,Male,Rejected,12,Yes,0.42
C2423-Y,P26667-T,Aarna Bail,2024-12-10,Health,Property,192511,192511,38013,338128,Pune,West,102,Heavy Rain,Crop Loss,Branch,18,Female,Settled,17,Yes,0.57
C3895-J,P90697-C,Tanya Sodhi,2024-05-20,Vehicle,Life,47573,47573,11663,210415,Pune,West,188,Flood,Hospitalization,Agent,19,Female,Settled,7,No,0.23
C6252-K,P31750-C,Trisha Vohra,2024-11-17,Health,Health,87863,47752,16709,254497,Pune,West,245,Moderate Rain,Road Accident,Mobile App,31,Female,Settled,6,No,0.35
C6642-I,P44463-C,Aradhya Banerjee,2024-08-29,Agriculture,Property,240897,240897,31566,440758,Mumbai,West,75,Heavy Rain,Flood Damage,Online,46,Female,Settled,27,No,0.55
C2134-Y,P50119-T,Kanav Kuruvilla,2024-11-08,Property,Agriculture,318478,318478,13143,487066,Lucknow,North,88,Moderate Rain,House Damage,Agent,25,Other,Settled,6,No,0.65
C3802-U,P86083-C,Ivana Lata,2024-02-02,Vehicle,Property,62216,62216,42766,191165,Hyderabad,South,56,Light Rain,Road Accident,Agent,33,Male,Settled,21,No,0.33
C4499-C,P94562-C,Neelofar Sama,2024-08-03,Agriculture,Agriculture,140954,140954,25277,271987,Hyderabad,South,59,Flood,Flood Damage,Mobile App,48,Male,Pending,9,No,0.52
C3540-F,P62183-L,Priyansh Chakraborty,2024-11-08,Vehicle,Agriculture,55886,55886,18008,135918,Kolkata,East,81,Heavy Rain,Crop Loss,Agent,30,Other,Settled,6,No,0.41
C9574-J,P21310-O,Gokul Srivastava,2024-04-23,Vehicle,Agriculture,123573,123573,26629,254371,Kolkata,East,287,Light Rain,Flood Damage,Agent,37,Female,Settled,29,No,0.49
C1036-P,P33445-J,Prisha Krishnan,2024-10-09,Vehicle,Life,43660,43660,48247,295673,Hyderabad,South,54,Flood,Road Accident,Branch,44,Other,Settled,17,No,0.15
C8748-G,P11121-L,Vivaan Desai,2024-05-09,Agriculture,Life,221217,221217,38521,387727,Bangalore,South,255,Light Rain,Hospitalization,Mobile App,43,Female,Settled,3,Yes,0.57
C4141-W,P42623-Q,Advik Bera,2024-08-31,Vehicle,Vehicle,39762,23094,6239,222128,Mumbai,West,193,Flood,Road Accident,Branch,41,Other,Settled,13,No,0.18
C7854-O,P10312-Q,Romil Kunda,2024-03-10,Agriculture,Property,54951,54951,31332,280091,Bangalore,South,53,Heavy Rain,Crop Loss,Branch,64,Female,Rejected,6,No,0.2
C2471-I,P45552-S,Adah Karpe,2024-06-25,Health,Property,189512,189512,42810,477762,Delhi,North,292,Flood,Flood Damage,Branch,37,Male,Settled,30,No,0.4
C9104-C,P21633-Z,Vanya Devan,2024-11-06,Vehicle,Life,33030,33030,19849,327478,Lucknow,North,259,Moderate Rain,Crop Loss,Online,49,Female,Settled,16,No,0.1
C9168-A,P73851-B,Riya Ravel,2024-03-16,Agriculture,Health,153218,153218,35169,259876,Delhi,North,219,Heavy Rain,Road Accident,Online,68,Male,Settled,10,No,0.59
C6744-L,P79554-U,Jivin Vyas,2024-01-23,Agriculture,Life,291078,291078,46218,350871,Lucknow,North,295,Moderate Rain,Flood Damage,Branch,53,Male,Settled,16,No,0.83
C2871-I,P84605-D,Diya Mannan,2024-11-15,Agriculture,Property,70434,70434,33418,121031,Mumbai,West,113,Light Rain,Crop Loss,Branch,64,Other,Settled,26,No,0.58
C9613-H,P80220-U,Uthkarsh Suresh,2024-04-27,Property,Property,253708,253708,47465,427164,Delhi,North,253,Light Rain,Hospitalization,Online,36,Female,Settled,23,No,0.59
C3889-O,P71484-J,Misha Ganguly,2024-06-22,Property,Health,103892,103892,14152,274701,Lucknow,North,288,Flood,Road Accident,Mobile App,28,Other,Pending,16,No,0.38
C6383-L,P34502-Y,Zara Luthra,2024-07-01,Agriculture,Life,279707,218629,19048,360838,Delhi,North,159,Flood,Hospitalization,Branch,70,Male,Rejected,23,No,0.78
C7236-O,P17332-W,Gokul Grover,2024-06-28,Health,Agriculture,89779,89779,44974,303762,Ahmedabad,West,77,Heavy Rain,Hospitalization,Branch,70,Other,Pending,15,No,0.3
C2404-E,P19484-U,Shaan Gara,2024-04-29,Vehicle,Life,68696,68696,18357,202334,Hyderabad,South,134,Light Rain,House Damage,Branch,56,Male,Settled,12,No,0.34
C5041-I,P61445-Y,Prerak Chakrabarti,2024-08-06,Health,Property,157385,157385,23212,450769,Pune,West,154,Light Rain,Crop Loss,Mobile App,30,Female,Settled,4,No,0.35
C2593-D,P10257-W,Aradhya Thaman,2024-03-20,Vehicle,Vehicle,111826,111826,13243,263643,Chennai,South,260,Moderate Rain,Road Accident,Online,66,Other,Pending,9,No,0.42
C1723-D,P92793-W,Mehul Bhavsar,2024-08-14,Health,Property,56848,56848,12773,320459,Bangalore,South,294,Light Rain,Flood Damage,Mobile App,57,Male,Settled,18,No,0.18
C9692-Y,P53730-F,Nishith Jani,2024-05-09,Health,Vehicle,131806,131806,9914,269929,Bangalore,South,186,Flood,Flood Damage,Mobile App,60,Other,Settled,6,No,0.49
C9617-K,P62328-Z,Lakshit Ganguly,2024-01-21,Property,Property,486376,486376,45598,743515,Jaipur,North,64,Flood,Crop Loss,Branch,26,Male,Pending,25,No,0.65
C3882-L,P71635-K,Onkar Gandhi,2024-06-05,Vehicle,Agriculture,112942,112942,11977,168114,Mumbai,West,75,Light Rain,Road Accident,Agent,46,Male,Settled,19,No,0.67
C2083-F,P33040-Q,Stuvan Sawhney,2024-04-06,Property,Life,177593,108788,15795,274434,Ahmedabad,West,191,Moderate Rain,Flood Damage,Mobile App,29,Other,Settled,8,No,0.65
C7172-Q,P65630-H,Hrishita Zachariah,2024-12-10,Vehicle,Health,80121,56110,9837,280280,Chennai,South,191,Light Rain,Hospitalization,Online,68,Other,Settled,16,No,0.29
C4493-F,P82760-V,Emir Shankar,2024-04-05,Property,Vehicle,248357,248357,15626,397890,Bangalore,South,241,Flood,Hospitalization,Mobile App,44,Female,Settled,22,No,0.62
C4588-M,P77088-F,Manikya Dugar,2024-01-25,Agriculture,Property,243661,243661,33870,424993,Kolkata,East,149,Moderate Rain,House Damage,Online,20,Other,Settled,19,No,0.57
C3743-D,P48509-B,Samiha Kulkarni,2024-06-15,Health,Life,31254,31254,10382,181361,Jaipur,North,229,Heavy Rain,Road Accident,Online,64,Male,Pending,18,No,0.17
C9338-H,P41416-A,Ahana  Varty,2024-07-02,Health,Life,24657,24657,11061,304983,Delhi,North,209,Light Rain,Road Accident,Mobile App,51,Other,Settled,19,No,0.08
C5291-N,P26138-R,Rhea Bala,2024-08-04,Health,Vehicle,178221,161258,18317,338929,Mumbai,West,62,Heavy Rain,Flood Damage,Agent,32,Female,Settled,10,No,0.53
C2242-S,P52460-G,Farhan Dhingra,2024-04-19,Health,Vehicle,22522,22522,22334,107977,Jaipur,North,170,Flood,Road Accident,Mobile App,49,Female,Settled,3,No,0.21
C6970-I,P78989-Y,Advika Brahmbhatt,2024-10-08,Property,Property,276972,276972,46164,328213,Hyderabad,South,219,Moderate Rain,House Damage,Branch,60,Male,Rejected,21,No,0.84
C5108-R,P10345-P,Gokul Bumb,2024-09-25,Property,Health,362786,362786,41621,572245,Ahmedabad,West,166,Flood,House Damage,Mobile App,32,Female,Settled,20,No,0.63
C9703-C,P81998-Q,Badal Lall,2024-04-30,Health,Agriculture,168829,168829,22514,414016,Chennai,South,107,Moderate Rain,House Damage,Online,43,Other,Settled,26,No,0.41
C5752-B,P38572-T,Lagan Divan,2024-11-17,Property,Health,263427,263427,22047,409735,Mumbai,West,88,Flood,Hospitalization,Mobile App,48,Female,Pending,22,No,0.64
C1564-H,P46481-K,Rania Krishna,2024-01-27,Vehicle,Vehicle,132572,103804,22662,316518,Delhi,North,72,Heavy Rain,Flood Damage,Mobile App,40,Male,Settled,24,No,0.42
C2480-Z,P37092-F,Mehul Chauhan,2024-06-06,Agriculture,Agriculture,115694,115694,29103,277699,Hyderabad,South,165,Light Rain,Hospitalization,Mobile App,54,Female,Rejected,3,No,0.42
C3416-A,P69608-Q,Arhaan Mangal,2024-04-03,Property,Life,355594,323212,16277,424538,Pune,West,181,Light Rain,Crop Loss,Agent,51,Male,Settled,16,No,0.84
C5833-Q,P21914-Y,Divyansh Gole,2024-09-24,Vehicle,Agriculture,138081,134412,32611,361126,Jaipur,North,78,Light Rain,House Damage,Agent,60,Other,Settled,19,Yes,0.38
C2941-I,P34760-I,Tejas Sandal,2024-11-24,Property,Property,302647,302647,46323,450866,Pune,West,87,Moderate Rain,House Damage,Branch,28,Male,Settled,5,No,0.67
C4270-C,P63707-G,Tushar Guha,2024-07-14,Health,Property,101130,101130,8477,254690,Delhi,North,153,Flood,Flood Damage,Mobile App,42,Other,Settled,6,No,0.4
C6973-X,P15250-C,Ishita Kakar,2024-02-11,Agriculture,Life,101547,101547,37837,380898,Hyderabad,South,166,Heavy Rain,Crop Loss,Branch,65,Male,Settled,5,No,0.27
C2835-K,P63279-J,Kabir Tailor,2024-08-28,Vehicle,Life,77816,77816,49717,208000,Ahmedabad,West,293,Heavy Rain,Road Accident,Online,48,Other,Settled,7,No,0.37
C8152-B,P75738-N,Yuvraj  Handa,2024-12-11,Vehicle,Property,66976,66976,43299,225203,Chennai,South,185,Flood,House Damage,Agent,46,Other,Pending,3,No,0.3
C2223-D,P28059-L,Shaan Gopal,2024-04-23,Health,Health,147411,147411,6560,427739,Chennai,South,53,Moderate Rain,Flood Damage,Branch,22,Male,Pending,15,No,0.34
C1241-B,P93354-J,Navya Barman,2024-11-23,Property,Vehicle,180085,180085,23818,245465,Ahmedabad,West,128,Light Rain,Hospitalization,Branch,51,Other,Settled,28,No,0.73
C3085-E,P75759-G,Dhanuk Char,2024-03-05,Agriculture,Health,163922,163922,25689,335389,Bangalore,South,68,Flood,House Damage,Mobile App,37,Male,Pending,5,Yes,0.49
C7284-Q,P33170-Q,Nirvi Dalal,2024-10-12,Health,Health,186948,186948,11921,280806,Ahmedabad,West,107,Flood,Crop Loss,Mobile App,23,Other,Settled,12,No,0.67
C9289-U,P71604-R,Aniruddh Aggarwal,2024-01-27,Health,Life,28618,28618,33224,87165,Bangalore,South,233,Flood,Crop Loss,Agent,28,Female,Settled,26,No,0.33
C7300-D,P45558-H,Trisha Chauhan,2024-12-30,Health,Life,106612,106612,27154,212622,Pune,West,192,Moderate Rain,House Damage,Mobile App,62,Male,Pending,29,No,0.5
C2724-H,P66715-F,Tushar Bandi,2024-02-06,Property,Agriculture,431722,431722,21529,634108,Kolkata,East,170,Heavy Rain,Flood Damage,Mobile App,67,Male,Rejected,22,No,0.68
C5351-L,P82324-Q,Tanya Amble,2024-01-24,Vehicle,Agriculture,60730,60730,32663,158000,Mumbai,West,178,Moderate Rain,Hospitalization,Mobile App,51,Other,Settled,3,No,0.38
C1984-R,P51277-G,Pranay Ahuja,2024-11-18,Property,Vehicle,383788,383788,22757,635635,Hyderabad,South,113,Moderate Rain,Flood Damage,Agent,65,Female,Settled,21,No,0.6
C4352-Q,P69953-F,Zain Kumer,2024-05-01,Property,Health,267648,267648,29616,406781,Delhi,North,51,Light Rain,House Damage,Online,37,Other,Settled,29,No,0.66
C1957-V,P72149-Z,Pari Wadhwa,2024-01-31,Health,Vehicle,71312,71312,18005,291784,Pune,West,126,Flood,House Damage,Mobile App,45,Male,Settled,16,No,0.24
C2002-N,P69883-K,Tara Badal,2024-09-10,Agriculture,Life,210666,210666,12439,449741,Hyderabad,South,109,Heavy Rain,Road Accident,Branch,61,Male,Settled,16,No,0.47
C2763-B,P12596-L,Kaira Jayaraman,2024-11-07,Health,Life,68325,68325,40875,267943,Ahmedabad,West,184,Moderate Rain,Crop Loss,Online,53,Other,Rejected,28,No,0.25
C4957-W,P50440-O,Badal Mani,2024-01-25,Health,Life,77263,77263,8379,214897,Pune,West,269,Light Rain,Hospitalization,Online,32,Male,Settled,3,No,0.36
C7952-F,P24484-V,Zaina Ganguly,2024-02-26,Agriculture,Property,253536,253536,47915,391973,Kolkata,East,227,Moderate Rain,House Damage,Mobile App,66,Male,Settled,22,No,0.65
C7776-X,P45580-X,Zaina Kurian,2024-12-29,Vehicle,Health,32093,17844,29222,244542,Chennai,South,203,Heavy Rain,House Damage,Branch,37,Male,Pending,25,No,0.13
C8785-I,P54589-R,Hridaan Sathe,2024-11-30,Property,Agriculture,399826,399826,12158,567794,Mumbai,West,219,Moderate Rain,Hospitalization,Branch,40,Female,Settled,10,No,0.7
C1328-K,P72346-I,Dharmajan Kashyap,2024-06-23,Property,Life,287918,287918,32913,446758,Ahmedabad,West,102,Flood,Flood Damage,Online,34,Female,Rejected,10,No,0.64
C5214-Q,P72194-Z,Damini Thaman,2024-09-15,Health,Agriculture,66778,51754,19702,355440,Hyderabad,South,191,Flood,Crop Loss,Mobile App,63,Other,Settled,26,No,0.19
C2513-V,P94542-B,Alisha Batra,2024-05-26,Property,Vehicle,145557,145557,22378,276803,Jaipur,North,203,Flood,House Damage,Agent,38,Other,Pending,30,No,0.53
C6410-O,P52448-V,Prisha Borra,2024-09-22,Health,Health,93614,93614,37473,156594,Ahmedabad,West,214,Heavy Rain,Flood Damage,Online,57,Female,Pending,10,No,0.6
C6581-F,P59953-R,Yuvaan Sen,2024-10-19,Health,Vehicle,184845,184845,42304,333620,Jaipur,North,102,Moderate Rain,Crop Loss,Agent,39,Male,Settled,30,No,0.55
C5441-W,P38197-G,Miraan Boase,2024-12-28,Property,Vehicle,262847,182223,36086,360809,Lucknow,North,261,Heavy Rain,House Damage,Agent,25,Female,Settled,16,No,0.73
C7885-G,P72883-J,Eva Mannan,2024-07-18,Agriculture,Vehicle,101687,95318,39083,315293,Bangalore,South,157,Moderate Rain,Road Accident,Agent,22,Other,Settled,23,No,0.32
C1266-M,P40728-R,Misha Sama,2024-03-23,Property,Life,407462,407462,13437,638887,Ahmedabad,West,190,Light Rain,Hospitalization,Online,37,Other,Pending,4,No,0.64
C5843-W,P83657-W,Vihaan Toor,2024-02-28,Health,Property,110091,110091,35488,229773,Lucknow,North,137,Moderate Rain,Road Accident,Agent,50,Other,Pending,21,No,0.48
C8090-J,P63584-A,Indrans Mand,2024-02-20,Agriculture,Life,282161,282161,34608,436331,Mumbai,West,168,Heavy Rain,Road Accident,Mobile App,30,Other,Pending,15,No,0.65
C9307-N,P55992-Z,Hansh Koshy,2024-05-13,Health,Property,108891,108891,20251,323987,Jaipur,North,143,Moderate Rain,Road Accident,Branch,35,Other,Pending,18,No,0.34
C3637-D,P78449-J,Aarna Singhal,2024-02-13,Property,Agriculture,219805,219805,49506,371703,Bangalore,South,110,Moderate Rain,Flood Damage,Mobile App,18,Female,Settled,11,No,0.59
C3014-I,P92211-W,Ritvik Krishna,2024-11-13,Health,Agriculture,86654,86654,30361,160189,Chennai,South,130,Moderate Rain,House Damage,Online,50,Male,Pending,30,No,0.54
C4474-E,P94100-A,Nitara Dar,2024-07-13,Vehicle,Agriculture,145562,145562,45738,400336,Bangalore,South,157,Light Rain,House Damage,Mobile App,62,Female,Pending,23,No,0.36
C9860-P,P32030-I,Piya Goyal,2024-09-26,Property,Property,356035,356035,44975,424953,Hyderabad,South,279,Moderate Rain,Flood Damage,Branch,53,Female,Settled,26,No,0.84
C3480-W,P58466-C,Shlok Doctor,2024-06-21,Vehicle,Life,125076,125076,34403,257163,Hyderabad,South,54,Moderate Rain,House Damage,Mobile App,27,Male,Settled,6,No,0.49
C3361-E,P33339-R,Ayesha Savant,2024-05-09,Health,Agriculture,158871,158871,16142,415858,Lucknow,North,166,Flood,Road Accident,Agent,56,Male,Rejected,7,Yes,0.38
C8339-Q,P10659-N,Romil Dhaliwal,2024-04-28,Vehicle,Life,122747,122747,14398,202170,Kolkata,East,191,Flood,Hospitalization,Agent,34,Female,Rejected,16,No,0.61
C2841-N,P27681-U,Misha Ramaswamy,2024-11-15,Vehicle,Agriculture,90881,90881,49933,328097,Jaipur,North,266,Moderate Rain,Road Accident,Online,53,Other,Pending,9,No,0.28
C2272-W,P42415-P,Miraya Rastogi,2024-04-27,Property,Vehicle,342723,342723,5262,436085,Lucknow,North,100,Heavy Rain,Flood Damage,Mobile App,40,Other,Settled,24,No,0.79
C1995-P,P20142-C,Khushi Sandhu,2024-09-10,Agriculture,Agriculture,177711,177711,25928,323106,Jaipur,North,86,Heavy Rain,Hospitalization,Agent,27,Other,Pending,15,No,0.55
C1921-N,P99785-E,Romil Sura,2024-03-12,Agriculture,Vehicle,132350,132350,45782,183369,Kolkata,East,180,Heavy Rain,Flood Damage,Agent,36,Male,Pending,25,No,0.72
C6458-E,P64339-Q,Alisha Yohannan,2024-05-02,Vehicle,Property,43352,43352,49394,201875,Ahmedabad,West,157,Moderate Rain,House Damage,Online,39,Male,Settled,22,No,0.21
C8432-G,P32957-T,Shanaya Agate,2024-11-19,Health,Health,117632,117111,49485,304773,Kolkata,East,83,Flood,Crop Loss,Online,70,Female,Pending,6,No,0.39
C8773-N,P96686-G,Ira Arora,2024-11-27,Agriculture,Life,220320,220320,48430,277398,Ahmedabad,West,140,Heavy Rain,House Damage,Agent,54,Female,Settled,5,No,0.79
C7204-F,P29929-I,Anaya Venkataraman,2024-01-11,Agriculture,Health,104061,104061,21445,220283,Hyderabad,South,177,Light Rain,Crop Loss,Online,69,Male,Pending,19,No,0.47
C1659-H,P82200-E,Arnav Kumar,2024-11-14,Vehicle,Health,126311,126311,29229,296646,Delhi,North,129,Heavy Rain,Crop Loss,Online,64,Male,Rejected,11,No,0.43
C5180-G,P93797-F,Ahana  Randhawa,2024-06-06,Health,Vehicle,100815,100815,10512,377493,Ahmedabad,West,84,Heavy Rain,Hospitalization,Branch,29,Other,Pending,21,No,0.27
C4753-Q,P37678-K,Khushi Majumdar,2024-12-20,Agriculture,Health,259277,259277,7161,431189,Jaipur,North,196,Moderate Rain,Crop Loss,Agent,21,Other,Pending,29,No,0.6
C3493-S,P22027-Y,Jivika Konda,2024-09-21,Agriculture,Vehicle,287869,287869,24962,391175,Chennai,South,91,Heavy Rain,Crop Loss,Mobile App,56,Other,Pending,17,No,0.74
C5144-F,P34391-P,Purab Rattan,2024-11-12,Vehicle,Property,42235,42235,47651,211028,Mumbai,West,114,Light Rain,House Damage,Mobile App,19,Other,Pending,6,No,0.2
C8877-W,P30113-L,Aniruddh Dhillon,2024-11-02,Property,Life,103836,103836,20732,334761,Jaipur,North,156,Moderate Rain,House Damage,Mobile App,24,Female,Settled,13,No,0.31
C4197-A,P12712-V,Indrans Bal,2024-11-19,Health,Property,42784,42784,9238,133594,Mumbai,West,137,Heavy Rain,Flood Damage,Branch,31,Female,Settled,21,No,0.32
C8320-G,P22625-C,Prisha Ganesan,2024-10-06,Agriculture,Property,113415,113415,13528,406588,Jaipur,North,257,Flood,House Damage,Online,33,Female,Pending,12,No,0.28
C5011-P,P84255-W,Kaira Rajagopalan,2024-03-10,Property,Vehicle,311917,287504,25720,469851,Delhi,North,279,Moderate Rain,Crop Loss,Mobile App,24,Other,Settled,25,No,0.66
C6326-O,P44661-L,Jayan Shroff,2024-09-10,Property,Health,152090,152090,45341,437585,Ahmedabad,West,290,Light Rain,Hospitalization,Online,68,Male,Settled,16,No,0.35
C1556-F,P27390-V,Aarna D’Alia,2024-07-03,Vehicle,Life,64906,64906,45664,161089,Pune,West,284,Moderate Rain,Flood Damage,Online,31,Male,Settled,29,No,0.4
C8955-E,P58603-D,Diya Trivedi,2024-07-27,Property,Health,311498,285117,18384,459886,Bangalore,South,55,Moderate Rain,Flood Damage,Agent,42,Other,Pending,13,No,0.68
C8549-L,P70539-N,Miraan Mand,2024-09-14,Property,Agriculture,177190,177190,5919,277778,Chennai,South,259,Flood,Road Accident,Online,24,Male,Pending,10,No,0.64
C2152-E,P12806-E,Pihu Swaminathan,2024-12-07,Vehicle,Vehicle,142836,142836,10039,404473,Mumbai,West,158,Light Rain,House Damage,Online,52,Female,Pending,12,No,0.35
C4383-J,P12226-U,Keya Barman,2024-12-10,Vehicle,Vehicle,130561,130561,41064,357920,Ahmedabad,West,137,Heavy Rain,Road Accident,Branch,23,Other,Pending,29,No,0.36
C8440-U,P75413-A,Jivika Bassi,2024-05-23,Vehicle,Health,37829,37829,41386,145786,Pune,West,132,Heavy Rain,Road Accident,Agent,21,Female,Settled,27,No,0.26
C2558-G,P23877-Q,Nishith Borah,2024-06-17,Vehicle,Property,112676,112676,14758,336197,Pune,West,249,Heavy Rain,Hospitalization,Mobile App,64,Male,Settled,20,No,0.34
C3749-L,P13473-X,Prerak Acharya,2024-09-14,Health,Vehicle,78621,78621,32965,224413,Bangalore,South,175,Heavy Rain,Hospitalization,Mobile App,68,Female,Settled,27,No,0.35
C3898-J,P54645-J,Ehsaan Keer,2024-12-08,Health,Life,148761,148761,40563,266768,Bangalore,South,52,Moderate Rain,House Damage,Mobile App,23,Female,Pending,18,No,0.56
C7063-W,P63801-X,Ritvik Sharaf,2024-07-30,Property,Health,299189,299189,23005,396466,Mumbai,West,127,Heavy Rain,Hospitalization,Mobile App,60,Other,Settled,13,No,0.75
C1571-R,P74604-S,Neelofar Baria,2024-08-09,Property,Life,447194,228603,47475,550009,Ahmedabad,West,98,Heavy Rain,Flood Damage,Agent,36,Male,Settled,21,No,0.81
C3936-U,P47951-L,Yakshit Wason,2024-08-08,Agriculture,Agriculture,290126,290126,14049,473706,Kolkata,East,74,Flood,Crop Loss,Agent,70,Female,Settled,13,No,0.61
C9939-F,P53473-U,Purab Tandon,2024-11-11,Vehicle,Agriculture,87347,87347,9261,180354,Kolkata,East,184,Flood,Hospitalization,Branch,64,Other,Settled,18,No,0.48
C4208-V,P88870-M,Navya Mander,2024-02-17,Health,Vehicle,171007,171007,8444,369630,Delhi,North,93,Light Rain,Hospitalization,Mobile App,70,Male,Settled,10,No,0.46
C9349-U,P94594-H,Anvi Kibe,2024-03-29,Health,Agriculture,185081,185081,49294,445267,Hyderabad,South,194,Light Rain,Road Accident,Branch,22,Other,Pending,26,No,0.42
C6533-M,P52157-V,Lagan Solanki,2024-04-10,Health,Vehicle,75789,75789,21988,249608,Hyderabad,South,297,Moderate Rain,Road Accident,Agent,50,Female,Settled,9,No,0.3
C9802-F,P78647-Z,Samar Goel,2024-08-21,Property,Vehicle,437030,423054,33904,724031,Bangalore,South,84,Heavy Rain,Crop Loss,Agent,51,Male,Settled,18,No,0.6
C7045-G,P19530-K,Aaryahi Raval,2024-12-14,Vehicle,Vehicle,129114,129114,46269,381975,Jaipur,North,258,Moderate Rain,Flood Damage,Mobile App,34,Female,Pending,28,No,0.34
C3556-P,P29651-A,Nakul Aurora,2024-01-08,Health,Health,134693,100921,29905,310694,Lucknow,North,235,Light Rain,Hospitalization,Mobile App,51,Female,Pending,21,No,0.43
C2504-I,P81510-U,Ryan Lala,2024-05-20,Health,Agriculture,141217,141217,26433,416115,Delhi,North,157,Heavy Rain,House Damage,Online,67,Other,Pending,16,No,0.34
C2633-U,P41091-I,Vanya Krishnamurthy,2024-01-05,Health,Vehicle,105084,105084,40720,394909,Pune,West,189,Flood,Crop Loss,Branch,51,Male,Settled,27,No,0.27
C5646-R,P21078-J,Eshani Maharaj,2024-02-22,Property,Vehicle,362982,362982,9697,445053,Pune,West,96,Heavy Rain,Flood Damage,Mobile App,26,Female,Settled,9,No,0.82
C3822-T,P10154-J,Anahita Lanka,2024-02-14,Agriculture,Property,202801,202801,20858,255733,Pune,West,66,Heavy Rain,Hospitalization,Mobile App,43,Female,Pending,16,No,0.79
C4406-O,P90898-N,Sana Sekhon,2024-01-17,Health,Agriculture,87331,87331,34939,244483,Lucknow,North,217,Light Rain,Hospitalization,Online,63,Other,Pending,9,No,0.36
C8777-R,P31205-I,Emir Ben,2024-10-07,Vehicle,Health,75349,75349,46633,242647,Chennai,South,85,Moderate Rain,Road Accident,Branch,67,Other,Settled,26,No,0.31
C8466-Y,P51441-V,Ira Butala,2024-04-03,Vehicle,Property,58854,58854,15250,281507,Jaipur,North,300,Moderate Rain,House Damage,Online,51,Male,Pending,27,No,0.21
C9446-E,P50783-Q,Ritvik Shetty,2024-12-17,Vehicle,Health,86938,86938,27673,142739,Ahmedabad,West,273,Flood,Crop Loss,Agent,45,Male,Settled,14,No,0.61
C2141-Z,P36929-G,Kavya Bobal,2024-02-06,Agriculture,Vehicle,112899,112899,21711,344198,Delhi,North,67,Flood,Crop Loss,Branch,59,Female,Settled,11,No,0.33
C6077-L,P46526-T,Shray Sehgal,2024-02-05,Vehicle,Agriculture,67424,67424,35183,249051,Delhi,North,219,Flood,House Damage,Online,37,Other,Pending,4,No,0.27
C1171-U,P76255-L,Yashvi Datta,2024-04-06,Property,Life,254301,254301,7337,492125,Delhi,North,112,Moderate Rain,Road Accident,Online,41,Male,Settled,7,No,0.52
C6219-C,P43681-M,Jhanvi Dhar,2024-05-21,Agriculture,Health,104023,104023,25361,392568,Kolkata,East,241,Moderate Rain,House Damage,Agent,33,Other,Settled,29,Yes,0.26
C2157-I,P98284-R,Yakshit Sathe,2024-10-19,Vehicle,Agriculture,74045,74045,31033,232115,Bangalore,South,70,Heavy Rain,Road Accident,Mobile App,22,Other,Rejected,23,No,0.32
C1906-C,P92075-Z,Piya Wable,2024-07-14,Agriculture,Agriculture,168684,168684,14138,245963,Kolkata,East,162,Heavy Rain,Crop Loss,Mobile App,28,Female,Settled,7,No,0.69
C9218-U,P95192-J,Damini Dhar,2024-12-30,Agriculture,Vehicle,184275,184275,14895,259789,Ahmedabad,West,208,Flood,Road Accident,Online,34,Female,Settled,13,No,0.71
C2220-D,P67848-C,Priyansh Aurora,2024-10-13,Property,Health,200254,200254,28255,320035,Lucknow,North,137,Moderate Rain,Crop Loss,Mobile App,57,Female,Settled,8,No,0.63
C5454-P,P69724-H,Stuvan Bains,2024-01-16,Property,Property,193367,193367,29872,277783,Chennai,South,185,Flood,Road Accident,Branch,48,Other,Pending,17,No,0.7
C3054-Q,P81101-Q,Sumer Garde,2024-07-06,Property,Health,129837,129837,8031,277202,Hyderabad,South,205,Flood,House Damage,Online,55,Female,Settled,17,No,0.47
C4570-D,P27313-N,Seher Saraf,2024-02-14,Property,Vehicle,141187,141187,25810,333850,Jaipur,North,85,Moderate Rain,Road Accident,Mobile App,62,Male,Settled,25,No,0.42
C5021-Z,P65891-X,Zeeshan Dar,2024-04-22,Vehicle,Vehicle,47308,47308,25275,138969,Mumbai,West,277,Moderate Rain,Hospitalization,Mobile App,39,Other,Pending,4,No,0.34
C4987-L,P65837-O,Nishith Roy,2024-07-23,Health,Health,139101,139101,7202,245751,Jaipur,North,219,Light Rain,Hospitalization,Mobile App,62,Male,Settled,22,No,0.57
C3611-U,P80226-D,Nirvaan Tripathi,2024-02-09,Property,Property,330638,330638,39308,408038,Kolkata,East,228,Flood,Road Accident,Mobile App,28,Male,Settled,12,No,0.81
C7540-E,P21369-M,Purab Krish,2024-05-14,Health,Health,93878,93878,15202,255591,Chennai,South,60,Heavy Rain,Crop Loss,Branch,52,Male,Settled,11,No,0.37
C1389-Q,P21559-H,Darshit Venkatesh,2024-09-20,Agriculture,Vehicle,183408,183408,28551,292437,Jaipur,North,90,Light Rain,Crop Loss,Mobile App,20,Female,Settled,10,No,0.63
C8479-K,P54675-J,Abram Goda,2024-01-08,Health,Agriculture,145997,145997,28707,380250,Bangalore,South,89,Light Rain,House Damage,Branch,40,Male,Settled,25,No,0.38
C2058-G,P22405-C,Raunak Bora,2024-03-22,Agriculture,Health,107895,66294,11777,172296,Lucknow,North,243,Moderate Rain,Hospitalization,Branch,64,Male,Settled,5,No,0.63
C6876-N,P18257-N,Nirvi Chaudhry,2024-10-19,Health,Life,126169,126169,49137,219985,Hyderabad,South,136,Light Rain,Flood Damage,Mobile App,62,Male,Settled,23,No,0.57
C1573-L,P10650-H,Kiara Vora,2024-01-01,Agriculture,Health,199340,199340,25805,339905,Lucknow,North,191,Heavy Rain,Flood Damage,Agent,61,Other,Settled,20,No,0.59
C9302-Y,P74502-W,Jayan Chacko,2024-03-10,Agriculture,Health,138152,138152,45439,213302,Delhi,North,278,Light Rain,Hospitalization,Online,22,Male,Settled,18,Yes,0.65
C9292-K,P30816-N,Taimur Ahuja,2024-02-02,Vehicle,Health,98373,98373,49493,185486,Kolkata,East,228,Light Rain,Hospitalization,Online,53,Male,Rejected,6,No,0.53
C2915-W,P32799-L,Eshani Dora,2024-12-13,Property,Health,304945,304945,27881,534889,Chennai,South,174,Heavy Rain,House Damage,Branch,63,Female,Settled,8,No,0.57
C4423-B,P19032-E,Divyansh Rege,2024-10-07,Health,Property,180716,180716,5388,434108,Jaipur,North,162,Moderate Rain,Crop Loss,Branch,29,Female,Settled,3,No,0.42
C2936-L,P13910-P,Kartik Ramesh,2024-11-02,Health,Vehicle,140530,140530,46824,428321,Ahmedabad,West,110,Light Rain,House Damage,Online,58,Other,Pending,25,No,0.33
C2920-S,P29650-A,Shaan Sarraf,2024-07-24,Health,Health,26211,26211,16686,256204,Lucknow,North,222,Heavy Rain,Crop Loss,Mobile App,65,Male,Pending,20,No,0.1
C5705-T,P65132-F,Ehsaan Rajagopal,2024-03-03,Vehicle,Health,50847,50847,47173,255843,Chennai,South,167,Light Rain,Flood Damage,Online,52,Other,Settled,26,No,0.2
C1908-U,P31724-E,Jhanvi Vohra,2024-11-25,Health,Property,58146,58146,16182,323506,Kolkata,East,131,Flood,Hospitalization,Mobile App,47,Male,Settled,26,No,0.18
C2722-J,P69279-O,Mishti Swaminathan,2024-05-27,Vehicle,Vehicle,67055,67055,31038,124251,Kolkata,East,235,Moderate Rain,Hospitalization,Online,33,Other,Settled,18,No,0.54
C9035-X,P12407-Q,Samiha Bhagat,2024-11-05,Property,Property,229919,229919,9344,429485,Lucknow,North,291,Flood,Road Accident,Agent,50,Male,Pending,17,No,0.54
C3515-S,P95867-V,Pihu Keer,2024-04-02,Property,Health,384819,384819,7618,536200,Delhi,North,236,Flood,Flood Damage,Agent,36,Other,Settled,16,No,0.72
C5244-L,P33310-C,Renee Dave,2024-05-07,Health,Health,111732,111732,39682,363188,Chennai,South,98,Flood,House Damage,Agent,20,Other,Settled,25,No,0.31
C8988-T,P51104-X,Akarsh Bassi,2024-11-03,Health,Life,149953,149953,29226,429707,Lucknow,North,85,Light Rain,Road Accident,Branch,38,Male,Settled,15,No,0.35
C1355-D,P52151-U,Elakshi Barman,2024-05-05,Vehicle,Vehicle,56027,56027,41505,192637,Hyderabad,South,147,Heavy Rain,Hospitalization,Mobile App,22,Male,Settled,20,No,0.29
C1821-Q,P72604-F,Raunak Varty,2024-04-11,Agriculture,Vehicle,108451,108451,22320,294563,Jaipur,North,102,Flood,House Damage,Mobile App,58,Male,Settled,11,No,0.37
C6156-V,P31913-K,Anahi Dube,2024-03-09,Vehicle,Health,104505,59100,34407,277256,Chennai,South,237,Flood,Hospitalization,Online,65,Male,Settled,3,No,0.38
C3496-B,P38076-Y,Fateh Seshadri,2024-01-13,Agriculture,Vehicle,243639,243639,44127,336876,Jaipur,North,231,Moderate Rain,House Damage,Branch,33,Male,Settled,13,No,0.72
C6946-R,P51448-B,Mishti Kade,2024-07-06,Property,Health,108575,108575,33045,340148,Kolkata,East,220,Moderate Rain,Crop Loss,Online,44,Other,Settled,5,No,0.32
C9955-D,P17479-Q,Kaira Bhatti,2024-07-19,Vehicle,Agriculture,36004,36004,9511,169175,Hyderabad,South,242,Heavy Rain,Road Accident,Online,20,Female,Settled,8,No,0.21
C2097-I,P21837-X,Darshit Gandhi,2024-10-15,Property,Life,435929,435929,37029,558085,Ahmedabad,West,156,Light Rain,Road Accident,Online,20,Male,Pending,16,Yes,0.78
C9329-W,P59452-A,Lakshit Sridhar,2024-09-08,Agriculture,Health,282548,282548,5852,571877,Pune,West,262,Heavy Rain,Road Accident,Agent,44,Female,Settled,5,No,0.49
C6732-E,P14203-T,Manjari Raval,2024-08-25,Health,Vehicle,83705,83705,16110,276271,Delhi,North,55,Flood,Crop Loss,Branch,57,Male,Pending,7,No,0.3
C7732-F,P43975-K,Devansh Bhardwaj,2024-04-11,Vehicle,Property,101667,101667,20834,263836,Chennai,South,75,Light Rain,Crop Loss,Branch,49,Other,Settled,6,No,0.39
C5984-X,P35907-D,Madhup Kar,2024-10-23,Health,Vehicle,197457,197457,5218,308823,Hyderabad,South,117,Moderate Rain,Hospitalization,Branch,70,Male,Settled,21,No,0.64
C7130-M,P37320-J,Charvi Subramanian,2024-09-18,Vehicle,Health,45779,45779,28105,167503,Ahmedabad,West,235,Moderate Rain,Hospitalization,Agent,45,Female,Settled,26,No,0.27
C4319-B,P29298-R,Vidur Shanker,2024-06-20,Property,Health,259245,259245,20526,375660,Delhi,North,88,Heavy Rain,Road Accident,Branch,63,Other,Settled,7,No,0.69
C8764-M,P99822-M,Miraya Krish,2024-09-07,Vehicle,Life,89376,89376,48881,265850,Chennai,South,270,Light Rain,Crop Loss,Online,68,Other,Rejected,6,No,0.34
C3481-T,P16228-V,Ranbir Samra,2024-07-23,Health,Agriculture,116968,116968,36163,355710,Delhi,North,100,Flood,Road Accident,Online,52,Male,Settled,10,No,0.33
C6004-E,P31554-L,Priyansh Choudhry,2024-01-05,Property,Property,195032,195032,34364,303639,Pune,West,60,Moderate Rain,House Damage,Mobile App,65,Other,Settled,8,No,0.64
C6622-C,P99594-L,Akarsh Borde,2024-06-06,Health,Vehicle,50244,50244,49608,328273,Mumbai,West,62,Light Rain,Hospitalization,Online,41,Female,Settled,5,No,0.15
C2893-G,P90927-I,Eva Arora,2024-08-16,Health,Health,22640,22640,16188,127262,Mumbai,West,298,Moderate Rain,Hospitalization,Agent,70,Female,Settled,8,No,0.18
C7186-I,P56695-D,Mishti Dara,2024-12-16,Agriculture,Life,188085,188085,29948,355538,Ahmedabad,West,263,Moderate Rain,Hospitalization,Branch,23,Female,Rejected,9,No,0.53
C2376-G,P28127-E,Ojas Keer,2024-09-07,Vehicle,Life,98383,98383,16665,231693,Delhi,North,173,Flood,Road Accident,Agent,19,Male,Settled,8,No,0.42
C2583-H,P69212-O,Suhana Saran,2024-10-11,Agriculture,Agriculture,166487,166487,41418,325225,Lucknow,North,276,Flood,House Damage,Agent,26,Other,Rejected,29,No,0.51
C7329-W,P60885-L,Kashvi Bhakta,2024-10-05,Agriculture,Property,263556,263556,40817,385359,Ahmedabad,West,65,Heavy Rain,Road Accident,Online,27,Male,Settled,3,No,0.68
C6789-O,P19853-N,Aarav Brar,2024-08-07,Agriculture,Property,210284,210284,17130,310509,Hyderabad,South,250,Light Rain,Flood Damage,Mobile App,25,Male,Settled,17,No,0.68
C9089-G,P69763-O,Uthkarsh Sachdeva,2024-03-14,Vehicle,Property,39140,39140,6030,179650,Lucknow,North,275,Moderate Rain,House Damage,Branch,24,Male,Settled,20,No,0.22
C4213-A,P82009-M,Ojas Sethi,2024-02-06,Agriculture,Vehicle,243581,243581,34385,397856,Hyderabad,South,262,Moderate Rain,Flood Damage,Online,36,Male,Settled,18,No,0.61
C9528-F,P28955-V,Amani Dalal,2024-01-15,Vehicle,Property,147538,147538,10966,397707,Pune,West,242,Light Rain,Crop Loss,Branch,67,Male,Pending,13,No,0.37
C9623-F,P67445-C,Lagan Buch,2024-11-04,Health,Agriculture,181124,181124,20125,269931,Chennai,South,138,Flood,Hospitalization,Agent,44,Female,Settled,21,No,0.67
C1255-Q,P15443-O,Ranbir D’Alia,2024-07-11,Health,Life,182937,182937,7792,380415,Bangalore,South,92,Flood,Road Accident,Branch,48,Other,Pending,14,No,0.48
C6901-D,P11598-C,Tara Swamy,2024-12-10,Health,Life,134031,134031,34144,334406,Kolkata,East,243,Light Rain,Flood Damage,Mobile App,51,Other,Settled,30,No,0.4
C9467-A,P67466-G,Aarna Chaudhry,2024-03-05,Vehicle,Vehicle,104603,104603,13066,369562,Ahmedabad,West,149,Heavy Rain,Flood Damage,Agent,25,Female,Settled,8,No,0.28
C8996-M,P50509-V,Armaan Deep,2024-07-29,Health,Agriculture,46201,40656,47800,155524,Chennai,South,64,Heavy Rain,Road Accident,Branch,51,Female,Pending,21,Yes,0.3
C7602-D,P88067-X,Rasha Trivedi,2024-12-15,Property,Health,291325,291325,17549,559133,Lucknow,North,102,Moderate Rain,House Damage,Mobile App,27,Female,Settled,14,No,0.52
C6235-V,P11372-N,Vedika Chadha,2024-07-24,Vehicle,Health,121798,121798,28168,254897,Chennai,South,108,Light Rain,House Damage,Agent,69,Male,Settled,15,No,0.48
C9622-Z,P76708-F,Bhamini Khosla,2024-01-18,Agriculture,Agriculture,73057,73057,5927,147674,Pune,West,139,Light Rain,House Damage,Mobile App,40,Male,Rejected,26,No,0.49
C3331-S,P51554-R,Devansh Chad,2024-03-29,Agriculture,Vehicle,176289,176289,8462,345931,Bangalore,South,234,Heavy Rain,Hospitalization,Branch,42,Male,Pending,4,No,0.51
C3398-V,P83189-Z,Lakshay Kade,2024-03-02,Health,Agriculture,136132,136132,21740,224972,Pune,West,101,Flood,Crop Loss,Branch,42,Other,Settled,19,Yes,0.61
C9400-T,P81185-E,Neysa Manda,2024-12-27,Health,Agriculture,193046,193046,35991,294895,Bangalore,South,260,Flood,Hospitalization,Branch,20,Female,Settled,16,No,0.65
C6803-X,P98788-N,Gokul Kalla,2024-02-27,Agriculture,Health,214101,214101,49666,457357,Lucknow,North,98,Flood,House Damage,Online,49,Other,Pending,15,Yes,0.47
C3110-T,P74531-J,Mehul Dixit,2024-01-22,Health,Health,80563,80563,40808,142249,Ahmedabad,West,153,Light Rain,Crop Loss,Online,43,Male,Settled,17,No,0.57
C9233-A,P75521-N,Ela Gara,2024-12-22,Health,Vehicle,110216,110216,41743,272287,Delhi,North,113,Heavy Rain,House Damage,Agent,29,Female,Pending,24,No,0.4
C8258-C,P67603-E,Hridaan Manda,2024-05-21,Health,Agriculture,55914,55914,46988,221254,Pune,West,184,Heavy Rain,Hospitalization,Online,37,Other,Pending,16,No,0.25
C6021-I,P47721-R,Sana Uppal,2024-07-09,Vehicle,Health,100138,100138,18315,229978,Pune,West,241,Heavy Rain,Road Accident,Mobile App,26,Male,Settled,27,No,0.44
C5631-U,P91656-M,Baiju Bhargava,2024-03-11,Vehicle,Health,142235,142235,36952,261309,Hyderabad,South,288,Light Rain,Flood Damage,Online,37,Female,Pending,7,No,0.54
C4528-S,P16393-O,Manjari Thaman,2024-08-15,Vehicle,Life,37377,37377,24668,330170,Delhi,North,58,Heavy Rain,Crop Loss,Online,23,Male,Rejected,24,No,0.11
C5604-H,P56776-P,Manikya Kibe,2024-03-15,Agriculture,Agriculture,51923,51923,32155,179440,Kolkata,East,275,Light Rain,Crop Loss,Branch,29,Male,Rejected,25,No,0.29
C7370-L,P45705-W,Tejas Baral,2024-11-13,Vehicle,Life,120538,120538,24088,177882,Pune,West,205,Moderate Rain,House Damage,Branch,39,Female,Settled,21,No,0.68
C6514-J,P16601-E,Oorja Atwal,2024-06-17,Vehicle,Vehicle,113556,69835,23828,299388,Lucknow,North,215,Heavy Rain,House Damage,Online,37,Female,Rejected,24,No,0.38
C6148-M,P32731-Y,Gokul Korpal,2024-10-31,Agriculture,Vehicle,113102,113102,6056,367470,Bangalore,South,141,Flood,Road Accident,Agent,67,Other,Pending,23,No,0.31
C1376-U,P81481-Y,Purab Goel,2024-01-20,Health,Vehicle,182501,182501,26865,362652,Pune,West,94,Moderate Rain,House Damage,Branch,34,Female,Settled,19,No,0.5
C7272-B,P16485-O,Divij Sundaram,2024-05-01,Vehicle,Vehicle,33262,28072,37599,319203,Lucknow,North,167,Moderate Rain,Road Accident,Mobile App,28,Other,Pending,21,No,0.1
C6434-F,P82470-L,Shray Dhar,2024-11-18,Property,Vehicle,302338,302338,41967,409660,Pune,West,179,Moderate Rain,Flood Damage,Online,61,Female,Settled,9,No,0.74
C9429-O,P18200-R,Saanvi Raj,2024-09-01,Vehicle,Property,89130,89130,38399,239814,Mumbai,West,50,Moderate Rain,Flood Damage,Branch,27,Male,Settled,3,No,0.37
C1713-O,P77257-R,Hansh Thaker,2024-08-19,Vehicle,Health,149373,149373,39822,417279,Hyderabad,South,264,Light Rain,Road Accident,Mobile App,63,Male,Settled,17,No,0.36
C8740-K,P70721-L,Heer Raman,2024-08-24,Property,Property,444610,284857,49188,571025,Hyderabad,South,188,Moderate Rain,House Damage,Online,34,Other,Settled,10,No,0.78
C5480-B,P10941-F,Bhavin Sagar,2024-04-26,Health,Health,164491,112898,8147,311985,Kolkata,East,200,Heavy Rain,Flood Damage,Mobile App,64,Male,Settled,26,No,0.53
C4721-L,P44982-G,Vidur Mand,2024-02-16,Property,Property,343500,343500,38287,547763,Bangalore,South,277,Flood,Road Accident,Online,56,Female,Settled,7,No,0.63
C8033-U,P65391-M,Pari Bath,2024-08-27,Agriculture,Agriculture,157072,157072,29233,313241,Hyderabad,South,292,Moderate Rain,House Damage,Online,21,Other,Settled,26,No,0.5
C3168-N,P61824-L,Yashvi Soman,2024-09-14,Property,Life,388265,388265,15807,547800,Jaipur,North,193,Moderate Rain,Road Accident,Mobile App,42,Male,Settled,10,No,0.71
C2796-B,P53063-X,Zoya Khosla,2024-01-28,Health,Life,99863,99863,35965,364956,Mumbai,West,285,Moderate Rain,House Damage,Agent,63,Female,Rejected,29,No,0.27
C3017-S,P48403-W,Lagan Sidhu,2024-08-22,Health,Agriculture,140789,140789,25155,280863,Hyderabad,South,100,Light Rain,Road Accident,Branch,70,Male,Settled,17,No,0.5
C3799-L,P16992-C,Manjari Goda,2024-06-30,Property,Agriculture,462078,462078,40709,546699,Lucknow,North,56,Light Rain,House Damage,Branch,26,Other,Rejected,30,No,0.85
C7859-M,P86309-U,Heer Bhatnagar,2024-03-05,Vehicle,Life,106074,106074,10037,368946,Ahmedabad,West,266,Flood,Road Accident,Online,55,Female,Settled,6,No,0.29
C1899-V,P59514-I,Vedika Hora,2024-05-27,Property,Agriculture,484190,484190,49562,548951,Pune,West,222,Flood,House Damage,Agent,41,Female,Settled,29,No,0.88
C2611-P,P79902-W,Yashvi Sagar,2024-04-01,Agriculture,Health,298054,298054,21149,585436,Hyderabad,South,292,Light Rain,Crop Loss,Agent,21,Other,Settled,26,No,0.51
C3508-G,P89861-T,Hridaan Dhaliwal,2024-03-05,Vehicle,Vehicle,74703,74703,23536,348083,Hyderabad,South,230,Light Rain,Road Accident,Agent,26,Female,Settled,7,No,0.21
C8767-I,P20222-O,Armaan Rajagopalan,2024-03-14,Agriculture,Life,194984,194984,26238,345031,Bangalore,South,275,Moderate Rain,Flood Damage,Online,20,Other,Pending,22,No,0.57
C9239-S,P36090-L,Ishita Subramanian,2024-12-15,Agriculture,Health,59091,59091,18251,189368,Delhi,North,196,Flood,Flood Damage,Mobile App,20,Female,Settled,3,No,0.31
C1000-A,P41390-I,Ritvik Char,2024-10-06,Health,Health,194638,194638,6996,316852,Kolkata,East,97,Flood,Flood Damage,Mobile App,70,Female,Settled,4,No,0.61
C7274-H,P21609-C,Aaryahi Gala,2024-05-03,Health,Vehicle,182756,182756,39188,333676,Bangalore,South,214,Moderate Rain,Crop Loss,Agent,37,Other,Settled,18,No,0.55
C4533-A,P23795-W,Nehmat Sridhar,2024-12-12,Vehicle,Vehicle,116029,110667,24073,307651,Kolkata,East,269,Flood,Hospitalization,Online,37,Female,Pending,29,No,0.38
C1981-I,P35616-Y,Eshani Contractor,2024-05-17,Vehicle,Life,101805,101805,41700,270091,Bangalore,South,300,Flood,Crop Loss,Agent,19,Other,Settled,12,No,0.38
C1261-M,P29961-W,Samaira Savant,2024-05-26,Agriculture,Life,151239,151239,38648,222161,Kolkata,East,138,Flood,House Damage,Mobile App,69,Male,Settled,6,Yes,0.68
C6552-G,P32015-C,Faiyaz Sharma,2024-11-27,Agriculture,Life,191568,191568,18823,258567,Hyderabad,South,109,Flood,Road Accident,Online,67,Female,Settled,13,No,0.74
C5339-Y,P42147-B,Abram Balakrishnan,2024-01-18,Agriculture,Life,185236,185236,17686,247653,Delhi,North,201,Light Rain,House Damage,Online,43,Male,Settled,6,No,0.75
C6225-D,P74349-G,Aayush Vala,2024-06-09,Vehicle,Property,78322,78322,46212,288362,Mumbai,West,247,Light Rain,Road Accident,Branch,37,Other,Settled,18,No,0.27
C4120-X,P51765-G,Ritvik Varty,2024-09-26,Vehicle,Vehicle,95259,95259,31025,177972,Kolkata,East,104,Light Rain,Hospitalization,Mobile App,70,Female,Settled,4,No,0.54
C9581-E,P58917-W,Diya Swamy,2024-09-19,Health,Health,23454,23454,19471,296217,Ahmedabad,West,129,Light Rain,Road Accident,Agent,36,Female,Pending,3,No,0.08
C6801-D,P20593-J,Mamooty Sethi,2024-06-04,Health,Agriculture,41205,41205,25522,262832,Pune,West,214,Flood,Road Accident,Agent,20,Female,Settled,24,No,0.16
C3965-P,P80691-B,Seher Agarwal,2024-07-28,Property,Vehicle,323780,323780,14226,438843,Hyderabad,South,290,Light Rain,Hospitalization,Online,59,Female,Pending,14,No,0.74
C5931-B,P62836-H,Romil Bassi,2024-05-06,Property,Agriculture,139358,139358,21984,324983,Delhi,North,268,Heavy Rain,Flood Damage,Online,29,Female,Pending,8,No,0.43
C7519-X,P69889-L,Ela Sawhney,2024-11-15,Vehicle,Life,88077,56774,6089,156338,Ahmedabad,West,63,Moderate Rain,Crop Loss,Branch,57,Female,Settled,14,No,0.56
C9636-L,P34761-E,Aniruddh Reddy,2024-09-30,Health,Vehicle,77878,77878,32857,195554,Delhi,North,72,Light Rain,House Damage,Online,36,Male,Settled,4,No,0.4
C1568-Q,P65646-Y,Inaaya  Reddy,2024-01-03,Property,Life,135355,135355,45204,404196,Pune,West,277,Moderate Rain,Flood Damage,Online,35,Other,Rejected,26,No,0.33
C4997-J,P83292-U,Ivan Edwin,2024-09-24,Health,Life,104728,104728,15172,205420,Lucknow,North,293,Light Rain,Hospitalization,Online,55,Female,Pending,9,No,0.51
C6391-Y,P27447-A,Ranbir Babu,2024-03-18,Vehicle,Agriculture,34940,34534,19204,323254,Bangalore,South,121,Flood,House Damage,Online,31,Male,Settled,13,No,0.11
C6634-S,P40030-K,Bhavin Venkatesh,2024-02-04,Property,Agriculture,253662,253662,41544,521795,Lucknow,North,264,Light Rain,House Damage,Agent,32,Female,Settled,25,No,0.49
C6950-X,P57834-A,Shaan Hegde,2024-05-26,Property,Property,407404,407404,39032,559157,Mumbai,West,207,Moderate Rain,Hospitalization,Online,51,Other,Pending,25,No,0.73
C4786-K,P46361-J,Dharmajan Rattan,2024-05-24,Vehicle,Property,104038,104038,39170,343996,Hyderabad,South,66,Heavy Rain,Flood Damage,Agent,21,Female,Settled,20,No,0.3
C1106-Q,P75269-M,Akarsh Rattan,2024-11-19,Property,Life,462939,462939,22729,738995,Chennai,South,289,Heavy Rain,House Damage,Mobile App,20,Other,Pending,23,No,0.63
C3207-K,P69756-V,Mamooty Contractor,2024-12-04,Property,Agriculture,424353,424353,44610,564471,Kolkata,East,285,Moderate Rain,Flood Damage,Online,25,Other,Pending,30,No,0.75
C5347-N,P34999-X,Lavanya Kapoor,2024-06-24,Health,Vehicle,22808,22808,31589,255847,Ahmedabad,West,298,Flood,House Damage,Branch,56,Other,Settled,4,No,0.09
C6291-N,P86813-E,Mannat Kala,2024-08-25,Health,Agriculture,172189,172189,29271,262378,Delhi,North,300,Light Rain,Hospitalization,Online,55,Male,Pending,23,No,0.66
C1281-T,P64299-W,Indrajit Mani,2024-08-22,Property,Vehicle,408567,408567,35015,694576,Delhi,North,142,Flood,Road Accident,Online,23,Male,Rejected,11,Yes,0.59
C5418-O,P96570-B,Inaaya  Tara,2024-04-03,Health,Vehicle,191318,191318,26390,255489,Jaipur,North,143,Flood,Road Accident,Online,47,Male,Pending,11,No,0.75
C7274-K,P60061-A,Ishita Ganesh,2024-05-28,Agriculture,Life,91961,91961,17426,195640,Kolkata,East,216,Light Rain,Crop Loss,Branch,39,Male,Settled,14,No,0.47
C3409-L,P68774-Y,Manjari Korpal,2024-06-08,Health,Life,38766,28871,32703,99666,Chennai,South,134,Moderate Rain,Crop Loss,Mobile App,38,Male,Settled,17,No,0.39
C2135-V,P28582-S,Abram Kala,2024-12-12,Property,Property,367190,367190,49610,524041,Lucknow,North,214,Moderate Rain,Crop Loss,Mobile App,52,Female,Settled,4,Yes,0.7
C4372-L,P27896-W,Rohan Sha,2024-06-18,Health,Vehicle,76132,76132,23386,132869,Kolkata,East,223,Heavy Rain,Crop Loss,Agent,40,Female,Settled,16,No,0.57
C7934-O,P39222-B,Prerak Chada,2024-03-08,Health,Agriculture,166082,160354,5319,263861,Delhi,North,288,Moderate Rain,Road Accident,Mobile App,60,Female,Pending,11,No,0.63
C4178-I,P92077-J,Anahita Bose,2024-08-15,Vehicle,Vehicle,55114,55114,13816,287724,Delhi,North,134,Heavy Rain,Hospitalization,Online,37,Male,Pending,9,No,0.19
C3954-S,P71700-G,Veer Garg,2024-09-29,Health,Health,118931,118931,42323,189899,Jaipur,North,277,Moderate Rain,Hospitalization,Mobile App,32,Female,Settled,12,No,0.63
C9153-P,P33037-D,Yuvaan Ganguly,2024-03-18,Agriculture,Agriculture,69879,69879,22476,308930,Jaipur,North,153,Light Rain,Hospitalization,Branch,32,Other,Settled,23,No,0.23
C5942-K,P83072-O,Nehmat Ganguly,2024-07-31,Property,Life,158734,158734,41888,209115,Ahmedabad,West,135,Flood,Flood Damage,Agent,68,Male,Settled,11,No,0.76
C3309-B,P40579-Y,Aarna Chandra,2024-02-26,Health,Life,67579,67579,34327,142428,Delhi,North,199,Flood,Crop Loss,Agent,63,Other,Settled,14,No,0.47
C6832-L,P87540-P,Divyansh Kadakia,2024-04-06,Health,Property,121214,121214,27118,294039,Jaipur,North,269,Light Rain,House Damage,Mobile App,67,Female,Settled,19,No,0.41
C4547-M,P26194-I,Jiya Ratta,2024-07-22,Property,Vehicle,452100,452100,22679,656054,Chennai,South,187,Heavy Rain,House Damage,Branch,57,Male,Settled,3,Yes,0.69
C3353-B,P32179-I,Gatik Madan,2024-11-14,Agriculture,Property,297618,297618,9528,543030,Lucknow,North,141,Moderate Rain,Flood Damage,Agent,32,Female,Settled,18,No,0.55
C5065-L,P36129-E,Armaan Bedi,2024-12-22,Vehicle,Health,114456,114456,15102,363377,Delhi,North,169,Moderate Rain,Hospitalization,Online,60,Female,Settled,13,No,0.31
C8116-G,P29515-P,Azad Iyer,2024-09-19,Agriculture,Vehicle,217498,217498,33435,407504,Bangalore,South,173,Moderate Rain,Flood Damage,Agent,52,Male,Pending,18,No,0.53
C7621-Q,P11243-O,Zaina Goel,2024-12-12,Vehicle,Health,72140,72140,13349,316175,Hyderabad,South,283,Flood,Crop Loss,Agent,22,Male,Pending,14,No,0.23
C3870-H,P63470-C,Romil Sur,2024-08-24,Health,Health,52967,52967,18984,103271,Bangalore,South,258,Moderate Rain,Road Accident,Branch,19,Other,Settled,5,No,0.51
C8469-H,P99967-J,Advika Goyal,2024-11-16,Vehicle,Life,85084,85084,39122,173721,Delhi,North,58,Flood,Flood Damage,Agent,58,Other,Settled,29,No,0.49
C3172-G,P26543-I,Shlok Bhavsar,2024-03-25,Health,Health,99325,99325,26562,340189,Jaipur,North,203,Light Rain,Road Accident,Online,66,Female,Settled,26,No,0.29
C6471-N,P79284-U,Ishita Borde,2024-01-19,Vehicle,Vehicle,127183,127183,43823,401107,Chennai,South,287,Light Rain,Road Accident,Branch,62,Other,Rejected,27,No,0.32
C1355-U,P18453-D,Pihu Gulati,2024-07-07,Vehicle,Property,140485,140485,5182,206683,Mumbai,West,184,Heavy Rain,Road Accident,Online,46,Female,Pending,24,No,0.68
C4735-O,P71179-S,Mohanlal Konda,2024-03-23,Vehicle,Life,51572,51572,39680,346358,Chennai,South,236,Moderate Rain,Crop Loss,Online,37,Other,Pending,25,No,0.15
C9370-D,P89289-B,Onkar Som,2024-01-09,Vehicle,Agriculture,107551,107551,43759,319457,Delhi,North,88,Heavy Rain,Flood Damage,Online,27,Female,Settled,11,No,0.34
C5227-U,P45981-K,Anahita Divan,2024-06-04,Health,Health,121652,121652,48035,243514,Mumbai,West,93,Light Rain,Flood Damage,Branch,52,Other,Settled,24,No,0.5
C7285-B,P12032-L,Anahita Contractor,2024-11-24,Health,Vehicle,185644,185644,10405,455035,Ahmedabad,West,139,Flood,Flood Damage,Branch,50,Male,Settled,12,No,0.41
C9357-L,P24933-F,Raunak Yohannan,2024-06-01,Health,Health,177509,177509,21167,239665,Hyderabad,South,178,Flood,Road Accident,Online,70,Other,Settled,18,No,0.74
C4522-W,P39178-E,Dhanush Kulkarni,2024-01-21,Vehicle,Property,34591,34591,34511,196334,Kolkata,East,258,Heavy Rain,Flood Damage,Mobile App,24,Male,Settled,29,No,0.18
C2857-M,P87595-Z,Dhanush Sant,2024-10-29,Health,Property,131763,131763,32358,186149,Jaipur,North,160,Light Rain,Crop Loss,Branch,36,Male,Pending,3,No,0.71
C2007-L,P95973-V,Miraya Sekhon,2024-06-20,Vehicle,Vehicle,64596,64596,45901,274697,Pune,West,288,Heavy Rain,Crop Loss,Branch,40,Male,Settled,17,No,0.24
C3927-C,P36993-S,Dhruv Grover,2024-03-20,Agriculture,Vehicle,102706,102706,7176,328763,Kolkata,East,174,Heavy Rain,Flood Damage,Agent,36,Other,Settled,11,No,0.31
C2884-H,P85982-R,Biju Dani,2024-10-09,Agriculture,Property,117756,117756,39523,192911,Jaipur,North,258,Heavy Rain,House Damage,Agent,35,Other,Rejected,6,No,0.61
C6136-Q,P54336-J,Devansh Dora,2024-05-01,Health,Vehicle,39219,39219,26884,262074,Bangalore,South,275,Light Rain,House Damage,Branch,62,Other,Settled,18,No,0.15
C8645-O,P88777-J,Kaira Kanda,2024-10-02,Vehicle,Health,95467,95467,20630,280691,Kolkata,East,156,Light Rain,Crop Loss,Mobile App,54,Male,Settled,6,No,0.34
C8261-T,P11289-Z,Ritvik Contractor,2024-01-16,Health,Property,191140,191140,7920,255128,Lucknow,North,247,Flood,Flood Damage,Agent,29,Female,Settled,17,No,0.75
C4991-I,P20809-A,Vidur Bhatt,2024-06-13,Property,Health,111154,111154,13752,281994,Lucknow,North,170,Heavy Rain,Road Accident,Online,33,Female,Settled,28,No,0.39
C9365-S,P93034-E,Renee Goswami,2024-09-24,Property,Vehicle,314962,314962,35713,399432,Lucknow,North,221,Flood,Crop Loss,Branch,37,Female,Settled,19,No,0.79
C9885-V,P75019-S,Divij Barman,2024-08-10,Vehicle,Property,123058,123058,17259,384292,Lucknow,North,251,Moderate Rain,Road Accident,Online,28,Female,Pending,8,No,0.32
C3046-C,P35608-U,Bhavin Dar,2024-06-20,Agriculture,Agriculture,56100,56100,44601,122829,Pune,West,200,Flood,Road Accident,Mobile App,44,Female,Settled,22,No,0.46
C5331-W,P56296-Z,Jayan Varma,2024-10-13,Vehicle,Property,120668,120668,28248,257676,Kolkata,East,103,Flood,Hospitalization,Branch,51,Male,Rejected,22,No,0.47
C1708-C,P98660-D,Purab Malhotra,2024-01-12,Health,Property,40919,40919,15960,255374,Mumbai,West,217,Flood,Hospitalization,Agent,48,Male,Rejected,24,No,0.16
C4550-M,P61482-Z,Amani Khosla,2024-01-07,Agriculture,Vehicle,226499,226499,24031,410927,Kolkata,East,155,Heavy Rain,Road Accident,Agent,65,Other,Settled,16,No,0.55
C5218-F,P57327-A,Hiran Raju,2024-09-27,Agriculture,Life,59950,59950,41580,167523,Bangalore,South,294,Light Rain,Flood Damage,Agent,63,Male,Settled,24,No,0.36
C3770-A,P65727-W,Kartik Rattan,2024-12-15,Agriculture,Life,98145,98145,18499,229047,Chennai,South,275,Heavy Rain,Crop Loss,Online,42,Female,Rejected,5,No,0.43
C3446-V,P11352-I,Shanaya Khatri,2024-05-03,Agriculture,Life,285121,285121,5735,580498,Lucknow,North,117,Flood,Road Accident,Online,69,Female,Pending,11,No,0.49
C8934-S,P63846-T,Biju Keer,2024-10-05,Property,Life,219563,219563,49898,364098,Hyderabad,South,167,Flood,Hospitalization,Agent,51,Female,Settled,11,No,0.6
C1620-E,P19148-A,Yakshit Krishnamurthy,2024-01-15,Health,Agriculture,81309,81309,12758,226688,Ahmedabad,West,220,Light Rain,Crop Loss,Online,55,Other,Pending,12,No,0.36
C3414-X,P11827-Q,Miraya Arora,2024-02-04,Health,Life,64762,64762,42820,178651,Mumbai,West,204,Moderate Rain,Crop Loss,Branch,30,Female,Pending,8,No,0.36
C4205-F,P37178-X,Divyansh Apte,2024-08-12,Health,Property,109573,109573,45010,379969,Hyderabad,South,272,Heavy Rain,House Damage,Online,63,Other,Settled,4,No,0.29
C4307-D,P57956-O,Manjari Saha,2024-12-14,Agriculture,Health,121904,121904,15423,329663,Chennai,South,56,Light Rain,Flood Damage,Branch,64,Other,Settled,13,No,0.37
C7429-R,P93076-G,Lagan Chanda,2024-08-28,Property,Health,480887,480887,11502,550673,Pune,West,189,Moderate Rain,Hospitalization,Branch,39,Female,Pending,19,No,0.87
C6392-J,P32320-A,Arhaan Loke,2024-09-08,Vehicle,Vehicle,85967,85967,30559,152156,Chennai,South,166,Flood,Road Accident,Branch,20,Female,Pending,3,No,0.56
C1034-U,P95804-Z,Hrishita Lalla,2024-08-25,Vehicle,Life,53403,53403,27716,144286,Jaipur,North,143,Light Rain,House Damage,Branch,53,Male,Settled,27,No,0.37
C5257-C,P83792-U,Krish Sane,2024-04-21,Agriculture,Property,75359,75359,48640,295296,Hyderabad,South,256,Flood,Hospitalization,Branch,51,Male,Pending,22,No,0.26
C9472-Y,P82007-R,Faiyaz Kaul,2024-12-10,Health,Life,166540,166540,24091,390774,Mumbai,West,82,Light Rain,Crop Loss,Branch,48,Female,Settled,19,No,0.43
C8802-R,P61941-F,Hiran Bhardwaj,2024-03-04,Vehicle,Vehicle,108211,68168,34008,344988,Delhi,North,61,Heavy Rain,Hospitalization,Branch,44,Female,Pending,29,No,0.31
C4077-J,P75884-S,Yashvi Malhotra,2024-04-15,Health,Life,162595,162595,22986,340344,Lucknow,North,147,Flood,House Damage,Mobile App,43,Other,Settled,21,No,0.48
C7893-N,P16227-V,Kabir Gola,2024-03-04,Agriculture,Vehicle,74579,74579,20492,207707,Lucknow,North,93,Moderate Rain,Road Accident,Agent,60,Female,Pending,24,No,0.36
C7196-S,P88845-R,Vanya Vora,2024-08-25,Vehicle,Vehicle,116843,116843,33679,284854,Pune,West,147,Flood,Flood Damage,Online,44,Male,Settled,6,No,0.41
C3631-E,P15271-Q,Neysa Kuruvilla,2024-02-19,Health,Property,97432,97432,8194,374131,Bangalore,South,77,Light Rain,House Damage,Mobile App,63,Male,Settled,8,No,0.26
C8253-U,P91390-U,Samaira Wali,2024-10-11,Health,Health,100639,100639,22766,177840,Chennai,South,155,Moderate Rain,Hospitalization,Mobile App,64,Female,Settled,25,No,0.57
C3404-V,P39059-P,Parinaaz Kapadia,2024-06-10,Agriculture,Vehicle,111940,111940,38273,171087,Ahmedabad,West,137,Moderate Rain,Road Accident,Branch,30,Other,Settled,12,No,0.65
C5785-A,P14266-H,Raghav Sidhu,2024-05-27,Vehicle,Agriculture,99349,99349,41149,279438,Lucknow,North,143,Flood,Crop Loss,Agent,29,Other,Settled,14,No,0.36
C3749-Q,P32836-J,Dharmajan Balasubramanian,2024-06-05,Vehicle,Vehicle,89241,89241,10059,279809,Hyderabad,South,266,Moderate Rain,Road Accident,Mobile App,69,Female,Pending,10,No,0.32
C1076-L,P81346-T,Arnav Sathe,2024-01-11,Vehicle,Property,129900,129900,11694,350333,Kolkata,East,206,Moderate Rain,Flood Damage,Online,60,Other,Pending,15,No,0.37
C1611-X,P43282-O,Oorja Babu,2024-03-26,Agriculture,Agriculture,68531,68531,47771,296586,Ahmedabad,West,77,Light Rain,House Damage,Branch,26,Other,Settled,26,No,0.23
C1489-O,P25115-N,Jiya Tella,2024-10-06,Property,Agriculture,402047,402047,18615,627964,Jaipur,North,94,Flood,Hospitalization,Online,26,Other,Settled,15,No,0.64
C7181-R,P55152-P,Uthkarsh Sekhon,2024-10-01,Health,Life,143402,143402,47290,261235,Mumbai,West,232,Light Rain,Hospitalization,Agent,32,Other,Settled,17,No,0.55
C8541-Y,P35550-O,Amira Bajwa,2024-10-16,Agriculture,Agriculture,164832,164832,46819,392669,Jaipur,North,105,Light Rain,Road Accident,Online,32,Other,Settled,24,No,0.42
C7855-D,P44600-M,Devansh Dalal,2024-04-01,Health,Agriculture,195395,138013,10669,373977,Jaipur,North,72,Heavy Rain,Road Accident,Agent,36,Male,Settled,5,No,0.52
C7219-V,P37692-R,Anvi Wali,2024-02-03,Property,Life,119220,119220,26973,409257,Mumbai,West,60,Moderate Rain,Flood Damage,Branch,19,Male,Settled,9,No,0.29
C8693-X,P44860-E,Jayant Srivastava,2024-07-08,Health,Property,169004,169004,36463,398558,Hyderabad,South,67,Heavy Rain,House Damage,Online,38,Female,Pending,6,No,0.42
C1728-N,P48023-N,Rohan Atwal,2024-01-08,Vehicle,Vehicle,87375,87375,36354,194755,Delhi,North,77,Heavy Rain,Crop Loss,Online,34,Male,Settled,14,No,0.45
C9123-C,P12647-E,Nayantara Mallick,2024-01-25,Vehicle,Agriculture,132445,132445,13566,392738,Delhi,North,65,Moderate Rain,Crop Loss,Mobile App,53,Female,Settled,25,No,0.34
C7858-D,P44595-M,Nitara Bail,2024-09-03,Agriculture,Property,224623,224623,49655,401016,Bangalore,South,215,Heavy Rain,House Damage,Online,23,Other,Pending,14,No,0.56
C4292-D,P36034-R,Kavya Swaminathan,2024-08-12,Vehicle,Health,33690,33690,19768,309172,Jaipur,North,155,Moderate Rain,Flood Damage,Mobile App,62,Other,Settled,22,No,0.11
C9747-Q,P24260-K,Indranil Jaggi,2024-10-20,Property,Vehicle,222869,222869,42829,306700,Jaipur,North,289,Flood,Road Accident,Online,61,Male,Pending,20,No,0.73
C5187-G,P78664-X,Pranay Hayer,2024-09-09,Health,Agriculture,106631,106631,24398,211236,Hyderabad,South,282,Light Rain,Road Accident,Online,52,Other,Settled,26,No,0.5
C7080-I,P99070-H,Kashvi Kumer,2024-04-05,Property,Vehicle,220511,220511,19843,477814,Pune,West,215,Moderate Rain,Crop Loss,Mobile App,35,Other,Settled,9,Yes,0.46
C2656-L,P22239-Q,Charvi Madan,2024-07-31,Vehicle,Life,148017,141246,44187,345984,Chennai,South,208,Heavy Rain,Flood Damage,Branch,22,Male,Settled,26,No,0.43
C9011-L,P64341-C,Nakul Kurian,2024-08-31,Agriculture,Property,57607,57607,10468,284269,Kolkata,East,154,Moderate Rain,Crop Loss,Branch,57,Other,Settled,12,No,0.2
C5694-J,P92927-S,Vihaan Reddy,2024-04-23,Agriculture,Agriculture,216012,216012,36108,295971,Hyderabad,South,251,Light Rain,Road Accident,Branch,26,Male,Settled,25,No,0.73
C6509-W,P78633-R,Raunak Kalla,2024-01-26,Vehicle,Agriculture,101662,101662,34879,296600,Lucknow,North,234,Heavy Rain,Hospitalization,Branch,51,Male,Pending,5,No,0.34
C6383-I,P20924-T,Yakshit Shetty,2024-12-11,Agriculture,Life,133877,133877,6310,308274,Delhi,North,235,Heavy Rain,Flood Damage,Agent,33,Male,Settled,24,No,0.43
C7093-U,P86534-S,Gatik Kapoor,2024-11-02,Property,Property,110466,110466,25188,221376,Pune,West,55,Heavy Rain,Hospitalization,Mobile App,67,Other,Settled,18,Yes,0.5
C7447-C,P99510-E,Nehmat Kalla,2024-11-24,Health,Property,170072,170072,48613,461321,Kolkata,East,231,Moderate Rain,House Damage,Online,42,Other,Rejected,11,No,0.37
C9620-O,P84384-P,Aaina Bava,2024-09-14,Health,Property,81384,81384,44577,166449,Pune,West,146,Flood,House Damage,Online,70,Female,Settled,30,No,0.49
C4632-B,P14808-M,Sara Garg,2024-05-24,Health,Vehicle,85429,85429,24658,264306,Pune,West,214,Moderate Rain,Hospitalization,Mobile App,19,Female,Settled,21,No,0.32
C7375-W,P97970-Y,Faiyaz Raja,2024-06-19,Agriculture,Agriculture,277537,277537,23525,356596,Pune,West,131,Flood,House Damage,Agent,56,Female,Settled,28,No,0.78
C1394-L,P98103-O,Nirvaan Wadhwa,2024-04-14,Health,Vehicle,152629,152629,32711,391263,Kolkata,East,71,Moderate Rain,House Damage,Mobile App,65,Other,Settled,16,No,0.39
C6858-I,P58985-M,Aarna Sibal,2024-10-29,Property,Agriculture,447860,388835,30201,674679,Bangalore,South,58,Moderate Rain,Road Accident,Online,19,Male,Pending,11,No,0.66
C3756-M,P47877-X,Tiya Biswas,2024-01-10,Vehicle,Life,63447,63447,49682,296471,Chennai,South,56,Heavy Rain,Hospitalization,Mobile App,39,Female,Settled,12,Yes,0.21
C4902-I,P40063-N,Zoya Lanka,2024-01-30,Health,Property,135989,103810,12605,287596,Ahmedabad,West,70,Light Rain,House Damage,Online,70,Other,Settled,7,No,0.47
C2996-B,P78420-A,Bhamini Kaul,2024-02-17,Property,Property,286092,286092,35331,493514,Delhi,North,170,Heavy Rain,House Damage,Branch,62,Male,Settled,15,No,0.58
C1088-A,P47924-E,Ishaan Lalla,2024-08-12,Vehicle,Life,70461,70461,37557,312522,Lucknow,North,195,Moderate Rain,Road Accident,Online,18,Female,Settled,28,No,0.23
C6412-K,P54880-N,Trisha Mangal,2024-01-05,Agriculture,Life,262885,262885,46668,352785,Lucknow,North,102,Flood,Crop Loss,Branch,36,Male,Pending,17,No,0.75
C1319-U,P62069-D,Rania Bora,2024-03-14,Property,Property,204565,204565,45768,488257,Kolkata,East,234,Moderate Rain,House Damage,Online,66,Female,Pending,27,No,0.42
C8662-P,P78192-T,Tiya Wali,2024-11-06,Property,Agriculture,283348,283348,19435,472932,Mumbai,West,109,Light Rain,House Damage,Mobile App,63,Male,Settled,11,Yes,0.6
C6971-O,P32858-R,Vritika Dave,2024-03-11,Vehicle,Life,63719,63719,44294,201604,Bangalore,South,296,Flood,House Damage,Mobile App,61,Female,Settled,24,No,0.32
C2601-Y,P70968-A,Sumer Sama,2024-01-01,Health,Life,86702,86702,46158,188284,Hyderabad,South,69,Moderate Rain,House Damage,Mobile App,51,Other,Pending,25,No,0.46
C8918-H,P47988-X,Ehsaan Kothari,2024-05-07,Vehicle,Life,66897,66897,39877,257623,Jaipur,North,173,Heavy Rain,Flood Damage,Agent,20,Female,Pending,11,No,0.26
C9179-Z,P51169-N,Vidur Shroff,2024-02-24,Health,Property,37587,37587,41104,249785,Bangalore,South,60,Flood,Flood Damage,Agent,31,Female,Pending,3,No,0.15
C2301-N,P70363-L,Onkar Brahmbhatt,2024-09-12,Health,Vehicle,128906,128906,28734,234991,Ahmedabad,West,87,Heavy Rain,Flood Damage,Agent,24,Female,Rejected,9,No,0.55
C1778-P,P44374-F,Zara Warrior,2024-08-12,Vehicle,Vehicle,75775,75775,23569,356307,Delhi,North,54,Heavy Rain,House Damage,Mobile App,19,Other,Settled,26,No,0.21
C4824-Z,P63481-Y,Ehsaan Brahmbhatt,2024-08-30,Vehicle,Life,83451,83451,35883,187683,Chennai,South,126,Heavy Rain,Flood Damage,Online,55,Female,Settled,3,No,0.44
C9159-E,P22231-N,Rasha Tak,2024-09-20,Agriculture,Life,108060,108060,42326,377857,Lucknow,North,152,Heavy Rain,Hospitalization,Agent,47,Female,Rejected,16,No,0.29
C2672-D,P80683-O,Seher Vora,2024-09-16,Property,Health,317079,317079,36038,369600,Delhi,North,228,Light Rain,Flood Damage,Online,55,Male,Pending,9,No,0.86
C5559-L,P75876-X,Jayesh Dubey,2024-06-04,Agriculture,Health,198499,198499,27587,404439,Jaipur,North,62,Moderate Rain,Road Accident,Mobile App,58,Female,Settled,12,No,0.49
C4908-X,P16633-M,Shalv Chander,2024-04-14,Property,Life,290997,290997,44735,488127,Lucknow,North,53,Moderate Rain,Hospitalization,Agent,60,Female,Settled,22,No,0.6
C9322-Z,P94452-X,Mamooty Chaudry,2024-09-18,Health,Property,137053,137053,9878,432786,Hyderabad,South,266,Flood,Hospitalization,Online,53,Male,Pending,19,No,0.32
C4936-R,P60535-V,Himmat Manne,2024-09-01,Health,Vehicle,51936,51936,39673,264712,Hyderabad,South,265,Light Rain,House Damage,Mobile App,51,Male,Settled,22,No,0.2
C1212-N,P71779-P,Drishya Kurian,2024-09-27,Vehicle,Health,142909,142909,12164,312557,Lucknow,North,167,Flood,Hospitalization,Online,18,Male,Rejected,24,No,0.46
C6660-U,P88958-U,Zeeshan Bhasin,2024-08-10,Vehicle,Agriculture,67635,67635,8719,329198,Lucknow,North,102,Light Rain,Crop Loss,Agent,33,Female,Settled,23,No,0.21
C5464-S,P82031-B,Taimur Ganguly,2024-09-17,Property,Vehicle,139938,139938,37310,371121,Chennai,South,235,Light Rain,Hospitalization,Mobile App,63,Female,Settled,29,Yes,0.38
C7004-M,P89362-K,Trisha Balasubramanian,2024-02-05,Agriculture,Health,136910,136910,20930,271112,Jaipur,North,159,Flood,Hospitalization,Mobile App,41,Other,Rejected,3,No,0.5
C5607-X,P22977-D,Jivika Bhattacharyya,2024-09-26,Agriculture,Health,184750,176145,24749,479611,Mumbai,West,183,Moderate Rain,Road Accident,Agent,63,Other,Pending,23,No,0.39
C6502-F,P99841-G,Kanav Wali,2024-07-20,Health,Life,123050,123050,39411,221193,Lucknow,North,262,Heavy Rain,Hospitalization,Branch,59,Female,Settled,5,No,0.56
C1713-O,P15607-Q,Sana Sandal,2024-03-07,Agriculture,Property,176612,176612,6347,245329,Jaipur,North,265,Light Rain,Crop Loss,Mobile App,37,Male,Pending,18,No,0.72
C2010-F,P15821-J,Ojas Sampath,2024-05-03,Vehicle,Agriculture,112440,112440,40682,180040,Delhi,North,115,Moderate Rain,House Damage,Online,53,Male,Settled,20,No,0.62
C5423-E,P45989-T,Kanav Kapoor,2024-04-04,Agriculture,Property,194606,194606,31196,303915,Mumbai,West,199,Flood,Flood Damage,Branch,70,Other,Settled,26,No,0.64
C1418-T,P75849-W,Dishani Lad,2024-07-29,Health,Property,70874,70874,16965,250867,Chennai,South,64,Light Rain,Crop Loss,Mobile App,47,Male,Settled,20,No,0.28
C9852-U,P75105-G,Samar Wason,2024-02-16,Agriculture,Vehicle,67528,67528,16933,238553,Ahmedabad,West,297,Light Rain,Crop Loss,Agent,67,Female,Settled,4,No,0.28
C4916-A,P75829-M,Purab Dyal,2024-10-21,Property,Health,446151,446151,30690,663445,Chennai,South,119,Moderate Rain,House Damage,Online,43,Female,Pending,22,No,0.67
C7951-T,P10251-V,Ojas Arora,2024-07-01,Vehicle,Property,95239,95239,24631,319741,Kolkata,East,191,Flood,Flood Damage,Mobile App,54,Female,Pending,3,No,0.3
C7612-D,P95657-K,Ira Saran,2024-06-21,Property,Property,238413,238413,27836,465592,Bangalore,South,235,Heavy Rain,Flood Damage,Agent,49,Female,Settled,11,No,0.51
C6602-U,P99804-F,Vritika Jhaveri,2024-07-29,Health,Life,84686,84686,44949,353549,Ahmedabad,West,146,Light Rain,Crop Loss,Branch,37,Male,Settled,13,No,0.24
C7037-B,P70275-A,Suhana Chaudhary,2024-09-23,Agriculture,Agriculture,169342,169342,35440,394630,Ahmedabad,West,131,Flood,Road Accident,Online,21,Female,Pending,8,No,0.43
C9523-P,P63950-B,Mannat Dhawan,2024-05-20,Agriculture,Health,197238,197238,37527,424040,Jaipur,North,185,Moderate Rain,Crop Loss,Online,45,Other,Settled,4,Yes,0.47
C6367-F,P38184-F,Eshani Sinha,2024-04-07,Vehicle,Vehicle,117443,117443,25256,298972,Mumbai,West,88,Flood,Road Accident,Mobile App,69,Male,Pending,7,No,0.39
C9689-L,P54369-O,Badal Dhawan,2024-12-05,Vehicle,Property,47645,47645,42614,152515,Delhi,North,201,Flood,Hospitalization,Mobile App,70,Other,Pending,16,No,0.31
C8300-Q,P54877-D,Reyansh Sarna,2024-10-23,Property,Life,443186,443186,38873,494853,Pune,West,97,Moderate Rain,Hospitalization,Branch,51,Other,Pending,18,No,0.9
C1391-Y,P83739-T,Jivin Chand,2024-10-27,Vehicle,Vehicle,105013,105013,10443,280965,Ahmedabad,West,182,Moderate Rain,Hospitalization,Branch,26,Male,Pending,22,No,0.37
C8504-Z,P81421-D,Riaan Sandhu,2024-04-04,Vehicle,Health,58441,58441,42289,176264,Mumbai,West,281,Heavy Rain,Hospitalization,Agent,52,Male,Pending,18,No,0.33
C6125-N,P68872-G,Elakshi Borde,2024-09-26,Agriculture,Vehicle,120208,96325,42152,393940,Jaipur,North,281,Moderate Rain,Crop Loss,Agent,53,Other,Settled,12,No,0.31
C6816-L,P48482-Q,Umang Balasubramanian,2024-12-13,Agriculture,Agriculture,113497,113497,15622,176180,Bangalore,South,222,Light Rain,Crop Loss,Online,58,Female,Pending,24,No,0.64
C8003-I,P16254-M,Diya Seth,2024-06-01,Health,Health,37083,37083,31378,262072,Pune,West,132,Flood,Hospitalization,Branch,41,Male,Settled,30,No,0.14
C4087-Y,P46740-W,Rhea Roy,2024-05-08,Vehicle,Health,30463,22159,16667,279691,Delhi,North,289,Heavy Rain,Crop Loss,Branch,62,Female,Rejected,23,No,0.11
C7722-L,P19416-Q,Ivana Yadav,2024-01-29,Agriculture,Vehicle,282503,282503,32944,506458,Jaipur,North,259,Flood,Flood Damage,Online,49,Female,Settled,15,No,0.56
C1726-K,P39665-F,Misha Gopal,2024-04-23,Health,Property,43590,34290,38127,148907,Chennai,South,264,Moderate Rain,House Damage,Online,39,Female,Rejected,13,No,0.29
C8429-R,P31250-S,Jivin Sachar,2024-07-21,Vehicle,Agriculture,140359,140359,35185,434546,Kolkata,East,297,Flood,Flood Damage,Branch,44,Female,Settled,21,No,0.32
C6310-T,P63244-G,Hridaan Virk,2024-11-29,Health,Health,159096,159096,11432,302476,Kolkata,East,182,Heavy Rain,Crop Loss,Online,55,Female,Settled,15,Yes,0.53
C9430-J,P91965-K,Ivan Sen,2024-04-22,Health,Vehicle,52435,52435,23666,257010,Pune,West,114,Heavy Rain,Road Accident,Mobile App,45,Female,Pending,15,No,0.2
C1496-Z,P39441-Q,Misha Handa,2024-06-21,Agriculture,Property,139632,139632,22526,355333,Delhi,North,233,Light Rain,Road Accident,Online,44,Female,Settled,21,No,0.39
C7036-J,P55358-K,Navya Gala,2024-11-18,Property,Agriculture,252162,252162,43753,324045,Bangalore,South,109,Heavy Rain,Road Accident,Online,21,Female,Pending,24,No,0.78
C3844-W,P67421-K,Vaibhav Sarkar,2024-12-19,Vehicle,Agriculture,68900,57638,28816,252951,Mumbai,West,178,Heavy Rain,Flood Damage,Agent,47,Other,Pending,16,No,0.27
C9166-L,P43044-T,Bhamini Shroff,2024-10-27,Health,Property,123743,123743,43723,346738,Delhi,North,72,Heavy Rain,Flood Damage,Online,57,Male,Settled,30,No,0.36
C1911-Q,P12064-L,Mishti Dugar,2024-05-11,Agriculture,Life,221753,221731,45098,379903,Mumbai,West,255,Light Rain,Road Accident,Mobile App,63,Female,Pending,18,No,0.58
C8538-B,P86759-D,Ivan Kari,2024-11-13,Agriculture,Vehicle,164995,164995,48678,337644,Chennai,South,138,Moderate Rain,Crop Loss,Agent,65,Other,Settled,28,No,0.49
C3281-H,P12970-H,Elakshi Sankar,2024-04-25,Vehicle,Life,103011,103011,48044,165736,Delhi,North,235,Heavy Rain,Flood Damage,Online,32,Other,Rejected,11,No,0.62
C6869-E,P40700-C,Saanvi Bhavsar,2024-09-10,Vehicle,Vehicle,97549,97549,45094,190810,Pune,West,79,Heavy Rain,Flood Damage,Mobile App,60,Other,Settled,26,No,0.51
C5977-S,P90850-H,Ryan Sampath,2024-06-25,Property,Vehicle,247548,247548,36687,407297,Jaipur,North,106,Light Rain,Flood Damage,Online,42,Female,Pending,11,No,0.61
C4955-K,P16043-A,Ranbir Kohli,2024-05-11,Property,Property,361699,361699,34806,524342,Delhi,North,178,Moderate Rain,Hospitalization,Online,29,Other,Pending,22,No,0.69
C3887-G,P36085-Q,Ishita Yohannan,2024-12-04,Health,Vehicle,145046,145046,15614,370091,Ahmedabad,West,297,Moderate Rain,Crop Loss,Agent,51,Other,Settled,9,No,0.39
C2328-E,P14951-X,Madhav Suresh,2024-10-30,Health,Health,137772,137772,22921,328793,Jaipur,North,188,Light Rain,Flood Damage,Mobile App,32,Female,Pending,16,No,0.42
C9768-B,P12572-U,Reyansh Kade,2024-11-19,Health,Vehicle,79833,79833,7268,191013,Pune,West,137,Light Rain,Flood Damage,Branch,23,Other,Settled,8,No,0.42
C7781-T,P60318-P,Piya Rastogi,2024-04-11,Health,Property,25990,25990,31013,106841,Lucknow,North,111,Moderate Rain,Crop Loss,Mobile App,28,Other,Rejected,20,No,0.24
C1682-Q,P21023-D,Zaina Krishnamurthy,2024-12-05,Agriculture,Health,94833,94833,49152,350227,Ahmedabad,West,79,Flood,Flood Damage,Branch,43,Male,Rejected,6,No,0.27
C2024-Z,P17972-C,Kaira Varty,2024-09-24,Vehicle,Agriculture,44481,44481,40333,120877,Hyderabad,South,208,Light Rain,Road Accident,Online,29,Male,Settled,9,Yes,0.37
C8238-Q,P51126-U,Zoya Dutt,2024-08-15,Health,Life,113883,113883,14297,260602,Kolkata,East,224,Light Rain,Flood Damage,Branch,26,Male,Pending,8,No,0.44
C6180-M,P23824-H,Renee Bumb,2024-05-22,Property,Health,292477,292477,40694,530597,Bangalore,South,122,Light Rain,Crop Loss,Online,28,Male,Settled,15,No,0.55
C4238-A,P51379-Z,Shaan Chanda,2024-03-14,Health,Health,172395,159253,11993,453695,Hyderabad,South,139,Light Rain,House Damage,Mobile App,57,Female,Rejected,14,No,0.38
C9129-X,P86307-U,Kavya Khurana,2024-12-07,Vehicle,Vehicle,138564,138564,37657,189441,Mumbai,West,195,Flood,Hospitalization,Online,33,Male,Pending,4,No,0.73
C7123-A,P19066-T,Ehsaan Bajwa,2024-07-02,Agriculture,Life,170769,170769,44309,399626,Chennai,South,227,Light Rain,Hospitalization,Agent,56,Male,Settled,4,No,0.43
C2896-N,P25438-Q,Aarush Goswami,2024-09-22,Property,Vehicle,104808,104808,5284,303770,Hyderabad,South,138,Light Rain,House Damage,Online,41,Female,Settled,6,No,0.35
C3949-T,P72184-E,Drishya Borde,2024-12-18,Vehicle,Life,132180,132180,17040,283797,Bangalore,South,70,Light Rain,Hospitalization,Agent,56,Other,Rejected,27,No,0.47
C2452-D,P90421-C,Aaryahi Sood,2024-05-09,Property,Health,393351,393351,6917,560622,Jaipur,North,157,Moderate Rain,Road Accident,Online,28,Female,Settled,10,No,0.7
C3547-R,P47185-N,Hridaan Magar,2024-01-16,Agriculture,Property,135548,135548,22280,270759,Hyderabad,South,192,Light Rain,Hospitalization,Agent,18,Male,Settled,20,No,0.5
C9869-J,P72859-T,Miraan Krishna,2024-07-31,Health,Agriculture,104625,104625,14183,224631,Jaipur,North,205,Moderate Rain,Road Accident,Agent,24,Male,Settled,23,No,0.47
C1420-O,P76926-S,Piya Verma,2024-03-07,Property,Vehicle,468548,468548,24441,738688,Ahmedabad,West,298,Moderate Rain,Crop Loss,Agent,33,Other,Settled,5,No,0.63
C4622-W,P62147-U,Shlok Lanka,2024-08-02,Agriculture,Property,188001,188001,44384,263061,Bangalore,South,246,Heavy Rain,Hospitalization,Online,66,Male,Settled,11,No,0.71
C3044-J,P68784-M,Tanya Cherian,2024-09-17,Health,Health,110172,110172,7561,162164,Hyderabad,South,233,Light Rain,House Damage,Online,35,Female,Pending,29,No,0.68
C5975-D,P39287-F,Aniruddh Ratta,2024-08-28,Vehicle,Agriculture,83039,83039,40118,350702,Mumbai,West,156,Heavy Rain,House Damage,Branch,54,Male,Settled,4,No,0.24
C5035-P,P75049-A,Bhamini Khosla,2024-03-12,Property,Health,205440,205440,20318,325553,Bangalore,South,66,Moderate Rain,Flood Damage,Mobile App,21,Female,Settled,12,No,0.63
C5860-X,P13478-P,Stuvan Dash,2024-06-08,Vehicle,Vehicle,137999,137999,31185,336700,Delhi,North,212,Light Rain,House Damage,Online,47,Male,Settled,16,No,0.41
C1404-K,P98661-Y,Adah Wali,2024-10-13,Health,Property,109414,109414,21051,266778,Mumbai,West,52,Flood,Road Accident,Branch,61,Male,Settled,18,No,0.41
C6673-X,P93055-D,Nayantara Joshi,2024-11-29,Property,Life,100348,100348,29860,233634,Mumbai,West,213,Moderate Rain,Hospitalization,Online,58,Male,Settled,30,No,0.43
C7501-U,P74070-J,Pari Mammen,2024-11-05,Agriculture,Health,91414,54243,32215,337423,Pune,West,150,Heavy Rain,Flood Damage,Agent,58,Male,Settled,19,No,0.27
C1998-D,P91994-N,Yuvraj  Shankar,2024-07-08,Vehicle,Agriculture,78090,78090,8432,241478,Pune,West,74,Flood,Crop Loss,Online,56,Other,Pending,21,No,0.32
C6816-F,P15160-Q,Ishita Dugar,2024-01-21,Vehicle,Property,131559,131559,8601,340583,Ahmedabad,West,97,Moderate Rain,Road Accident,Branch,20,Female,Pending,17,No,0.39
C4138-P,P46616-I,Anahi Shukla,2024-06-23,Property,Life,189651,189651,8245,441007,Bangalore,South,222,Moderate Rain,House Damage,Mobile App,34,Male,Settled,3,No,0.43
C7512-N,P46911-P,Rohan Aggarwal,2024-05-18,Agriculture,Agriculture,189986,189986,34760,258880,Jaipur,North,169,Flood,Crop Loss,Online,62,Female,Pending,7,No,0.73
C8055-C,P20169-Z,Mamooty Saxena,2024-10-30,Agriculture,Property,80533,80533,30682,246697,Delhi,North,139,Moderate Rain,Crop Loss,Agent,48,Female,Pending,8,No,0.33
C8614-A,P57952-N,Mishti Taneja,2024-09-27,Health,Vehicle,178135,178135,31222,284002,Pune,West,60,Light Rain,House Damage,Mobile App,49,Other,Pending,21,No,0.63
C8729-L,P80674-M,Lavanya Bal,2024-09-03,Property,Property,186834,186834,14524,429716,Delhi,North,170,Heavy Rain,House Damage,Online,70,Male,Settled,9,No,0.43
C8263-J,P58179-M,Anya Rajagopal,2024-02-20,Health,Life,144795,144795,9536,270007,Lucknow,North,197,Light Rain,Hospitalization,Online,59,Male,Settled,30,No,0.54
C8190-Z,P31675-F,Trisha Seth,2024-11-21,Property,Health,180461,180461,46726,440060,Kolkata,East,202,Heavy Rain,Hospitalization,Online,36,Other,Settled,15,No,0.41
C7368-R,P78875-H,Keya Bahl,2024-08-20,Property,Health,401537,401537,11078,646151,Bangalore,South,163,Light Rain,Crop Loss,Branch,52,Other,Settled,23,No,0.62
C9640-F,P95098-F,Kashvi Chowdhury,2024-05-12,Agriculture,Vehicle,99272,99272,16985,221085,Ahmedabad,West,111,Light Rain,House Damage,Branch,49,Other,Pending,17,No,0.45
C1189-L,P70680-D,Prisha Tank,2024-06-08,Agriculture,Life,240525,240525,19005,412206,Mumbai,West,200,Flood,House Damage,Branch,61,Other,Pending,11,No,0.58
C3750-W,P52435-G,Ritvik Keer,2024-04-02,Health,Health,188649,188649,38677,321092,Jaipur,North,53,Moderate Rain,Road Accident,Agent,57,Female,Rejected,20,No,0.59
C7996-F,P70187-J,Himmat Bose,2024-11-22,Property,Property,129718,129718,12026,214172,Hyderabad,South,248,Light Rain,Crop Loss,Branch,48,Other,Rejected,11,No,0.61
C4425-P,P41043-D,Miraya Varty,2024-10-23,Property,Agriculture,223462,155064,39791,344021,Chennai,South,69,Light Rain,Road Accident,Mobile App,18,Other,Settled,17,No,0.65
C2018-S,P90008-X,Kabir Kothari,2024-08-12,Agriculture,Health,93957,93957,21629,355380,Chennai,South,296,Light Rain,Road Accident,Agent,52,Other,Pending,21,No,0.26
C2457-X,P42051-N,Tushar Shetty,2024-11-30,Property,Agriculture,204045,204045,30488,259614,Ahmedabad,West,250,Heavy Rain,Road Accident,Agent,20,Other,Pending,18,No,0.79
C2080-F,P68480-R,Misha Yogi,2024-01-13,Property,Vehicle,310173,310173,35358,368237,Mumbai,West,100,Light Rain,Road Accident,Agent,62,Female,Pending,4,No,0.84
C7183-E,P28817-F,Advik Sant,2024-11-15,Vehicle,Agriculture,58490,58490,14591,324173,Lucknow,North,51,Moderate Rain,Hospitalization,Branch,24,Other,Settled,26,No,0.18
C2480-C,P25739-R,Aarav Magar,2024-06-21,Vehicle,Property,128082,128082,37306,180878,Lucknow,North,250,Light Rain,Hospitalization,Branch,65,Male,Pending,22,No,0.71
C1059-W,P33739-F,Mamooty Warrior,2024-05-09,Property,Property,463609,463609,22287,665711,Chennai,South,251,Flood,Road Accident,Branch,60,Other,Pending,22,No,0.7
C4040-O,P37783-E,Aniruddh Chawla,2024-02-19,Health,Agriculture,61224,61224,33067,209737,Bangalore,South,197,Flood,Road Accident,Branch,50,Male,Rejected,9,No,0.29
C8372-D,P48426-O,Ivan Kumar,2024-11-10,Vehicle,Life,40609,40609,44067,209432,Pune,West,232,Heavy Rain,Flood Damage,Online,24,Other,Settled,27,No,0.19
C5605-R,P16797-D,Shaan Ghosh,2024-01-22,Health,Property,169276,169276,34949,377330,Bangalore,South,106,Heavy Rain,Road Accident,Agent,37,Other,Pending,21,No,0.45
C3584-T,P41815-Z,Nishith Biswas,2024-08-27,Agriculture,Health,195738,195738,42598,340449,Bangalore,South,96,Heavy Rain,Crop Loss,Agent,22,Female,Settled,11,No,0.57
C4432-H,P62872-O,Anya Choudhry,2024-03-02,Vehicle,Vehicle,133566,133566,40164,377551,Mumbai,West,284,Flood,Hospitalization,Online,33,Female,Pending,10,No,0.35
C5650-O,P47705-T,Chirag Savant,2024-01-27,Property,Property,369774,369774,8863,636006,Bangalore,South,161,Light Rain,Hospitalization,Agent,22,Female,Pending,20,No,0.58
C4668-J,P32919-E,Umang Khanna,2024-12-08,Property,Property,143120,143120,43083,380932,Bangalore,South,116,Flood,Crop Loss,Agent,50,Female,Rejected,22,No,0.38
C7516-R,P91929-W,Hiran Mangal,2024-09-20,Health,Life,92349,92349,22899,230755,Lucknow,North,245,Light Rain,Road Accident,Branch,59,Male,Settled,25,No,0.4
C4448-Y,P78149-T,Umang Rout,2024-01-16,Vehicle,Property,86522,86522,41715,237313,Pune,West,223,Heavy Rain,Flood Damage,Branch,25,Other,Settled,18,No,0.36
C9177-D,P93004-W,Khushi Samra,2024-04-20,Agriculture,Life,250664,250664,17862,517664,Delhi,North,233,Heavy Rain,Road Accident,Agent,69,Female,Settled,29,No,0.48
C7339-E,P49212-U,Gokul Kalita,2024-04-11,Agriculture,Agriculture,64395,64395,11735,288312,Chennai,South,291,Flood,Hospitalization,Agent,59,Male,Settled,17,No,0.22
C6557-Q,P59196-Y,Mannat Goda,2024-08-26,Health,Health,56124,56124,10378,180962,Hyderabad,South,163,Flood,House Damage,Agent,25,Other,Settled,26,No,0.31
C7877-B,P20839-K,Nayantara Tripathi,2024-08-30,Vehicle,Vehicle,107593,107593,39887,249218,Bangalore,South,138,Moderate Rain,House Damage,Agent,26,Female,Settled,8,No,0.43
C4021-S,P57077-Z,Vedika Kuruvilla,2024-01-02,Vehicle,Vehicle,148261,148261,14017,316117,Lucknow,North,94,Light Rain,House Damage,Branch,32,Other,Settled,3,No,0.47
C1564-R,P52312-D,Kabir Hegde,2024-08-04,Agriculture,Life,100410,76080,38292,343825,Ahmedabad,West,163,Light Rain,Hospitalization,Mobile App,49,Male,Settled,19,No,0.29
C7714-D,P48034-E,Jivika Ram,2024-04-17,Property,Life,311522,264819,44461,607547,Hyderabad,South,80,Moderate Rain,Crop Loss,Online,55,Male,Settled,10,No,0.51
C3234-J,P67316-E,Hansh Sinha,2024-08-11,Vehicle,Agriculture,88542,88542,8353,269176,Jaipur,North,261,Flood,Hospitalization,Branch,53,Female,Settled,15,No,0.33
C4628-H,P25176-A,Vritika Verma,2024-12-28,Health,Agriculture,79725,79725,18578,342868,Chennai,South,78,Moderate Rain,Crop Loss,Branch,50,Female,Settled,16,No,0.23
C2932-J,P57760-M,Keya Sekhon,2024-04-28,Agriculture,Agriculture,227509,227509,19720,339924,Delhi,North,55,Heavy Rain,Hospitalization,Agent,45,Other,Pending,5,No,0.67
C4615-Z,P37628-Y,Samar Chandra,2024-09-15,Health,Vehicle,186509,185655,18077,339229,Chennai,South,78,Heavy Rain,Crop Loss,Branch,69,Female,Settled,8,No,0.55
C6306-K,P93672-S,Anahita Rajagopal,2024-10-20,Property,Property,112623,112623,44082,289169,Ahmedabad,West,83,Heavy Rain,Hospitalization,Online,32,Other,Pending,24,Yes,0.39
C5130-Y,P49064-H,Vaibhav Sarna,2024-01-31,Property,Property,219318,219318,22526,351109,Delhi,North,239,Light Rain,Crop Loss,Branch,21,Female,Settled,25,No,0.62
C3249-P,P66875-P,Purab Banik,2024-09-11,Health,Agriculture,41832,35113,9602,232561,Lucknow,North,59,Flood,Crop Loss,Branch,61,Male,Pending,8,No,0.18
C2727-D,P92409-X,Ojas Acharya,2024-07-13,Health,Agriculture,157376,157376,22630,310828,Hyderabad,South,133,Light Rain,House Damage,Mobile App,62,Female,Settled,14,No,0.51
C1299-F,P40507-Q,Hansh Yadav,2024-12-12,Property,Vehicle,278026,278026,49893,338569,Mumbai,West,147,Light Rain,Hospitalization,Mobile App,61,Female,Rejected,23,No,0.82
C7310-R,P78999-G,Kimaya Korpal,2024-02-09,Health,Health,147565,147565,24819,243945,Chennai,South,261,Moderate Rain,Road Accident,Mobile App,56,Male,Settled,10,No,0.6
C5120-X,P95053-G,Tarini Batta,2024-10-12,Agriculture,Agriculture,70797,70797,26751,128814,Jaipur,North,175,Light Rain,Flood Damage,Mobile App,55,Other,Pending,22,No,0.55
C3621-L,P51117-F,Tanya Sibal,2024-03-14,Agriculture,Agriculture,153363,153363,35672,344803,Jaipur,North,261,Heavy Rain,House Damage,Online,22,Other,Settled,11,No,0.44
C5679-H,P65035-O,Seher Deo,2024-03-27,Agriculture,Agriculture,173832,173832,35164,440379,Kolkata,East,111,Heavy Rain,Crop Loss,Branch,30,Female,Settled,22,No,0.39
C3710-Q,P98898-R,Purab Mani,2024-02-09,Property,Vehicle,103975,103975,37177,193864,Ahmedabad,West,69,Flood,House Damage,Mobile App,18,Other,Settled,4,No,0.54
C6077-W,P31808-X,Navya Vyas,2024-11-14,Vehicle,Health,101091,101091,35327,372376,Jaipur,North,198,Light Rain,Crop Loss,Mobile App,54,Male,Pending,10,No,0.27
C7168-W,P37080-H,Nayantara Basu,2024-02-27,Agriculture,Life,208349,208349,46236,380000,Kolkata,East,113,Flood,Road Accident,Agent,31,Other,Rejected,4,No,0.55
C8322-V,P67180-N,Mamooty Vig,2024-06-02,Agriculture,Life,296920,296920,7770,447914,Mumbai,West,202,Light Rain,Road Accident,Online,42,Other,Settled,6,No,0.66
C8992-U,P54207-V,Krish Lala,2024-09-22,Property,Health,475776,475776,24556,583973,Lucknow,North,268,Moderate Rain,Flood Damage,Online,52,Other,Pending,23,No,0.81
C5253-A,P16977-O,Aniruddh Kota,2024-11-27,Agriculture,Agriculture,290097,281406,40193,432952,Jaipur,North,212,Moderate Rain,Flood Damage,Branch,20,Female,Rejected,10,No,0.67
C8303-O,P43367-E,Suhana Din,2024-01-28,Property,Health,312078,312078,27559,499384,Delhi,North,205,Light Rain,Hospitalization,Online,32,Other,Pending,3,No,0.62
C5412-E,P93563-Y,Rasha Soni,2024-03-07,Agriculture,Vehicle,63281,63281,21866,196084,Delhi,North,236,Heavy Rain,Flood Damage,Branch,35,Female,Rejected,18,No,0.32
C8743-B,P67446-E,Shayak Karpe,2024-02-21,Agriculture,Health,166239,166239,15936,293560,Pune,West,232,Moderate Rain,Flood Damage,Online,65,Female,Pending,12,No,0.57
C5249-G,P25385-M,Rania Gole,2024-09-03,Property,Life,322973,322973,21308,566084,Bangalore,South,154,Heavy Rain,Flood Damage,Agent,37,Male,Pending,24,Yes,0.57
C2195-M,P83693-T,Priyansh Sangha,2024-02-19,Property,Agriculture,327086,327086,33032,558346,Jaipur,North,210,Light Rain,Road Accident,Agent,39,Female,Settled,16,No,0.59
C8536-N,P61147-A,Rati Saran,2024-04-24,Vehicle,Property,127163,127163,49133,248311,Delhi,North,50,Flood,House Damage,Online,67,Male,Settled,6,No,0.51
C6774-E,P72433-Q,Miraan Halder,2024-07-02,Vehicle,Life,81752,81752,45981,256590,Kolkata,East,170,Flood,Road Accident,Online,42,Other,Settled,11,No,0.32
C2791-R,P53122-W,Tushar Sem,2024-06-09,Agriculture,Agriculture,207573,207573,27405,372083,Jaipur,North,291,Light Rain,House Damage,Branch,38,Female,Pending,6,No,0.56
C4526-C,P85915-K,Darshit Sodhi,2024-01-26,Property,Agriculture,366231,240712,32845,571783,Mumbai,West,164,Flood,House Damage,Online,20,Male,Settled,10,No,0.64
C4727-O,P48674-Z,Samiha Upadhyay,2024-09-16,Health,Health,36823,36823,14282,274453,Lucknow,North,263,Flood,Crop Loss,Agent,27,Other,Settled,19,No,0.13
C2502-T,P33671-H,Miraya Jain,2024-01-30,Property,Life,372599,372599,27669,467086,Pune,West,187,Moderate Rain,Road Accident,Online,49,Other,Settled,24,No,0.8
C3287-I,P79134-I,Aarav Dani,2024-02-22,Health,Life,20237,20237,22056,84017,Bangalore,South,186,Heavy Rain,Crop Loss,Branch,23,Female,Settled,30,No,0.24
C8017-K,P20358-I,Sumer Gala,2024-09-14,Property,Life,489568,489568,29995,619354,Ahmedabad,West,282,Light Rain,Road Accident,Agent,52,Male,Settled,8,No,0.79
C6921-A,P30290-B,Samarth Bhavsar,2024-07-04,Property,Life,133832,133832,25901,276974,Chennai,South,148,Heavy Rain,Flood Damage,Mobile App,38,Other,Settled,26,No,0.48
C3333-F,P45299-X,Anika Desai,2024-09-15,Health,Property,141963,141963,15926,296765,Kolkata,East,212,Flood,Road Accident,Branch,27,Female,Settled,26,No,0.48
C3473-Y,P84969-E,Aaina Gara,2024-10-10,Property,Property,366733,366733,14712,626998,Ahmedabad,West,127,Moderate Rain,House Damage,Branch,68,Other,Settled,18,No,0.58
C7102-O,P90991-C,Ivana Dara,2024-09-09,Property,Health,396203,396203,21641,455057,Lucknow,North,274,Flood,Hospitalization,Branch,59,Female,Rejected,20,No,0.87
C8983-Z,P91194-J,Zara Kala,2024-03-29,Property,Health,338750,338750,43407,625962,Bangalore,South,194,Flood,Crop Loss,Branch,29,Male,Settled,14,No,0.54
C8497-J,P16955-I,Nehmat Ahuja,2024-09-29,Property,Health,136446,136446,45405,380977,Mumbai,West,259,Moderate Rain,Road Accident,Branch,23,Female,Pending,9,No,0.36
C2972-C,P69025-Y,Ela Iyengar,2024-10-17,Property,Agriculture,416380,416380,23154,526181,Delhi,North,163,Moderate Rain,Hospitalization,Agent,40,Other,Settled,25,No,0.79
C1829-W,P79899-L,Zara Raval,2024-09-22,Vehicle,Life,138424,138424,34549,194730,Kolkata,East,175,Light Rain,Road Accident,Online,62,Male,Settled,6,No,0.71
C4471-L,P40859-A,Darshit Virk,2024-08-07,Property,Vehicle,488523,488523,12473,754241,Mumbai,West,109,Light Rain,Crop Loss,Branch,49,Male,Settled,13,No,0.65
C3753-F,P90542-U,Indranil Choudhary,2024-02-14,Health,Vehicle,131555,131555,35935,304697,Bangalore,South,258,Heavy Rain,Flood Damage,Branch,32,Other,Settled,3,No,0.43
C1725-N,P99627-B,Pari Dass,2024-01-29,Vehicle,Vehicle,86975,86975,46255,374174,Kolkata,East,260,Heavy Rain,Crop Loss,Mobile App,26,Male,Pending,13,No,0.23
C6775-H,P41731-B,Rati Boase,2024-01-01,Property,Life,156403,156403,21385,388638,Pune,West,161,Light Rain,Crop Loss,Online,65,Male,Settled,7,No,0.4
C6110-W,P68988-Z,Purab Sane,2024-12-15,Property,Property,244026,244026,12969,395258,Kolkata,East,265,Light Rain,House Damage,Branch,25,Male,Settled,9,No,0.62
C6517-U,P41507-E,Priyansh Tiwari,2024-02-10,Property,Vehicle,179402,179402,28756,273752,Ahmedabad,West,188,Moderate Rain,Road Accident,Branch,29,Female,Rejected,6,No,0.66
C2732-X,P16671-G,Jayant Balakrishnan,2024-01-22,Property,Property,160158,160158,44445,304003,Jaipur,North,238,Flood,Crop Loss,Online,21,Male,Settled,19,No,0.53
C9090-O,P48213-W,Divij Kannan,2024-02-18,Health,Vehicle,58406,58406,42978,269060,Chennai,South,227,Moderate Rain,Flood Damage,Agent,18,Other,Pending,6,No,0.22
C8322-O,P42295-E,Tejas Deshpande,2024-12-02,Health,Agriculture,45041,45041,13664,237307,Ahmedabad,West,147,Flood,Hospitalization,Mobile App,43,Female,Settled,9,No,0.19
C7176-J,P42971-B,Anaya Date,2024-07-04,Health,Health,40593,40593,35464,306268,Bangalore,South,98,Moderate Rain,Flood Damage,Branch,18,Female,Settled,18,No,0.13
C3078-M,P60410-Z,Uthkarsh Verma,2024-03-03,Vehicle,Agriculture,70530,70530,13929,350930,Delhi,North,181,Flood,Road Accident,Mobile App,40,Other,Rejected,9,No,0.2
C8360-N,P87254-A,Dhanuk Kashyap,2024-05-03,Property,Property,484155,484155,6042,648457,Lucknow,North,247,Light Rain,Hospitalization,Agent,22,Male,Settled,21,No,0.75
C8073-Q,P83069-H,Ira Buch,2024-08-09,Vehicle,Vehicle,67300,67300,41879,333249,Delhi,North,137,Heavy Rain,Road Accident,Agent,60,Male,Settled,29,No,0.2
C6374-H,P82634-E,Tara Rattan,2024-11-08,Property,Agriculture,349092,349092,41818,440350,Bangalore,South,81,Moderate Rain,Crop Loss,Online,53,Other,Rejected,29,Yes,0.79
C4569-Z,P63161-D,Mishti Kari,2024-08-21,Vehicle,Property,96526,96526,49423,385685,Mumbai,West,210,Flood,House Damage,Branch,22,Other,Settled,12,No,0.25
C7053-Z,P13396-W,Azad Rege,2024-08-02,Property,Property,486644,486644,39243,728304,Ahmedabad,West,51,Heavy Rain,Crop Loss,Agent,59,Female,Pending,29,No,0.67
C1380-O,P85704-A,Hrishita Wason,2024-08-15,Health,Vehicle,32365,32365,10448,153565,Lucknow,North,185,Heavy Rain,Hospitalization,Mobile App,56,Other,Rejected,21,No,0.21
C1194-H,P93188-P,Madhup Vora,2024-03-29,Agriculture,Property,223708,223708,33109,439169,Ahmedabad,West,186,Moderate Rain,Flood Damage,Online,46,Other,Settled,10,No,0.51
C7599-R,P48066-X,Adah Dar,2024-03-04,Health,Agriculture,83652,83652,15678,380625,Ahmedabad,West,133,Flood,Road Accident,Agent,38,Female,Settled,18,No,0.22
C5319-K,P19482-D,Lavanya Char,2024-02-14,Agriculture,Health,284848,284848,9735,467665,Bangalore,South,209,Light Rain,Flood Damage,Agent,53,Female,Settled,11,No,0.61
C5864-J,P91054-S,Kavya Ganesan,2024-08-12,Agriculture,Vehicle,200831,200831,15481,251747,Pune,West,166,Heavy Rain,Hospitalization,Branch,47,Female,Pending,3,No,0.8
C8454-J,P76918-I,Adah Solanki,2024-10-17,Agriculture,Property,270270,270270,21689,470269,Hyderabad,South,244,Heavy Rain,House Damage,Agent,28,Male,Settled,5,No,0.57
C2608-Q,P34101-P,Charvi Sarin,2024-11-09,Health,Property,179960,179960,16509,393156,Chennai,South,148,Heavy Rain,Flood Damage,Mobile App,37,Male,Pending,11,No,0.46
C6338-N,P30919-L,Rania Dhar,2024-04-27,Agriculture,Health,241036,241036,19745,483903,Bangalore,South,196,Heavy Rain,Road Accident,Branch,58,Female,Settled,3,No,0.5
C5135-D,P98718-O,Gokul Chatterjee,2024-10-31,Health,Agriculture,149778,149778,10429,316687,Jaipur,North,295,Flood,Flood Damage,Mobile App,45,Male,Settled,3,No,0.47
C8582-A,P18668-C,Dhanush Doshi,2024-08-29,Agriculture,Agriculture,96087,96087,46630,165866,Ahmedabad,West,143,Light Rain,Hospitalization,Agent,49,Female,Pending,14,No,0.58
C1721-B,P16869-G,Hrishita Choudhry,2024-02-12,Vehicle,Vehicle,94670,94670,29992,317375,Pune,West,193,Flood,Road Accident,Mobile App,39,Female,Pending,6,No,0.3
C5861-Q,P17662-O,Aradhya Dey,2024-09-19,Vehicle,Life,61446,61446,14673,315229,Chennai,South,57,Heavy Rain,Crop Loss,Agent,58,Other,Rejected,27,No,0.19
C8860-T,P34897-R,Taran Tank,2024-01-28,Property,Vehicle,372025,372025,46250,512363,Chennai,South,145,Light Rain,Crop Loss,Online,70,Male,Pending,10,No,0.73
C3912-M,P90530-R,Hazel Desai,2024-11-01,Vehicle,Life,82304,82304,19115,225640,Jaipur,North,190,Heavy Rain,House Damage,Mobile App,26,Female,Rejected,14,No,0.36
C4709-G,P59446-G,Pranay Ganesh,2024-05-05,Vehicle,Health,126737,126737,23642,227076,Lucknow,North,88,Flood,House Damage,Branch,67,Other,Settled,16,No,0.56
C3701-C,P76169-R,Pari Behl,2024-04-16,Vehicle,Health,72274,72274,33022,213183,Lucknow,North,156,Flood,Road Accident,Online,51,Female,Pending,12,No,0.34
C1044-X,P43649-S,Anaya Wali,2024-02-23,Vehicle,Health,112839,112839,14963,252191,Kolkata,East,298,Flood,Crop Loss,Online,61,Male,Pending,14,No,0.45
C7945-Q,P65711-Q,Kiara Sen,2024-09-15,Vehicle,Vehicle,52734,52734,41358,120846,Lucknow,North,218,Heavy Rain,Hospitalization,Mobile App,21,Male,Pending,18,No,0.44
C8270-B,P91049-D,Raghav Agrawal,2024-10-26,Property,Vehicle,297505,297505,24036,471357,Pune,West,252,Heavy Rain,House Damage,Agent,68,Female,Pending,20,No,0.63
C9883-N,P14836-K,Raghav Rao,2024-09-14,Health,Property,75837,75837,47657,237617,Pune,West,140,Moderate Rain,Flood Damage,Branch,50,Male,Pending,11,No,0.32
C7586-P,P82948-L,Chirag Gaba,2024-06-06,Vehicle,Life,123478,123478,6291,394187,Lucknow,North,69,Heavy Rain,Crop Loss,Online,35,Male,Settled,12,No,0.31
C7355-B,P93067-R,Yuvaan Bhasin,2024-09-07,Agriculture,Life,115618,115618,19955,372322,Pune,West,107,Moderate Rain,House Damage,Online,22,Other,Settled,17,No,0.31
C4582-M,P39708-W,Aaina Lall,2024-09-13,Health,Agriculture,153319,153319,36894,387882,Kolkata,East,58,Heavy Rain,Road Accident,Online,29,Other,Pending,10,No,0.4
C9541-N,P97209-T,Abram Dugal,2024-04-27,Agriculture,Property,176879,176879,24174,230258,Chennai,South,111,Light Rain,Crop Loss,Agent,48,Other,Settled,15,No,0.77
C4936-T,P16293-R,Nayantara Dara,2024-08-17,Agriculture,Health,297901,207642,31589,499322,Hyderabad,South,91,Moderate Rain,Hospitalization,Online,65,Other,Settled,3,No,0.6
C8563-M,P12503-K,Manjari Amble,2024-06-02,Property,Vehicle,314557,314557,14468,452401,Kolkata,East,293,Light Rain,Road Accident,Branch,45,Female,Pending,13,No,0.7
C3108-R,P91694-E,Arhaan Konda,2024-12-04,Health,Life,185473,185473,39955,304605,Lucknow,North,91,Moderate Rain,Hospitalization,Branch,62,Female,Rejected,29,No,0.61
C4310-W,P17932-Z,Ishita Sankaran,2024-12-04,Agriculture,Health,267894,267894,39179,381657,Ahmedabad,West,57,Light Rain,Road Accident,Online,19,Other,Settled,30,No,0.7
C1834-R,P84569-D,Anay Agrawal,2024-11-07,Property,Property,479211,479211,19710,711204,Hyderabad,South,260,Light Rain,Road Accident,Online,67,Male,Pending,10,No,0.67
C7792-C,P89100-N,Suhana Lala,2024-10-15,Property,Vehicle,467947,467947,41894,532879,Ahmedabad,West,258,Light Rain,House Damage,Agent,59,Male,Pending,3,No,0.88
C8361-W,P37519-H,Ira Luthra,2024-01-10,Health,Property,59243,59243,7838,128948,Chennai,South,212,Light Rain,Crop Loss,Agent,24,Other,Settled,4,No,0.46
C1559-I,P64873-J,Vedika Bhalla,2024-02-15,Agriculture,Vehicle,55331,55331,11336,203511,Delhi,North,109,Light Rain,Flood Damage,Online,34,Male,Rejected,5,No,0.27
C2807-N,P62993-C,Tanya Yadav,2024-01-26,Property,Health,322811,322811,17336,475962,Kolkata,East,113,Moderate Rain,Flood Damage,Branch,67,Female,Settled,10,No,0.68
C6444-T,P99744-X,Faiyaz Banik,2024-01-23,Property,Health,178290,178290,28426,355939,Hyderabad,South,128,Heavy Rain,House Damage,Branch,66,Female,Settled,24,No,0.5
C3946-O,P75593-I,Prerak Dayal,2024-07-17,Agriculture,Vehicle,243779,243779,16439,508396,Lucknow,North,211,Flood,Road Accident,Online,41,Other,Settled,14,No,0.48
C7312-K,P76742-B,Darshit Kota,2024-12-19,Health,Vehicle,148279,148279,14536,360891,Delhi,North,116,Flood,Crop Loss,Mobile App,46,Other,Settled,3,No,0.41
C2262-Z,P84088-W,Alia Agarwal,2024-11-26,Property,Vehicle,377357,261739,13505,446713,Bangalore,South,191,Flood,Flood Damage,Branch,63,Other,Settled,12,Yes,0.84
C3413-X,P57625-E,Hridaan Subramanian,2024-01-29,Health,Health,131207,131207,26744,289339,Kolkata,East,190,Light Rain,Hospitalization,Agent,26,Other,Settled,22,No,0.45
C6252-B,P95177-K,Hazel Rajan,2024-05-17,Property,Agriculture,207583,207583,46254,360055,Lucknow,North,266,Heavy Rain,House Damage,Agent,21,Male,Rejected,3,Yes,0.58
C4885-F,P40012-R,Manikya Swaminathan,2024-10-01,Vehicle,Agriculture,67102,67102,14566,350061,Lucknow,North,220,Flood,Road Accident,Online,27,Other,Rejected,16,No,0.19
C4896-J,P15109-Z,Anahi Banik,2024-07-28,Vehicle,Life,129104,129104,32953,200428,Pune,West,284,Moderate Rain,House Damage,Branch,59,Male,Settled,20,No,0.64
C4595-D,P69917-W,Navya Salvi,2024-11-24,Agriculture,Property,256989,256989,30000,512214,Delhi,North,120,Heavy Rain,House Damage,Branch,57,Male,Rejected,9,No,0.5
C8873-O,P79291-Q,Alia Magar,2024-04-23,Agriculture,Life,189374,189374,48880,465526,Hyderabad,South,71,Flood,Road Accident,Mobile App,65,Male,Settled,20,No,0.41
C7480-J,P40504-L,Amira Anne,2024-06-16,Vehicle,Vehicle,126761,126761,39564,194398,Lucknow,North,140,Moderate Rain,Flood Damage,Agent,34,Other,Settled,7,No,0.65
C2657-U,P17671-S,Yuvraj  Bhalla,2024-01-02,Vehicle,Life,123539,123539,19255,275643,Bangalore,South,191,Light Rain,Flood Damage,Branch,30,Male,Settled,14,No,0.45
C4614-A,P21094-I,Raghav Sanghvi,2024-12-07,Agriculture,Vehicle,265462,245226,22019,561238,Delhi,North,73,Moderate Rain,House Damage,Mobile App,29,Female,Settled,20,No,0.47
C6596-A,P99133-A,Piya Kumar,2024-08-13,Health,Vehicle,60810,60810,34048,357768,Lucknow,North,149,Moderate Rain,Flood Damage,Branch,42,Female,Settled,24,No,0.17
C7171-Y,P98975-H,Pranay Malhotra,2024-12-28,Health,Property,20410,20410,13840,274541,Pune,West,115,Moderate Rain,Flood Damage,Mobile App,67,Male,Settled,8,No,0.07
C1170-E,P19202-X,Shaan Chandran,2024-09-19,Vehicle,Life,144310,144310,8943,290804,Pune,West,291,Moderate Rain,Crop Loss,Branch,47,Female,Pending,8,No,0.5
C3360-B,P45937-B,Jayesh Rao,2024-06-27,Property,Life,127775,76840,49756,266584,Lucknow,North,272,Flood,Flood Damage,Agent,59,Other,Settled,22,No,0.48
C9808-I,P56289-V,Zeeshan Setty,2024-05-26,Property,Vehicle,331864,331864,8655,458254,Bangalore,South,67,Light Rain,Crop Loss,Branch,67,Male,Pending,14,No,0.72
C1944-L,P25108-B,Jayesh Venkatesh,2024-11-06,Property,Vehicle,498586,498586,22459,773938,Chennai,South,298,Heavy Rain,Hospitalization,Agent,45,Male,Pending,25,No,0.64
C4826-N,P93764-H,Trisha Srinivas,2024-03-13,Health,Agriculture,105690,105690,22699,208967,Jaipur,North,113,Heavy Rain,House Damage,Mobile App,57,Male,Settled,23,No,0.51
C7473-J,P64437-W,Charvi Raman,2024-07-22,Property,Health,316101,316101,19439,511375,Lucknow,North,143,Flood,Crop Loss,Mobile App,22,Other,Pending,25,Yes,0.62
C3705-E,P30799-U,Advika Yogi,2024-07-16,Health,Property,165824,165824,33074,318257,Delhi,North,78,Heavy Rain,Flood Damage,Agent,29,Female,Settled,30,No,0.52
C7146-R,P10764-F,Purab Das,2024-08-06,Health,Life,133548,133548,35097,243938,Chennai,South,130,Light Rain,Road Accident,Branch,50,Other,Pending,7,No,0.55
C1567-W,P68464-B,Kashvi Mammen,2024-01-14,Agriculture,Life,237001,237001,42142,462028,Mumbai,West,224,Light Rain,House Damage,Mobile App,55,Male,Settled,8,No,0.51
C3339-G,P11626-G,Purab Mannan,2024-05-28,Agriculture,Life,77901,77901,6983,146187,Pune,West,189,Flood,Crop Loss,Online,35,Female,Pending,18,No,0.53
C9006-W,P22082-S,Eva Gour,2024-08-26,Vehicle,Vehicle,109568,109568,46642,254384,Lucknow,North,264,Flood,Hospitalization,Mobile App,56,Male,Settled,15,No,0.43
C7057-S,P33732-Y,Shray Kata,2024-08-30,Agriculture,Property,281027,281027,36933,470959,Hyderabad,South,108,Heavy Rain,House Damage,Agent,61,Other,Settled,15,No,0.6
C7514-J,P97597-M,Ritvik Johal,2024-03-21,Agriculture,Life,233406,233406,5274,473700,Hyderabad,South,268,Light Rain,Crop Loss,Agent,35,Other,Settled,9,No,0.49
C1405-O,P26449-J,Dhanuk Hans,2024-05-30,Property,Health,386314,386314,23731,584033,Kolkata,East,126,Heavy Rain,Flood Damage,Branch,25,Other,Rejected,23,No,0.66
C1977-S,P74314-D,Shray Sundaram,2024-03-09,Agriculture,Property,223803,118126,19539,453252,Jaipur,North,227,Heavy Rain,Road Accident,Branch,52,Other,Settled,26,No,0.49
C4749-U,P15234-H,Azad Ranganathan,2024-03-07,Vehicle,Agriculture,39905,39905,30684,252595,Kolkata,East,256,Flood,Crop Loss,Mobile App,43,Female,Settled,26,No,0.16
C9404-I,P21104-S,Aniruddh Bedi,2024-11-12,Property,Health,432510,432510,12543,720937,Jaipur,North,80,Heavy Rain,Hospitalization,Mobile App,67,Male,Settled,23,No,0.6
C1891-P,P14192-E,Zaina Edwin,2024-08-24,Agriculture,Agriculture,131261,131261,8618,383391,Ahmedabad,West,133,Moderate Rain,House Damage,Online,64,Male,Settled,10,No,0.34
C9536-U,P88088-Q,Ehsaan Bajaj,2024-12-18,Health,Life,89755,79762,12821,355625,Delhi,North,170,Moderate Rain,Flood Damage,Mobile App,21,Female,Pending,9,No,0.25
C3741-V,P27259-N,Kanav Deep,2024-10-26,Agriculture,Health,295708,295708,39777,565697,Delhi,North,96,Moderate Rain,Crop Loss,Online,53,Female,Settled,10,No,0.52
C3856-X,P41045-G,Adira Kamdar,2024-02-13,Agriculture,Property,115303,115303,20879,407664,Jaipur,North,172,Flood,Crop Loss,Mobile App,38,Other,Settled,12,No,0.28
C5493-D,P70235-M,Samarth Raman,2024-08-23,Agriculture,Agriculture,186835,186835,47152,266981,Hyderabad,South,237,Moderate Rain,House Damage,Online,40,Other,Pending,29,No,0.7
C6078-K,P29192-W,Aarav Sha,2024-01-26,Property,Health,477409,477409,30227,598570,Ahmedabad,West,206,Light Rain,Road Accident,Branch,18,Male,Settled,3,No,0.8
C9669-S,P31098-Y,Hridaan Bandi,2024-07-31,Vehicle,Vehicle,85654,49427,46014,194226,Pune,West,166,Flood,Crop Loss,Branch,60,Other,Settled,12,No,0.44
C8623-Q,P60505-D,Tara Saha,2024-03-01,Property,Property,358391,358391,29857,610474,Chennai,South,104,Heavy Rain,Road Accident,Mobile App,69,Other,Settled,23,No,0.59
C2224-L,P53157-G,Charvi Bhatt,2024-09-07,Health,Health,54048,54048,42048,249694,Mumbai,West,217,Moderate Rain,Road Accident,Branch,34,Female,Pending,14,No,0.22
C5944-E,P67206-C,Neysa Keer,2024-01-27,Property,Vehicle,299107,299107,12436,439545,Ahmedabad,West,68,Flood,Road Accident,Online,33,Other,Settled,25,No,0.68
C2101-I,P73707-N,Tushar Ranganathan,2024-12-11,Vehicle,Property,125493,125493,7317,418352,Bangalore,South,61,Moderate Rain,Crop Loss,Online,53,Female,Pending,5,No,0.3
C1914-A,P46746-M,Neelofar Bava,2024-09-24,Property,Life,424755,424755,6341,523832,Jaipur,North,128,Moderate Rain,Crop Loss,Agent,59,Female,Settled,24,No,0.81
C1992-W,P53313-F,Lavanya Karan,2024-04-26,Agriculture,Vehicle,227031,227031,9146,295315,Jaipur,North,219,Moderate Rain,Hospitalization,Mobile App,33,Other,Settled,24,No,0.77
C3895-H,P20546-B,Yuvaan Cherian,2024-12-20,Property,Agriculture,282725,282725,14265,494490,Bangalore,South,52,Heavy Rain,Hospitalization,Agent,48,Male,Pending,24,No,0.57
C8252-F,P39367-W,Kashvi Ghose,2024-12-22,Agriculture,Life,128882,118776,38931,201503,Jaipur,North,102,Heavy Rain,Flood Damage,Mobile App,41,Male,Settled,5,No,0.64
C2898-Z,P97736-A,Ivana Desai,2024-02-01,Health,Vehicle,44546,44546,13554,160093,Ahmedabad,West,240,Heavy Rain,Road Accident,Online,29,Female,Pending,25,No,0.28
C3385-P,P44774-S,Nehmat Chahal,2024-01-19,Agriculture,Health,256190,256190,16475,506325,Hyderabad,South,203,Moderate Rain,Hospitalization,Mobile App,64,Other,Settled,28,Yes,0.51
C6013-V,P95753-L,Kismat Banik,2024-11-04,Health,Life,78971,78971,9392,324451,Mumbai,West,208,Light Rain,Road Accident,Online,56,Female,Settled,14,No,0.24
C1574-Z,P23920-C,Abram Mand,2024-10-23,Vehicle,Life,103094,91310,25435,342079,Ahmedabad,West,157,Heavy Rain,Flood Damage,Mobile App,18,Female,Settled,26,No,0.3
C9384-Y,P98970-J,Madhup Chaudry,2024-03-04,Health,Agriculture,124122,124122,30579,313781,Pune,West,210,Heavy Rain,Road Accident,Online,57,Female,Rejected,20,No,0.4
C7176-V,P25631-G,Ehsaan Kala,2024-09-30,Property,Agriculture,454502,454502,40206,511983,Lucknow,North,117,Flood,Road Accident,Branch,34,Other,Settled,8,No,0.89
C1425-P,P66952-F,Hunar Loyal,2024-01-06,Health,Health,87844,87844,21324,353413,Ahmedabad,West,57,Moderate Rain,Hospitalization,Online,27,Female,Pending,17,No,0.25
C2873-H,P88130-F,Advik Sampath,2024-06-23,Health,Life,162003,151781,48845,269365,Jaipur,North,154,Flood,Hospitalization,Online,41,Female,Settled,16,No,0.6
C2226-Z,P48456-X,Navya Bera,2024-12-21,Agriculture,Vehicle,54978,54978,45829,121844,Jaipur,North,295,Flood,Hospitalization,Branch,64,Female,Settled,27,No,0.45
C8023-L,P74130-V,Saira Taneja,2024-10-25,Health,Agriculture,191075,191075,35742,470587,Bangalore,South,299,Light Rain,Hospitalization,Agent,43,Other,Rejected,21,No,0.41
C7074-K,P34060-V,Nitya Krishna,2024-11-22,Health,Agriculture,42170,42170,33049,267850,Bangalore,South,177,Flood,House Damage,Online,66,Male,Pending,5,No,0.16
C3369-B,P26768-S,Ritvik Bawa,2024-11-07,Property,Life,455750,455750,36004,579965,Mumbai,West,202,Heavy Rain,Road Accident,Branch,62,Female,Rejected,19,No,0.79
C5289-F,P34655-G,Advika Rajan,2024-03-01,Health,Health,122386,122386,22679,389098,Bangalore,South,265,Flood,Flood Damage,Branch,28,Other,Pending,6,No,0.31
C8518-J,P70128-A,Misha Yadav,2024-07-06,Property,Life,214347,214347,24629,285700,Lucknow,North,136,Light Rain,Flood Damage,Mobile App,43,Female,Pending,24,No,0.75
C9590-H,P11388-L,Neysa Varghese,2024-02-14,Property,Life,244684,244684,16381,450483,Delhi,North,153,Heavy Rain,Crop Loss,Agent,63,Male,Rejected,30,No,0.54
C9621-Y,P89974-D,Kavya Garg,2024-05-06,Property,Agriculture,299376,299376,47586,570077,Hyderabad,South,58,Light Rain,Road Accident,Branch,26,Female,Pending,6,No,0.53
C9128-Z,P51785-L,Vidur Lall,2024-05-05,Agriculture,Life,103431,103431,24716,213364,Chennai,South,142,Flood,Flood Damage,Mobile App,21,Other,Pending,16,No,0.48
C1722-G,P19553-P,Drishya Sibal,2024-04-11,Agriculture,Life,280485,280485,19944,384423,Chennai,South,152,Flood,Hospitalization,Agent,58,Other,Pending,10,No,0.73
C3247-O,P84948-A,Azad Wali,2024-12-14,Agriculture,Property,178197,178197,9916,409002,Pune,West,113,Light Rain,Flood Damage,Branch,57,Other,Pending,28,Yes,0.44
C1693-P,P27582-V,Ahana  Wagle,2024-02-08,Health,Life,161354,161354,27966,389028,Chennai,South,241,Light Rain,Road Accident,Mobile App,42,Male,Settled,25,No,0.41
C1575-W,P49365-K,Nehmat Tara,2024-03-25,Vehicle,Agriculture,55026,51892,5239,340438,Chennai,South,105,Heavy Rain,Road Accident,Online,19,Other,Settled,4,No,0.16
C2115-E,P11209-S,Khushi Reddy,2024-11-07,Agriculture,Life,238450,238450,11707,291924,Pune,West,118,Light Rain,Crop Loss,Online,35,Female,Pending,30,No,0.82
C4455-U,P34413-E,Diya Sibal,2024-06-28,Vehicle,Health,72500,72500,49341,260383,Bangalore,South,135,Flood,Flood Damage,Branch,35,Male,Settled,19,No,0.28
C5089-U,P41684-M,Shanaya Saha,2024-06-23,Vehicle,Vehicle,123041,123041,17914,228167,Ahmedabad,West,261,Moderate Rain,Hospitalization,Online,62,Male,Pending,25,No,0.54
C9508-S,P88705-J,Madhav Master,2024-01-11,Vehicle,Property,101615,101615,46524,260951,Bangalore,South,166,Light Rain,Road Accident,Branch,46,Female,Rejected,14,No,0.39
C2603-Y,P15344-L,Anvi Lad,2024-03-07,Health,Property,60177,60177,17108,130930,Kolkata,East,55,Flood,Flood Damage,Mobile App,53,Other,Settled,22,No,0.46
C7191-W,P18018-M,Samaira Golla,2024-03-20,Vehicle,Vehicle,94116,94116,9270,361004,Delhi,North,295,Heavy Rain,Crop Loss,Agent,63,Male,Rejected,5,No,0.26
C9031-S,P33526-G,Tejas Lalla,2024-09-13,Vehicle,Health,75805,75805,29556,160362,Mumbai,West,262,Flood,Road Accident,Branch,38,Other,Rejected,10,No,0.47
C9874-B,P39443-C,Sana Chaudhry,2024-12-02,Agriculture,Life,170711,170711,9968,365517,Hyderabad,South,287,Light Rain,Flood Damage,Mobile App,25,Male,Settled,20,No,0.47
C7024-L,P64212-X,Bhamini Sachdeva,2024-04-22,Vehicle,Property,127906,127906,42926,344493,Delhi,North,204,Light Rain,Crop Loss,Agent,31,Female,Settled,25,No,0.37
C4375-X,P15167-J,Tushar Devan,2024-09-06,Vehicle,Vehicle,145176,145176,48116,276077,Lucknow,North,72,Light Rain,Road Accident,Mobile App,49,Female,Pending,6,No,0.53
C1593-D,P71702-Z,Kiaan Chandran,2024-07-08,Agriculture,Life,281242,281242,6724,460766,Lucknow,North,50,Light Rain,House Damage,Agent,46,Other,Settled,30,No,0.61
C3229-Y,P51074-Y,Shalv Bhavsar,2024-07-23,Property,Property,149322,149322,23627,387247,Ahmedabad,West,296,Light Rain,Hospitalization,Agent,70,Other,Pending,15,No,0.39
C3636-X,P40379-V,Mannat Majumdar,2024-05-07,Health,Life,81056,81056,14107,288023,Bangalore,South,62,Flood,Crop Loss,Online,38,Female,Settled,6,No,0.28
C3518-X,P59565-F,Hansh Dewan,2024-05-05,Agriculture,Life,240530,240530,23856,456193,Lucknow,North,198,Light Rain,Hospitalization,Agent,43,Male,Pending,5,No,0.53
C5508-M,P62387-J,Neelofar Ravi,2024-02-22,Property,Vehicle,242597,242597,26891,430462,Mumbai,West,185,Flood,Flood Damage,Mobile App,22,Male,Settled,14,No,0.56
C9881-R,P68986-G,Vivaan Datta,2024-08-04,Agriculture,Health,116592,116592,34487,284096,Pune,West,110,Flood,Flood Damage,Branch,42,Female,Settled,8,No,0.41
C3848-M,P39284-S,Divij Sastry,2024-10-30,Health,Health,182696,182696,10037,286719,Hyderabad,South,231,Heavy Rain,Hospitalization,Branch,18,Male,Settled,7,No,0.64
C2195-E,P98485-P,Vivaan Kant,2024-06-15,Property,Agriculture,397973,397973,11598,473091,Mumbai,West,229,Moderate Rain,Road Accident,Mobile App,53,Male,Pending,20,No,0.84
C1830-V,P19113-I,Tushar Khurana,2024-04-02,Vehicle,Health,139728,139728,11655,386658,Delhi,North,67,Heavy Rain,Crop Loss,Mobile App,57,Male,Settled,29,No,0.36
C6628-I,P98906-H,Anahi Sarraf,2024-07-26,Property,Vehicle,497916,497916,9981,672596,Jaipur,North,189,Flood,Hospitalization,Online,28,Female,Settled,23,No,0.74
C1398-R,P27061-O,Misha Balakrishnan,2024-08-24,Health,Life,48719,48719,17960,203431,Bangalore,South,179,Flood,House Damage,Branch,25,Other,Settled,3,No,0.24
C3965-R,P93504-J,Anika De,2024-12-12,Agriculture,Health,138109,70782,49879,328890,Kolkata,East,120,Flood,Road Accident,Agent,26,Male,Settled,6,No,0.42
C4226-R,P85050-S,Jivin Ramesh,2024-02-04,Vehicle,Health,79135,79135,31072,183940,Bangalore,South,250,Heavy Rain,Hospitalization,Branch,22,Female,Pending,24,No,0.43
C1123-D,P20906-Y,Kabir Buch,2024-06-26,Health,Life,192762,192252,46667,355473,Chennai,South,180,Heavy Rain,Crop Loss,Mobile App,45,Female,Pending,7,No,0.54
C8663-B,P94285-G,Dharmajan Bir,2024-08-01,Property,Property,486407,486407,22103,674996,Delhi,North,196,Flood,House Damage,Branch,54,Female,Pending,8,No,0.72
C4365-B,P40086-P,Manjari Batra,2024-01-19,Agriculture,Life,84014,84014,23150,233649,Hyderabad,South,159,Light Rain,Flood Damage,Online,57,Female,Settled,28,No,0.36
C5562-A,P44709-N,Romil Rajagopalan,2024-02-13,Property,Life,275873,275873,14300,527567,Bangalore,South,288,Light Rain,House Damage,Online,45,Male,Pending,3,No,0.52
C7835-U,P23319-W,Damini Sandhu,2024-05-26,Agriculture,Property,83367,83367,35938,368557,Kolkata,East,111,Moderate Rain,Hospitalization,Mobile App,47,Male,Pending,11,No,0.23
C2569-Q,P82876-X,Myra Zachariah,2024-02-28,Property,Life,390176,390176,12725,553603,Kolkata,East,102,Moderate Rain,Hospitalization,Agent,70,Female,Pending,25,No,0.7
C8874-Z,P66819-A,Nishith Gade,2024-07-11,Health,Agriculture,128970,128970,47673,357135,Pune,West,133,Moderate Rain,House Damage,Online,57,Female,Pending,28,No,0.36
C9982-O,P38642-K,Charvi Sant,2024-07-09,Health,Agriculture,106555,106555,17183,169246,Delhi,North,207,Flood,Crop Loss,Mobile App,64,Other,Settled,8,No,0.63
C9591-Y,P15646-B,Adah Kothari,2024-07-11,Vehicle,Agriculture,129293,109098,24930,287823,Lucknow,North,247,Flood,Hospitalization,Mobile App,31,Female,Settled,17,Yes,0.45
C3488-V,P83030-P,Ryan Bhagat,2024-05-13,Property,Agriculture,347843,347843,29995,476901,Pune,West,246,Heavy Rain,Flood Damage,Mobile App,55,Female,Settled,11,No,0.73
C5434-S,P46503-Q,Nehmat Dora,2024-12-12,Property,Health,267959,267959,48913,370742,Lucknow,North,231,Flood,Flood Damage,Agent,43,Female,Settled,3,No,0.72
C6451-M,P29717-N,Taran Wason,2024-10-28,Agriculture,Property,133508,133508,47808,264050,Jaipur,North,129,Heavy Rain,House Damage,Agent,56,Other,Settled,21,No,0.51
C6916-S,P69238-E,Zoya Devi,2024-10-18,Vehicle,Life,65417,65417,17399,201875,Hyderabad,South,205,Heavy Rain,House Damage,Branch,42,Male,Settled,15,No,0.32
C1122-I,P38934-Q,Dhanuk Salvi,2024-12-30,Agriculture,Agriculture,265663,265663,33683,379675,Chennai,South,210,Light Rain,Hospitalization,Online,35,Female,Settled,20,No,0.7
C4777-P,P51069-C,Pihu Som,2024-10-05,Property,Vehicle,468762,468762,28603,646714,Pune,West,116,Moderate Rain,Road Accident,Online,40,Male,Settled,19,No,0.72
C6114-X,P14451-P,Eshani Upadhyay,2024-11-15,Vehicle,Life,108561,108561,26174,338767,Delhi,North,50,Light Rain,Hospitalization,Mobile App,54,Female,Pending,20,No,0.32
C6030-Z,P52746-D,Baiju Bail,2024-09-25,Property,Agriculture,235202,235202,47957,511055,Jaipur,North,190,Moderate Rain,Road Accident,Agent,41,Other,Settled,6,No,0.46
C3580-F,P14049-M,Mannat Borah,2024-12-14,Property,Property,314133,314133,48516,401683,Pune,West,230,Flood,Crop Loss,Branch,30,Female,Settled,13,No,0.78
C9086-F,P45268-V,Samar Kannan,2024-04-16,Property,Life,226909,226909,40177,443024,Lucknow,North,62,Heavy Rain,House Damage,Online,59,Male,Settled,14,No,0.51
C7734-S,P87752-C,Mamooty Chadha,2024-05-15,Health,Life,45923,45923,46521,108130,Jaipur,North,280,Moderate Rain,Flood Damage,Branch,55,Other,Settled,5,No,0.42
C3887-H,P32574-R,Rasha Kunda,2024-08-07,Vehicle,Vehicle,115582,115582,13233,385544,Bangalore,South,270,Moderate Rain,House Damage,Online,41,Other,Settled,17,No,0.3
C6333-O,P34428-P,Vidur Malhotra,2024-06-03,Health,Vehicle,78870,78870,7106,270461,Hyderabad,South,138,Flood,Hospitalization,Mobile App,49,Male,Settled,13,Yes,0.29
C2398-T,P70248-N,Zoya Srinivas,2024-01-03,Health,Health,59687,59687,42244,315307,Delhi,North,136,Light Rain,Road Accident,Mobile App,64,Male,Settled,15,No,0.19
C3269-E,P37824-G,Anaya Balakrishnan,2024-10-31,Property,Life,360171,360171,47670,457324,Hyderabad,South,268,Flood,House Damage,Branch,43,Male,Pending,13,No,0.79
C7698-S,P96026-E,Samaira Subramaniam,2024-11-21,Property,Agriculture,405559,257857,15593,607381,Chennai,South,262,Flood,Road Accident,Branch,19,Female,Pending,22,No,0.67
C4561-M,P29234-D,Reyansh Ravi,2024-02-28,Vehicle,Vehicle,38278,38278,37915,157927,Hyderabad,South,107,Moderate Rain,Crop Loss,Branch,21,Male,Settled,12,Yes,0.24
C8543-I,P69884-F,Veer Jani,2024-03-01,Vehicle,Property,113746,113746,5165,275079,Hyderabad,South,58,Heavy Rain,Road Accident,Online,32,Female,Settled,16,No,0.41
C5220-G,P78810-I,Kartik Rattan,2024-09-13,Vehicle,Life,69710,69710,30037,328920,Chennai,South,128,Heavy Rain,Flood Damage,Online,40,Male,Settled,17,No,0.21
C9819-G,P44989-M,Urvi Kapadia,2024-08-02,Vehicle,Life,95959,95959,36800,377418,Bangalore,South,236,Flood,Crop Loss,Agent,41,Other,Settled,20,No,0.25
C7708-K,P65088-H,Prisha Apte,2024-04-23,Agriculture,Vehicle,208975,208975,45272,461082,Bangalore,South,225,Heavy Rain,House Damage,Agent,66,Other,Settled,10,No,0.45
C2140-U,P87266-I,Tarini Swaminathan,2024-05-08,Health,Property,65041,65041,9389,253636,Jaipur,North,195,Flood,Crop Loss,Agent,29,Other,Settled,4,No,0.26
C5997-O,P68147-B,Rania Sidhu,2024-12-12,Vehicle,Health,124555,124555,39723,199617,Ahmedabad,West,133,Moderate Rain,Crop Loss,Online,58,Female,Settled,14,No,0.62
C5898-R,P55602-I,Yuvraj  Dey,2024-04-23,Property,Health,257239,257239,27826,466359,Mumbai,West,249,Moderate Rain,House Damage,Mobile App,63,Male,Settled,28,No,0.55
C7165-R,P52760-V,Gatik Dayal,2024-02-22,Agriculture,Vehicle,289524,289524,45736,472477,Delhi,North,279,Light Rain,Hospitalization,Branch,57,Female,Settled,5,No,0.61
C8455-J,P25701-C,Charvi Raju,2024-06-20,Health,Health,29858,29858,10000,127727,Bangalore,South,240,Heavy Rain,Hospitalization,Branch,36,Female,Settled,20,No,0.23
C1833-I,P27241-R,Rasha Sarin,2024-03-11,Agriculture,Property,177207,177207,32663,262171,Ahmedabad,West,216,Flood,Crop Loss,Branch,53,Male,Settled,4,No,0.68
C5787-E,P38129-S,Prerak Dugar,2024-10-05,Agriculture,Life,128817,128817,42763,240996,Bangalore,South,274,Light Rain,Road Accident,Branch,55,Male,Pending,28,No,0.53
C4029-Y,P37080-R,Madhav Kaul,2024-08-07,Vehicle,Health,58482,58482,44222,184703,Mumbai,West,235,Moderate Rain,Road Accident,Online,31,Male,Settled,22,No,0.32
C2813-I,P12578-C,Ryan Rao,2024-05-04,Vehicle,Vehicle,39697,39697,26265,281373,Ahmedabad,West,143,Flood,Flood Damage,Online,22,Female,Settled,5,No,0.14
C5134-Q,P32881-F,Khushi Sandal,2024-11-19,Health,Health,120021,120021,13687,410520,Chennai,South,188,Light Rain,Flood Damage,Branch,35,Other,Pending,4,No,0.29
C6073-K,P26039-U,Inaaya  Rana,2024-07-30,Health,Property,170385,170385,22559,421003,Mumbai,West,94,Light Rain,Hospitalization,Branch,64,Male,Settled,28,No,0.4
C2940-V,P28733-A,Aniruddh Chahal,2024-08-22,Property,Agriculture,496406,496406,10209,789370,Lucknow,North,282,Heavy Rain,Road Accident,Online,64,Female,Settled,21,No,0.63
C8117-G,P46667-A,Amira Sagar,2024-08-21,Agriculture,Property,129495,129495,35382,245126,Delhi,North,50,Moderate Rain,Crop Loss,Mobile App,67,Male,Settled,4,No,0.53
C9464-E,P35149-S,Anahita Lall,2024-02-24,Health,Property,52555,52555,43784,235422,Ahmedabad,West,123,Flood,House Damage,Mobile App,34,Other,Rejected,30,No,0.22
C5078-I,P54727-J,Aarush Bhargava,2024-07-04,Agriculture,Vehicle,224269,220253,25905,518748,Ahmedabad,West,247,Flood,Flood Damage,Online,43,Male,Settled,7,No,0.43
C9557-M,P47204-J,Mehul Rajan,2024-06-01,Health,Life,62706,61458,33216,188923,Jaipur,North,273,Flood,Road Accident,Branch,26,Female,Pending,3,No,0.33
C6364-F,P18353-W,Kashvi Bajwa,2024-10-15,Property,Health,434691,434691,7830,513650,Lucknow,North,172,Moderate Rain,Hospitalization,Branch,50,Male,Pending,14,No,0.85
C9869-X,P83665-M,Kabir Seshadri,2024-02-03,Vehicle,Health,140748,140748,14238,266359,Hyderabad,South,159,Flood,Road Accident,Agent,32,Male,Settled,24,No,0.53
C3260-D,P81699-K,Siya Ratta,2024-09-10,Agriculture,Agriculture,113022,113022,27374,268030,Chennai,South,101,Flood,House Damage,Agent,57,Female,Settled,24,No,0.42
C7953-Y,P20667-T,Aaryahi Krish,2024-01-17,Health,Health,112758,112758,19255,387027,Bangalore,South,79,Moderate Rain,Flood Damage,Agent,39,Other,Settled,10,No,0.29
C4768-J,P45752-N,Adah Bora,2024-05-10,Vehicle,Property,109755,109755,13391,290507,Jaipur,North,70,Light Rain,Flood Damage,Branch,43,Male,Settled,26,No,0.38
C2719-E,P98346-G,Misha Ratta,2024-01-02,Vehicle,Agriculture,129129,129129,27376,259636,Delhi,North,240,Heavy Rain,House Damage,Branch,24,Female,Settled,22,No,0.5
C3378-X,P40701-B,Mehul Mangal,2024-08-31,Agriculture,Vehicle,263390,263390,46100,490997,Hyderabad,South,292,Light Rain,Crop Loss,Mobile App,65,Female,Pending,26,No,0.54
C3954-V,P57115-H,Divij Wagle,2024-07-15,Health,Health,189778,189778,30840,400172,Mumbai,West,223,Moderate Rain,Road Accident,Mobile App,67,Other,Pending,7,No,0.47
C9277-M,P33582-P,Kiara Dhar,2024-08-22,Agriculture,Property,293272,293272,31726,392700,Bangalore,South,179,Moderate Rain,House Damage,Online,47,Female,Settled,7,No,0.75
C4610-S,P48670-W,Jayant Randhawa,2024-04-18,Agriculture,Agriculture,279930,279930,43881,417506,Jaipur,North,295,Heavy Rain,House Damage,Mobile App,60,Other,Settled,12,No,0.67
C4475-S,P51093-O,Advika Vohra,2024-10-26,Health,Agriculture,105167,105167,25870,291454,Jaipur,North,162,Moderate Rain,Crop Loss,Online,60,Female,Settled,29,No,0.36
C8550-G,P62819-V,Raghav Sood,2024-05-03,Vehicle,Health,81494,81494,5733,187551,Jaipur,North,149,Heavy Rain,House Damage,Branch,42,Female,Settled,11,No,0.43
C1042-P,P57434-F,Pihu Tank,2024-03-07,Property,Agriculture,273954,273954,6663,526037,Chennai,South,69,Heavy Rain,Road Accident,Agent,36,Female,Settled,19,Yes,0.52
C1969-Q,P71181-B,Sumer Kurian,2024-05-25,Property,Life,366490,366490,39060,637336,Jaipur,North,102,Heavy Rain,Hospitalization,Agent,56,Other,Pending,5,No,0.58
C4247-J,P90526-A,Urvi Mahal,2024-06-08,Vehicle,Health,87861,87861,15648,216640,Mumbai,West,275,Heavy Rain,Flood Damage,Branch,48,Male,Settled,12,No,0.41
C3901-W,P33527-R,Rania Sura,2024-02-29,Agriculture,Vehicle,293972,293972,49434,433762,Kolkata,East,61,Light Rain,House Damage,Mobile App,36,Other,Settled,26,Yes,0.68
C9115-E,P51584-G,Neelofar Sekhon,2024-04-29,Property,Life,176429,108799,11980,336870,Pune,West,291,Light Rain,Hospitalization,Agent,53,Male,Pending,20,No,0.52
C1431-U,P64305-J,Shaan Shan,2024-01-10,Vehicle,Property,99936,99936,27334,238382,Bangalore,South,195,Moderate Rain,Crop Loss,Agent,41,Other,Pending,16,No,0.42
C3601-I,P41616-V,Aarav Sha,2024-03-16,Vehicle,Vehicle,149560,149560,42412,242929,Ahmedabad,West,300,Heavy Rain,Crop Loss,Mobile App,44,Female,Settled,10,No,0.62
C9265-Q,P12571-S,Jayan Kaul,2024-02-10,Vehicle,Life,121611,121611,43943,312396,Lucknow,North,118,Light Rain,Road Accident,Branch,18,Other,Pending,5,No,0.39
C4815-H,P57567-V,Sumer Chatterjee,2024-08-19,Vehicle,Property,71358,71358,8016,176243,Pune,West,156,Light Rain,Crop Loss,Online,50,Female,Settled,11,No,0.4
C2599-M,P52160-D,Nayantara Gill,2024-10-29,Property,Vehicle,416856,416856,18757,534303,Hyderabad,South,166,Flood,Hospitalization,Branch,21,Male,Pending,6,No,0.78
C8333-H,P80813-A,Uthkarsh Kibe,2024-05-28,Agriculture,Health,159899,159899,16603,455024,Chennai,South,184,Light Rain,Crop Loss,Mobile App,35,Other,Settled,13,No,0.35
C7571-N,P37648-P,Anya Borra,2024-12-07,Vehicle,Vehicle,136101,136101,31231,401967,Delhi,North,69,Flood,Crop Loss,Agent,64,Male,Settled,26,No,0.34
C1519-H,P58930-W,Aniruddh Sama,2024-01-12,Agriculture,Health,111041,111041,43341,388380,Chennai,South,140,Heavy Rain,Flood Damage,Online,28,Male,Settled,3,No,0.29
C7753-P,P10600-K,Anaya Sagar,2024-10-02,Property,Vehicle,489530,489530,46224,745533,Jaipur,North,156,Moderate Rain,Road Accident,Agent,48,Male,Settled,7,No,0.66
C8430-Z,P75705-X,Kavya Srivastava,2024-02-16,Agriculture,Agriculture,141924,141924,44844,400701,Jaipur,North,288,Light Rain,Flood Damage,Agent,28,Female,Settled,21,No,0.35
C9045-I,P77644-E,Tushar Sodhi,2024-07-25,Vehicle,Property,117036,117036,32486,176561,Pune,West,239,Moderate Rain,Road Accident,Branch,54,Male,Settled,3,No,0.66
C5036-W,P69577-T,Dhanush Grewal,2024-06-16,Health,Health,198842,198842,33660,468536,Hyderabad,South,60,Flood,Road Accident,Mobile App,34,Male,Settled,20,No,0.42
C3712-M,P71419-R,Lagan Kamdar,2024-11-25,Vehicle,Agriculture,48360,48360,38471,336969,Bangalore,South,169,Flood,Hospitalization,Branch,67,Other,Settled,26,Yes,0.14
C3081-V,P43800-E,Myra Aggarwal,2024-03-18,Agriculture,Life,261568,261568,19950,422142,Chennai,South,233,Light Rain,Crop Loss,Branch,49,Male,Pending,3,No,0.62
C7258-K,P53829-X,Tejas Shanker,2024-11-24,Agriculture,Agriculture,101342,101342,44656,256116,Delhi,North,161,Light Rain,Hospitalization,Branch,63,Other,Settled,15,No,0.4
C6481-L,P18420-O,Darshit Bassi,2024-07-13,Vehicle,Health,148512,148512,45340,447869,Delhi,North,170,Moderate Rain,Hospitalization,Mobile App,39,Female,Settled,15,No,0.33
C2283-C,P45210-F,Anahita Shere,2024-04-30,Vehicle,Property,79172,79172,10304,359295,Ahmedabad,West,211,Heavy Rain,Road Accident,Agent,43,Other,Settled,22,No,0.22
C2622-Q,P38734-F,Elakshi Kota,2024-07-29,Property,Agriculture,275161,275161,29232,400986,Lucknow,North,87,Light Rain,Hospitalization,Branch,35,Female,Settled,4,No,0.69
C3479-D,P13399-B,Bhamini Kohli,2024-12-25,Property,Life,259243,259243,10235,467162,Chennai,South,238,Moderate Rain,Hospitalization,Online,51,Female,Pending,23,No,0.55
C8617-G,P80203-A,Divit Vohra,2024-11-09,Vehicle,Health,99253,99253,28949,235145,Pune,West,290,Moderate Rain,Road Accident,Branch,51,Male,Settled,24,No,0.42
C5760-B,P13463-X,Riaan Wadhwa,2024-09-12,Property,Health,346099,346099,42911,415908,Hyderabad,South,200,Light Rain,Crop Loss,Branch,48,Female,Settled,24,No,0.83
C3851-Z,P86760-B,Alisha Chad,2024-10-15,Vehicle,Agriculture,145188,145188,10590,412460,Pune,West,172,Flood,Flood Damage,Mobile App,42,Other,Pending,26,No,0.35
C6928-I,P56646-Y,Saksham Shroff,2024-04-19,Agriculture,Vehicle,243836,243836,44855,333961,Delhi,North,264,Heavy Rain,Road Accident,Branch,18,Female,Pending,7,No,0.73
C7323-S,P87190-Q,Yuvaan Chauhan,2024-04-06,Property,Agriculture,484230,484230,29951,694274,Lucknow,North,98,Heavy Rain,House Damage,Branch,30,Female,Rejected,22,No,0.7
C8619-T,P49551-I,Trisha Sharaf,2024-06-10,Health,Agriculture,154316,154316,12724,358437,Delhi,North,77,Light Rain,Flood Damage,Branch,32,Female,Pending,16,No,0.43
C2649-V,P74414-F,Madhav Keer,2024-03-27,Vehicle,Property,117565,117565,5011,412682,Delhi,North,209,Light Rain,Crop Loss,Online,36,Female,Settled,4,No,0.28
C4563-C,P80591-L,Sahil Andra,2024-04-26,Health,Life,127026,127026,31828,416009,Bangalore,South,294,Light Rain,Hospitalization,Agent,28,Male,Settled,26,No,0.31
C2810-K,P35367-C,Vaibhav Saini,2024-04-02,Agriculture,Property,166717,120929,25603,426643,Bangalore,South,119,Light Rain,Crop Loss,Agent,34,Other,Pending,3,No,0.39
C9179-E,P46484-B,Kismat Bal,2024-03-01,Property,Agriculture,163232,163232,45870,444258,Delhi,North,152,Moderate Rain,Hospitalization,Branch,21,Other,Settled,29,No,0.37
C2743-U,P16114-W,Ehsaan Buch,2024-07-15,Agriculture,Vehicle,101327,57895,25715,210725,Jaipur,North,258,Moderate Rain,Crop Loss,Mobile App,41,Female,Settled,7,No,0.48
C1304-R,P96056-G,Urvi Manne,2024-05-11,Property,Vehicle,484437,484437,31083,622025,Jaipur,North,269,Heavy Rain,Crop Loss,Online,46,Female,Pending,28,No,0.78
C6858-L,P83448-V,Aniruddh Bora,2024-09-03,Agriculture,Life,242083,242083,32714,399747,Delhi,North,258,Moderate Rain,Road Accident,Branch,50,Other,Pending,5,No,0.61
C1837-W,P28678-C,Chirag Solanki,2024-09-19,Property,Life,405296,405296,44167,643553,Jaipur,North,55,Flood,Flood Damage,Online,18,Other,Settled,21,No,0.63
C7596-W,P66557-Q,Abram Trivedi,2024-03-12,Vehicle,Agriculture,56892,56892,34883,245508,Jaipur,North,297,Flood,House Damage,Online,19,Male,Settled,23,No,0.23
C5171-H,P57418-C,Saanvi Sandal,2024-01-15,Property,Agriculture,208488,136609,14237,275057,Lucknow,North,222,Moderate Rain,Hospitalization,Mobile App,51,Other,Pending,12,No,0.76
C3007-J,P94497-A,Saksham Buch,2024-11-12,Agriculture,Vehicle,131834,131834,20121,188105,Hyderabad,South,289,Flood,House Damage,Online,20,Other,Settled,14,No,0.7
C5200-V,P42495-P,Khushi Gill,2024-02-22,Property,Health,222390,222390,30589,272667,Pune,West,235,Light Rain,Hospitalization,Online,24,Other,Settled,23,No,0.82
C9786-F,P62507-J,Zara Chaudhari,2024-07-03,Agriculture,Life,152887,152887,8976,360933,Mumbai,West,188,Flood,Hospitalization,Agent,25,Female,Settled,14,No,0.42
C3983-C,P81121-E,Kashvi Chandran,2024-01-23,Vehicle,Life,84890,84890,42426,231139,Kolkata,East,113,Heavy Rain,Road Accident,Branch,62,Other,Settled,22,No,0.37
C6066-J,P88812-O,Tushar Roy,2024-11-03,Health,Vehicle,100791,100791,36434,350743,Jaipur,North,265,Moderate Rain,Road Accident,Agent,22,Other,Settled,22,No,0.29
C8467-D,P64681-U,Aarna Dhillon,2024-11-23,Agriculture,Agriculture,283612,283612,26725,488669,Bangalore,South,115,Light Rain,Flood Damage,Mobile App,46,Female,Settled,9,No,0.58
C1362-B,P31611-X,Nirvaan Bir,2024-09-16,Agriculture,Vehicle,176918,97787,40553,275490,Mumbai,West,162,Heavy Rain,House Damage,Branch,31,Male,Settled,22,No,0.64
C8805-V,P84858-S,Aarav Tripathi,2024-01-09,Agriculture,Vehicle,101595,98973,41776,192190,Bangalore,South,106,Flood,Road Accident,Mobile App,40,Other,Settled,20,No,0.53
C4817-K,P46883-Q,Vivaan Ram,2024-02-17,Agriculture,Vehicle,71884,71884,46358,296835,Lucknow,North,175,Light Rain,Hospitalization,Branch,34,Male,Pending,16,No,0.24
C2296-R,P66025-N,Yuvaan Sachdev,2024-01-04,Agriculture,Agriculture,270558,270558,45315,565969,Bangalore,South,272,Flood,Hospitalization,Mobile App,29,Female,Settled,10,No,0.48
C4615-J,P53798-K,Samarth Walla,2024-11-22,Vehicle,Property,148579,148579,26706,232395,Jaipur,North,193,Light Rain,Flood Damage,Online,50,Other,Pending,26,No,0.64
C1899-G,P79879-M,Suhana Solanki,2024-09-20,Agriculture,Life,126898,126898,27971,340022,Kolkata,East,84,Heavy Rain,Crop Loss,Agent,46,Other,Settled,27,Yes,0.37
C9555-H,P55381-O,Ayesha Ramanathan,2024-09-20,Health,Vehicle,102322,102322,41999,350955,Mumbai,West,130,Flood,House Damage,Online,49,Male,Pending,14,Yes,0.29
C9313-C,P65909-H,Neelofar Ramanathan,2024-03-18,Agriculture,Vehicle,238448,238448,41728,321907,Mumbai,West,205,Light Rain,Road Accident,Online,44,Other,Settled,16,No,0.74
C7214-X,P94641-J,Madhav Sibal,2024-03-27,Property,Agriculture,488835,488835,9975,766734,Jaipur,North,179,Heavy Rain,Road Accident,Branch,37,Male,Pending,26,No,0.64
C8503-S,P59128-M,Mishti Kulkarni,2024-06-19,Agriculture,Property,108935,108935,48807,204605,Hyderabad,South,271,Moderate Rain,Hospitalization,Agent,43,Other,Pending,30,No,0.53
C3761-Z,P76839-R,Yasmin Bora,2024-10-27,Health,Health,186891,186891,6212,258872,Kolkata,East,102,Heavy Rain,Flood Damage,Agent,34,Other,Settled,4,No,0.72
C1445-P,P88891-Q,Samar Mandal,2024-10-20,Property,Health,408843,408843,10630,514017,Kolkata,East,232,Heavy Rain,Hospitalization,Mobile App,67,Other,Settled,16,Yes,0.8
C7778-A,P19737-E,Sana Ranganathan,2024-06-13,Vehicle,Health,46684,46684,23399,328559,Jaipur,North,165,Heavy Rain,Flood Damage,Mobile App,21,Female,Pending,10,No,0.14
C7774-F,P10156-G,Rania Ganesh,2024-01-27,Health,Vehicle,105343,105343,39238,228739,Hyderabad,South,237,Light Rain,Crop Loss,Branch,44,Other,Settled,12,No,0.46
C3413-G,P48257-L,Hrishita Dara,2024-09-19,Property,Health,332061,332061,25508,487991,Kolkata,East,207,Moderate Rain,Crop Loss,Online,68,Female,Rejected,3,No,0.68
C9554-G,P30225-D,Vanya Guha,2024-09-02,Health,Vehicle,92502,92502,23946,295678,Delhi,North,183,Moderate Rain,Hospitalization,Agent,18,Other,Pending,28,No,0.31
C1733-T,P29292-P,Yashvi Khurana,2024-03-20,Vehicle,Life,147033,147033,26913,402234,Jaipur,North,238,Heavy Rain,Crop Loss,Branch,32,Other,Pending,11,No,0.37
C8082-B,P94145-G,Mishti Sami,2024-12-26,Agriculture,Life,197961,197961,45816,481636,Jaipur,North,78,Moderate Rain,Hospitalization,Mobile App,54,Female,Pending,9,No,0.41
C2425-R,P93539-S,Misha Golla,2024-02-01,Vehicle,Agriculture,65979,65979,37156,297698,Chennai,South,128,Light Rain,Road Accident,Agent,31,Male,Settled,29,No,0.22
C1586-I,P61780-C,Umang Bali,2024-06-21,Agriculture,Property,166088,166088,35257,234445,Ahmedabad,West,101,Flood,House Damage,Online,20,Other,Pending,23,No,0.71
C1770-E,P87696-H,Shaan Venkataraman,2024-05-02,Vehicle,Health,81999,81999,48096,183424,Jaipur,North,147,Heavy Rain,Crop Loss,Online,19,Male,Settled,3,No,0.45
C1450-Y,P57769-S,Hiran Bora,2024-04-26,Vehicle,Property,119866,119866,28343,382311,Kolkata,East,114,Moderate Rain,Flood Damage,Agent,41,Female,Settled,30,Yes,0.31
C6806-C,P26427-L,Keya Barad,2024-03-20,Health,Property,54561,43067,48831,116095,Delhi,North,281,Moderate Rain,Road Accident,Agent,42,Male,Pending,30,No,0.47
C2521-Y,P17043-X,Tarini Manne,2024-08-11,Health,Agriculture,127313,127313,48210,314860,Lucknow,North,294,Moderate Rain,Road Accident,Agent,27,Male,Settled,29,Yes,0.4
C1014-X,P52275-F,Pihu Goswami,2024-01-18,Agriculture,Vehicle,230962,221911,6617,416494,Hyderabad,South,97,Moderate Rain,Crop Loss,Mobile App,59,Male,Settled,20,No,0.55
C8370-K,P96928-B,Kashvi Bail,2024-06-24,Property,Life,457771,457771,16075,604615,Ahmedabad,West,116,Heavy Rain,Hospitalization,Branch,41,Female,Pending,8,No,0.76
C8560-A,P92290-G,Dhanush Din,2024-07-22,Vehicle,Property,88865,88865,34575,329917,Mumbai,West,292,Light Rain,Hospitalization,Agent,64,Female,Pending,9,No,0.27
C7704-A,P31890-Y,Akarsh Savant,2024-08-31,Vehicle,Life,45643,45643,40775,321087,Kolkata,East,184,Moderate Rain,Flood Damage,Online,21,Male,Settled,10,No,0.14
C9978-I,P28785-P,Mehul Grover,2024-07-03,Vehicle,Health,60635,60635,35619,244687,Mumbai,West,114,Light Rain,Road Accident,Online,34,Female,Pending,26,No,0.25
C8267-V,P14799-Q,Alia Gour,2024-02-16,Vehicle,Life,129272,88279,38443,273386,Hyderabad,South,294,Moderate Rain,Flood Damage,Agent,36,Female,Pending,12,Yes,0.47
C9980-B,P34094-X,Akarsh Mahajan,2024-03-30,Agriculture,Health,237559,237559,22119,445019,Hyderabad,South,133,Heavy Rain,Hospitalization,Online,59,Male,Rejected,15,Yes,0.53
C8110-K,P21155-F,Pari Bhatia,2024-09-02,Vehicle,Agriculture,40959,40959,30070,226255,Hyderabad,South,206,Moderate Rain,Crop Loss,Branch,30,Male,Pending,14,No,0.18
C5204-C,P81986-P,Ritvik Dugal,2024-02-13,Agriculture,Health,281148,281148,5651,465141,Bangalore,South,52,Moderate Rain,Flood Damage,Online,66,Male,Pending,19,No,0.6
C6194-R,P67026-E,Tiya Jhaveri,2024-08-08,Agriculture,Agriculture,184884,117615,49242,467126,Jaipur,North,264,Flood,Flood Damage,Online,37,Other,Settled,13,No,0.4
C5414-C,P36177-D,Divit Choudhry,2024-12-12,Health,Agriculture,146344,146344,30832,380707,Bangalore,South,212,Flood,Road Accident,Branch,56,Other,Settled,28,No,0.38
C8587-Z,P85166-B,Samarth Saran,2024-09-12,Agriculture,Property,111163,111163,14544,328158,Mumbai,West,208,Light Rain,Flood Damage,Online,42,Female,Pending,10,No,0.34
C6814-A,P88001-G,Adah Dani,2024-02-16,Vehicle,Health,101809,101809,17580,388660,Lucknow,North,103,Flood,House Damage,Branch,64,Other,Settled,29,No,0.26
C9864-J,P55548-K,Tejas Taneja,2024-11-22,Agriculture,Agriculture,53116,53116,7092,154446,Delhi,North,74,Light Rain,Road Accident,Branch,29,Female,Pending,22,No,0.34
C1179-V,P16672-A,Himmat Konda,2024-02-16,Vehicle,Health,59011,59011,28790,148217,Ahmedabad,West,114,Flood,House Damage,Online,69,Other,Settled,27,No,0.4
C3888-W,P68862-D,Dhanuk Roy,2024-09-20,Vehicle,Health,35491,35491,30572,180497,Jaipur,North,231,Moderate Rain,Hospitalization,Agent,48,Female,Settled,17,No,0.2
C9884-L,P43531-E,Azad Barad,2024-07-26,Health,Health,133325,104877,17359,295832,Jaipur,North,51,Heavy Rain,House Damage,Mobile App,36,Male,Settled,21,No,0.45
C5867-S,P39780-R,Stuvan Vig,2024-10-14,Vehicle,Agriculture,104334,104334,20435,399429,Mumbai,West,63,Light Rain,Flood Damage,Online,58,Other,Settled,7,No,0.26
C3032-O,P32785-L,Manikya Dugal,2024-02-23,Health,Agriculture,132194,132194,6770,227745,Lucknow,North,261,Heavy Rain,Crop Loss,Agent,67,Other,Settled,27,No,0.58
C1841-I,P66677-W,Mehul Bhatia,2024-12-13,Agriculture,Life,86444,86444,43743,317734,Bangalore,South,280,Light Rain,House Damage,Online,32,Male,Rejected,29,No,0.27
C8299-U,P80339-V,Ela Yogi,2024-05-22,Property,Agriculture,284503,284503,13210,440701,Jaipur,North,272,Heavy Rain,House Damage,Online,55,Male,Rejected,28,No,0.65
C2894-C,P77334-P,Zoya Dutt,2024-07-11,Vehicle,Property,94256,94256,23538,247998,Pune,West,126,Heavy Rain,House Damage,Online,47,Female,Settled,18,No,0.38
C9977-H,P74377-I,Hrishita Chaudhuri,2024-02-12,Property,Life,419305,419305,18511,605230,Mumbai,West,295,Moderate Rain,House Damage,Agent,25,Male,Pending,9,No,0.69
C3876-J,P47644-B,Trisha Sanghvi,2024-07-01,Agriculture,Life,145860,145860,40135,249903,Chennai,South,245,Moderate Rain,Road Accident,Mobile App,18,Other,Settled,9,No,0.58
C1438-X,P63207-V,Taimur Comar,2024-03-19,Property,Agriculture,398671,398671,6305,458055,Delhi,North,55,Moderate Rain,Flood Damage,Online,37,Male,Pending,12,No,0.87
C6240-Z,P82358-V,Saira Deshmukh,2024-09-02,Vehicle,Life,32383,32383,6195,206066,Mumbai,West,183,Heavy Rain,House Damage,Mobile App,32,Male,Pending,19,Yes,0.16
C3013-S,P64651-P,Damini Dyal,2024-08-19,Agriculture,Vehicle,270840,270840,13613,484759,Lucknow,North,142,Heavy Rain,Hospitalization,Online,20,Male,Settled,17,No,0.56
C3748-L,P31460-C,Kismat Chhabra,2024-08-24,Property,Health,148579,148579,20959,292628,Hyderabad,South,105,Light Rain,Flood Damage,Mobile App,60,Male,Settled,18,No,0.51
C7204-P,P59949-V,Aaryahi Devan,2024-12-02,Agriculture,Vehicle,51321,29105,20665,177160,Kolkata,East,194,Flood,Road Accident,Branch,58,Other,Pending,13,No,0.29
C7627-N,P25639-G,Nehmat Contractor,2024-07-23,Agriculture,Agriculture,77682,77682,48815,371864,Kolkata,East,276,Flood,Crop Loss,Branch,54,Female,Settled,3,No,0.21
C2905-B,P22649-T,Anaya Thakkar,2024-04-18,Agriculture,Vehicle,274266,274266,24592,339046,Ahmedabad,West,221,Heavy Rain,Crop Loss,Branch,36,Male,Settled,4,No,0.81
C5694-Y,P57819-V,Dishani Datta,2024-02-19,Agriculture,Vehicle,96501,96501,33286,199403,Bangalore,South,263,Flood,Road Accident,Mobile App,21,Male,Rejected,12,No,0.48
C9013-Z,P28742-S,Baiju Viswanathan,2024-03-19,Vehicle,Property,104692,104692,28060,259499,Hyderabad,South,82,Heavy Rain,Crop Loss,Mobile App,49,Other,Settled,8,Yes,0.4
C9257-U,P96455-E,Aarna Hegde,2024-05-03,Health,Health,41438,41438,28789,101014,Chennai,South,199,Heavy Rain,Hospitalization,Agent,51,Female,Settled,27,No,0.41
C4384-H,P16048-A,Shayak Dora,2024-08-13,Vehicle,Health,118858,118858,10834,404338,Hyderabad,South,261,Flood,Crop Loss,Mobile App,43,Male,Settled,9,No,0.29
C3665-J,P37818-X,Anvi Savant,2024-03-13,Agriculture,Property,286673,286673,41412,410918,Jaipur,North,246,Light Rain,Road Accident,Online,24,Other,Settled,22,No,0.7
C7958-T,P93816-L,Tanya Balakrishnan,2024-10-17,Health,Health,162767,162767,24191,323490,Hyderabad,South,190,Heavy Rain,Hospitalization,Mobile App,66,Other,Settled,20,No,0.5
C8484-D,P22349-X,Stuvan Vora,2024-02-07,Property,Property,258871,258871,16882,378336,Lucknow,North,298,Heavy Rain,Flood Damage,Branch,33,Other,Settled,26,No,0.68
C9478-D,P44508-V,Indrajit Malhotra,2024-04-01,Property,Vehicle,157562,157562,49055,221193,Hyderabad,South,138,Moderate Rain,Road Accident,Mobile App,53,Female,Settled,10,No,0.71
C2553-M,P11039-B,Rania Mani,2024-09-14,Agriculture,Life,124843,124843,48754,334870,Hyderabad,South,232,Flood,Hospitalization,Mobile App,36,Other,Rejected,18,No,0.37
C3513-K,P65058-G,Akarsh Hayer,2024-05-21,Vehicle,Vehicle,102649,102649,28396,229687,Bangalore,South,260,Flood,Hospitalization,Online,31,Male,Settled,9,No,0.45
C6816-G,P77354-M,Taran Hayer,2024-02-13,Health,Property,100245,100245,10849,263280,Chennai,South,80,Light Rain,Hospitalization,Branch,41,Male,Settled,19,No,0.38
C2546-Y,P80218-P,Mannat Krishnan,2024-01-02,Agriculture,Vehicle,146406,146406,47258,204527,Jaipur,North,145,Heavy Rain,House Damage,Agent,28,Female,Settled,23,No,0.72
C1220-S,P88782-B,Mehul Sant,2024-03-31,Property,Property,207860,207860,30562,489131,Delhi,North,243,Flood,Road Accident,Agent,25,Female,Settled,6,No,0.42
C8744-Q,P50518-K,Zara Bir,2024-12-01,Health,Agriculture,73513,58540,20731,318126,Delhi,North,136,Flood,House Damage,Branch,24,Female,Settled,8,No,0.23
C3293-G,P94949-T,Seher Chaudhry,2024-06-17,Health,Health,151568,151568,30379,234180,Bangalore,South,224,Heavy Rain,Flood Damage,Mobile App,69,Female,Settled,12,No,0.65
C8712-M,P77093-H,Alia Randhawa,2024-05-24,Health,Life,115103,112989,12697,408186,Delhi,North,110,Light Rain,House Damage,Mobile App,70,Male,Settled,30,No,0.28
C9666-G,P89752-U,Ivana Shere,2024-03-01,Agriculture,Agriculture,283090,283090,24364,508508,Chennai,South,120,Heavy Rain,Flood Damage,Agent,39,Male,Pending,24,No,0.56
C2444-A,P50889-J,Vritika Lata,2024-01-03,Agriculture,Property,189925,189925,26780,261288,Delhi,North,60,Light Rain,Hospitalization,Branch,34,Male,Settled,9,No,0.73
C6064-F,P20918-P,Adah Ravel,2024-04-24,Agriculture,Life,142275,142275,15478,245291,Hyderabad,South,232,Flood,Hospitalization,Online,20,Female,Settled,5,No,0.58
C3971-X,P99475-M,Elakshi Ghose,2024-11-07,Agriculture,Property,170074,170074,23657,306850,Hyderabad,South,98,Heavy Rain,Road Accident,Agent,26,Male,Settled,24,No,0.55
C5493-I,P99091-I,Shaan Kuruvilla,2024-12-25,Agriculture,Health,164715,164715,17865,245767,Chennai,South,221,Heavy Rain,Hospitalization,Branch,41,Other,Pending,16,No,0.67
C3952-M,P59294-U,Azad Gera,2024-01-11,Property,Agriculture,266311,170635,28978,522349,Kolkata,East,173,Flood,Hospitalization,Agent,23,Female,Rejected,27,No,0.51
C1346-K,P21704-G,Pihu Dhingra,2024-06-26,Property,Vehicle,413513,413513,46479,481133,Pune,West,63,Heavy Rain,Flood Damage,Agent,39,Male,Settled,19,No,0.86
C5171-S,P42770-P,Kavya Bedi,2024-09-27,Vehicle,Vehicle,84361,84361,18488,314578,Chennai,South,228,Flood,Road Accident,Online,57,Other,Pending,9,No,0.27
C4970-P,P40488-S,Bhavin Soman,2024-03-11,Property,Property,288664,288664,44342,564450,Pune,West,191,Heavy Rain,Flood Damage,Branch,33,Other,Pending,4,No,0.51
C3456-E,P73101-U,Alisha Tandon,2024-07-17,Vehicle,Vehicle,74027,74027,47187,157482,Chennai,South,121,Light Rain,Flood Damage,Mobile App,20,Male,Pending,13,No,0.47
C7756-E,P39781-X,Pranay Lad,2024-09-14,Health,Life,60594,60594,32329,170846,Chennai,South,115,Flood,Crop Loss,Agent,52,Female,Rejected,7,No,0.35
C7298-G,P71752-I,Tiya Ramanathan,2024-11-18,Property,Vehicle,491974,491974,10031,599010,Delhi,North,168,Moderate Rain,Hospitalization,Mobile App,32,Other,Pending,19,Yes,0.82
C9783-O,P15022-G,Neelofar Bora,2024-12-27,Vehicle,Life,50240,50240,35988,224659,Pune,West,253,Flood,Flood Damage,Branch,22,Female,Rejected,25,No,0.22
C7519-M,P34368-H,Nishith Krishnan,2024-01-05,Vehicle,Vehicle,39721,39721,13201,116949,Mumbai,West,114,Light Rain,Road Accident,Agent,67,Other,Settled,22,No,0.34
C1155-Q,P87488-B,Purab Swamy,2024-03-08,Vehicle,Life,148675,148675,43483,244472,Jaipur,North,78,Moderate Rain,House Damage,Mobile App,43,Other,Pending,16,No,0.61
C3247-M,P95834-H,Arhaan Bawa,2024-07-10,Health,Vehicle,26915,26915,43587,199519,Lucknow,North,292,Moderate Rain,Flood Damage,Online,51,Male,Settled,17,No,0.13
C9992-X,P71254-Y,Aarush Varghese,2024-07-15,Health,Property,65362,65362,23018,294877,Hyderabad,South,179,Heavy Rain,Flood Damage,Online,19,Male,Pending,18,No,0.22
C1167-O,P22552-N,Jayesh Jhaveri,2024-06-15,Health,Property,172928,106684,45101,436807,Bangalore,South,135,Moderate Rain,Crop Loss,Online,30,Male,Pending,8,No,0.4
C2867-J,P12855-L,Siya Grewal,2024-02-07,Vehicle,Life,99701,99701,40703,383324,Chennai,South,101,Flood,House Damage,Branch,68,Female,Settled,6,No,0.26
C3608-A,P85919-P,Faiyaz Bhargava,2024-06-09,Agriculture,Life,255061,255061,7665,487559,Bangalore,South,84,Light Rain,House Damage,Mobile App,47,Female,Pending,20,No,0.52
C3251-V,P34706-C,Raunak Keer,2024-06-06,Vehicle,Life,111566,111566,13352,383616,Lucknow,North,187,Moderate Rain,Crop Loss,Mobile App,67,Female,Settled,14,No,0.29
C9529-Y,P46613-Z,Madhav Atwal,2024-03-22,Agriculture,Agriculture,293272,209734,15518,474907,Chennai,South,224,Flood,Road Accident,Branch,58,Other,Settled,11,No,0.62
C9143-W,P48667-C,Pihu Chopra,2024-08-18,Vehicle,Property,104562,104562,48174,225089,Lucknow,North,162,Flood,Hospitalization,Agent,20,Male,Pending,29,No,0.46
C5176-T,P39658-E,Kanav Malhotra,2024-03-27,Vehicle,Property,63808,63808,48111,281678,Chennai,South,236,Flood,Hospitalization,Mobile App,66,Male,Rejected,11,No,0.23
C3116-X,P19723-C,Ranbir Mann,2024-11-15,Vehicle,Agriculture,80135,80135,25087,225204,Hyderabad,South,173,Moderate Rain,Road Accident,Agent,25,Male,Pending,10,No,0.36
C1402-G,P38087-C,Prerak Raja,2024-04-22,Health,Health,115858,115858,37955,243136,Mumbai,West,126,Flood,Crop Loss,Mobile App,63,Other,Pending,14,No,0.48
C6705-T,P12562-D,Divit Bakshi,2024-10-28,Vehicle,Property,56257,56257,9869,158859,Bangalore,South,259,Light Rain,Road Accident,Branch,50,Other,Settled,9,No,0.35
C4820-W,P82921-Q,Mishti Lata,2024-07-03,Agriculture,Agriculture,150687,150687,28096,250676,Jaipur,North,152,Heavy Rain,House Damage,Agent,38,Other,Settled,16,No,0.6
C7442-L,P10673-T,Bhamini Khalsa,2024-01-04,Vehicle,Life,72325,72325,31020,250425,Lucknow,North,168,Light Rain,Flood Damage,Agent,51,Male,Rejected,5,No,0.29
C3762-P,P72756-V,Kabir Bhavsar,2024-02-29,Vehicle,Property,74687,74687,19753,224663,Chennai,South,102,Moderate Rain,Flood Damage,Mobile App,44,Other,Pending,3,No,0.33
C4239-V,P73768-I,Fateh Goel,2024-08-22,Vehicle,Life,107058,107058,46574,377445,Delhi,North,219,Light Rain,Hospitalization,Agent,47,Male,Settled,8,No,0.28
C8278-V,P44587-I,Rati Doctor,2024-04-15,Property,Agriculture,339925,339925,32127,457597,Ahmedabad,West,69,Heavy Rain,Road Accident,Agent,59,Male,Settled,25,No,0.74
C5137-W,P96788-R,Ira Varty,2024-03-10,Agriculture,Life,176174,176174,9621,235478,Lucknow,North,156,Moderate Rain,Hospitalization,Mobile App,22,Male,Settled,30,No,0.75
C2709-K,P55330-M,Kaira Varkey,2024-01-18,Property,Property,259289,259289,10816,351623,Lucknow,North,288,Moderate Rain,Flood Damage,Branch,26,Other,Settled,17,No,0.74
C6542-A,P57465-X,Anvi Khosla,2024-09-15,Property,Health,495591,495591,49812,669115,Kolkata,East,74,Heavy Rain,House Damage,Online,60,Other,Settled,8,No,0.74
C8251-E,P72970-V,Rasha Savant,2024-10-28,Health,Health,35505,35505,25581,252917,Ahmedabad,West,52,Flood,Flood Damage,Branch,28,Female,Pending,30,No,0.14
C1771-N,P29045-E,Aaryahi Sem,2024-09-10,Health,Health,127867,127867,44916,213821,Bangalore,South,238,Moderate Rain,Flood Damage,Agent,61,Other,Pending,8,No,0.6
C7975-G,P63879-Z,Elakshi Wagle,2024-11-07,Agriculture,Health,105896,105896,15675,323239,Delhi,North,295,Flood,Hospitalization,Agent,35,Female,Settled,26,No,0.33
C8697-E,P73828-W,Gokul Gara,2024-01-18,Property,Agriculture,439951,439951,49684,653627,Ahmedabad,West,284,Flood,Hospitalization,Branch,57,Other,Pending,17,No,0.67
C3279-O,P23136-L,Biju Kothari,2024-12-13,Agriculture,Vehicle,208555,208555,22057,503378,Mumbai,West,128,Moderate Rain,Flood Damage,Agent,62,Female,Settled,28,No,0.41
C9002-D,P51747-S,Shamik Vig,2024-09-13,Health,Agriculture,35938,35938,40844,141830,Pune,West,187,Flood,Flood Damage,Mobile App,59,Female,Settled,3,No,0.25
C9740-K,P19410-D,Urvi Bera,2024-07-21,Agriculture,Health,190666,190666,35752,248005,Hyderabad,South,209,Light Rain,Hospitalization,Mobile App,28,Other,Settled,20,No,0.77
C7155-W,P17751-D,Ayesha Issac,2024-11-08,Vehicle,Agriculture,31351,31351,26413,159574,Kolkata,East,169,Light Rain,House Damage,Agent,56,Male,Pending,19,No,0.2
C4384-M,P36151-O,Lakshit Hari,2024-03-07,Agriculture,Life,229926,229926,38642,310986,Lucknow,North,85,Light Rain,Road Accident,Online,66,Female,Pending,17,No,0.74
C3547-X,P46688-F,Piya Devi,2024-02-13,Agriculture,Health,112538,112538,32427,346951,Delhi,North,107,Light Rain,Flood Damage,Mobile App,63,Male,Pending,25,No,0.32
C4265-Q,P51258-U,Ira Tailor,2024-08-06,Health,Agriculture,47548,47548,9774,166207,Delhi,North,94,Heavy Rain,Flood Damage,Online,48,Male,Pending,4,No,0.29
C6158-M,P76145-T,Pari Gour,2024-11-03,Vehicle,Health,56263,55897,45284,277223,Chennai,South,235,Flood,Hospitalization,Agent,51,Female,Rejected,30,No,0.2
C7187-M,P64357-L,Siya Dalal,2024-06-20,Vehicle,Agriculture,97286,97286,47507,372235,Jaipur,North,80,Moderate Rain,House Damage,Branch,19,Male,Settled,28,No,0.26
C9234-R,P83768-V,Aarush Shanker,2024-09-07,Vehicle,Property,101797,101797,46682,298294,Mumbai,West,289,Light Rain,Hospitalization,Mobile App,62,Female,Pending,26,No,0.34
C7804-P,P29592-T,Neysa Bava,2024-11-24,Health,Agriculture,84689,84689,38135,372721,Chennai,South,142,Heavy Rain,Hospitalization,Online,55,Male,Settled,5,No,0.23
C9562-Y,P75175-C,Devansh Tripathi,2024-03-04,Agriculture,Agriculture,205926,147229,22566,400059,Pune,West,253,Heavy Rain,Flood Damage,Branch,41,Male,Settled,9,No,0.51
C7384-F,P44692-G,Khushi Korpal,2024-08-01,Property,Life,463323,349002,19176,569960,Jaipur,North,159,Flood,Crop Loss,Mobile App,52,Female,Pending,30,No,0.81
C1123-C,P51643-L,Vardaniya Shroff,2024-08-04,Agriculture,Vehicle,64057,64057,13769,314419,Jaipur,North,212,Heavy Rain,House Damage,Online,20,Other,Settled,3,No,0.2
C1124-N,P57472-O,Piya Vasa,2024-01-12,Vehicle,Life,31760,31760,30259,200213,Ahmedabad,West,254,Heavy Rain,Flood Damage,Online,28,Female,Settled,15,Yes,0.16
C1126-N,P36323-G,Mamooty Gopal,2024-08-20,Vehicle,Vehicle,109680,109680,8177,235269,Delhi,North,248,Light Rain,Hospitalization,Agent,36,Male,Settled,5,No,0.47
C7592-W,P27411-U,Hunar Krishnamurthy,2024-01-20,Health,Life,133740,133740,47423,416379,Delhi,North,70,Light Rain,Hospitalization,Mobile App,44,Female,Pending,10,No,0.32
C4864-B,P51040-Z,Dhanush Tank,2024-03-22,Agriculture,Vehicle,115259,115259,43676,283650,Hyderabad,South,234,Heavy Rain,Flood Damage,Agent,23,Male,Settled,5,No,0.41
C8275-A,P73979-E,Prisha Taneja,2024-07-14,Agriculture,Life,176227,176227,7504,398284,Pune,West,54,Moderate Rain,Road Accident,Agent,63,Female,Pending,20,No,0.44
C6360-A,P76738-E,Amira Brahmbhatt,2024-09-14,Health,Life,37992,37992,31985,135242,Hyderabad,South,133,Heavy Rain,Hospitalization,Branch,63,Other,Pending,17,No,0.28
C8238-C,P37299-J,Anya Choudhary,2024-04-02,Property,Health,409507,409507,40579,484383,Ahmedabad,West,147,Heavy Rain,Flood Damage,Mobile App,59,Female,Settled,15,No,0.85
C7229-M,P69815-D,Shayak Bobal,2024-09-29,Vehicle,Vehicle,62218,62218,21309,224142,Lucknow,North,280,Flood,House Damage,Mobile App,61,Other,Pending,7,No,0.28
C2052-V,P70619-B,Sara Chaudhuri,2024-09-07,Property,Agriculture,283115,256364,47172,340215,Hyderabad,South,112,Heavy Rain,House Damage,Mobile App,32,Female,Pending,12,No,0.83
C3449-V,P98433-Q,Shlok Swaminathan,2024-10-22,Property,Health,328096,201441,26148,557912,Jaipur,North,294,Moderate Rain,Road Accident,Branch,62,Female,Rejected,3,No,0.59
C2682-W,P77733-J,Taimur Balay,2024-04-15,Agriculture,Health,281294,267240,6750,487909,Jaipur,North,149,Light Rain,Flood Damage,Agent,38,Other,Rejected,21,No,0.58
C1883-W,P57900-B,Rati Talwar,2024-11-13,Property,Agriculture,369645,369645,23186,441149,Pune,West,166,Light Rain,House Damage,Agent,41,Female,Settled,17,No,0.84
C8437-V,P66418-Z,Yashvi Bhat,2024-12-29,Health,Life,24444,24444,14751,276913,Hyderabad,South,62,Flood,House Damage,Agent,28,Male,Pending,28,Yes,0.09
C6756-A,P63151-W,Yashvi Master,2024-12-17,Health,Health,74096,74096,7161,371573,Kolkata,East,257,Light Rain,House Damage,Mobile App,38,Other,Rejected,17,No,0.2
C4579-E,P87232-I,Nehmat Yadav,2024-08-22,Health,Vehicle,117769,117769,32543,394570,Bangalore,South,88,Moderate Rain,Flood Damage,Branch,62,Female,Settled,29,No,0.3
C1293-B,P75980-S,Sumer Kari,2024-05-21,Health,Life,86027,86027,17497,199151,Hyderabad,South,82,Light Rain,Hospitalization,Agent,28,Other,Settled,18,No,0.43
C6875-S,P89151-D,Saanvi Contractor,2024-02-04,Health,Property,151860,151860,30488,396346,Pune,West,255,Flood,Crop Loss,Agent,31,Other,Rejected,13,No,0.38
C1650-G,P53847-W,Navya Lad,2024-10-04,Health,Vehicle,172385,172385,21343,295869,Jaipur,North,272,Light Rain,Flood Damage,Agent,32,Female,Settled,15,No,0.58
C8708-I,P57496-T,Kismat Bumb,2024-12-16,Agriculture,Property,267316,267316,39340,413184,Pune,West,237,Heavy Rain,Flood Damage,Online,28,Female,Settled,13,No,0.65
C6677-E,P29993-G,Riaan Sarkar,2024-02-21,Agriculture,Health,117074,117074,34197,190707,Pune,West,130,Moderate Rain,House Damage,Online,68,Female,Pending,17,No,0.61
C1058-M,P73898-M,Jivika Rajagopalan,2024-12-02,Vehicle,Property,32961,32961,14502,185354,Kolkata,East,147,Moderate Rain,Road Accident,Branch,45,Female,Settled,15,No,0.18
C3275-Q,P78969-X,Emir Sridhar,2024-01-31,Health,Health,112779,112779,33945,309722,Mumbai,West,95,Flood,Road Accident,Agent,65,Female,Settled,5,No,0.36
C4215-B,P15416-M,Prerak Saraf,2024-11-05,Agriculture,Agriculture,52640,52640,8089,108142,Hyderabad,South,163,Light Rain,House Damage,Mobile App,62,Other,Settled,26,No,0.49
C9422-Y,P62260-I,Veer Dewan,2024-04-15,Health,Property,94987,94987,21729,159495,Mumbai,West,178,Flood,Hospitalization,Agent,60,Other,Settled,23,No,0.6
C1057-F,P22178-W,Umang Zachariah,2024-04-08,Health,Property,89328,53078,5019,273786,Lucknow,North,231,Light Rain,Crop Loss,Mobile App,66,Male,Pending,26,No,0.33
C9078-O,P29133-J,Jayan Bora,2024-03-31,Vehicle,Property,88447,88447,12599,334762,Kolkata,East,82,Flood,Flood Damage,Mobile App,69,Female,Pending,11,No,0.26
C5049-J,P82834-M,Kimaya Johal,2024-11-30,Property,Property,323870,323870,6456,452897,Delhi,North,246,Flood,Road Accident,Online,25,Male,Rejected,19,No,0.72
C1288-J,P11861-T,Yuvaan Bera,2024-12-01,Health,Vehicle,146489,146489,38899,328916,Kolkata,East,173,Flood,Road Accident,Online,61,Female,Settled,10,No,0.45
C5884-H,P16648-Y,Onkar Chahal,2024-04-04,Agriculture,Property,255578,255578,33172,461553,Ahmedabad,West,81,Moderate Rain,Hospitalization,Online,28,Female,Pending,3,No,0.55
C7561-C,P75594-H,Mehul Vohra,2024-03-14,Health,Life,40007,40007,20850,159623,Bangalore,South,259,Light Rain,Flood Damage,Branch,27,Male,Settled,14,No,0.25
C4543-P,P89345-B,Veer Sahni,2024-09-01,Property,Life,385678,230590,39689,495903,Kolkata,East,283,Heavy Rain,Crop Loss,Mobile App,70,Male,Pending,25,No,0.78
C2196-X,P67048-R,Aaryahi Arya,2024-10-12,Agriculture,Agriculture,178011,178011,27985,320416,Hyderabad,South,265,Heavy Rain,House Damage,Online,21,Male,Pending,28,No,0.56
C4455-R,P82748-A,Dhanush Tandon,2024-11-19,Property,Property,306222,203876,16223,568614,Mumbai,West,147,Moderate Rain,Crop Loss,Online,35,Female,Settled,29,No,0.54
C6385-E,P79651-N,Piya Wali,2024-03-03,Health,Health,132796,132796,31436,404175,Bangalore,South,73,Moderate Rain,Crop Loss,Mobile App,22,Male,Settled,4,No,0.33
C5132-E,P53007-A,Samiha Sankaran,2024-04-20,Health,Health,84238,72855,42685,286150,Ahmedabad,West,200,Heavy Rain,Flood Damage,Mobile App,64,Female,Settled,27,No,0.29
C6293-J,P30133-K,Saksham Mander,2024-12-13,Health,Health,102257,102257,39606,398375,Mumbai,West,59,Flood,Flood Damage,Mobile App,61,Male,Settled,10,No,0.26
C6508-F,P66565-L,Jivika Ramaswamy,2024-06-07,Vehicle,Health,58400,58400,32048,206035,Bangalore,South,159,Moderate Rain,House Damage,Branch,64,Other,Settled,8,No,0.28
C9581-I,P65570-C,Ahana  Chacko,2024-03-05,Vehicle,Agriculture,115800,115800,30924,245587,Mumbai,West,300,Moderate Rain,Hospitalization,Branch,35,Other,Settled,26,No,0.47
C1034-M,P51323-D,Hrishita Sarma,2024-12-07,Vehicle,Life,142934,142934,25591,298847,Pune,West,245,Moderate Rain,Road Accident,Agent,25,Female,Settled,23,No,0.48
C2831-M,P62927-C,Keya Sahni,2024-02-09,Health,Agriculture,93097,93097,41867,327428,Chennai,South,155,Light Rain,Road Accident,Agent,56,Other,Settled,13,No,0.28
C3251-A,P30920-B,Devansh Sathe,2024-10-24,Vehicle,Vehicle,98402,98402,26921,341996,Kolkata,East,225,Heavy Rain,Flood Damage,Mobile App,37,Female,Rejected,26,No,0.29
C4594-Y,P55475-B,Parinaaz Atwal,2024-01-21,Vehicle,Life,138093,138093,32733,422764,Jaipur,North,160,Moderate Rain,Road Accident,Branch,52,Female,Settled,23,No,0.33
C7364-G,P81817-O,Hansh Tata,2024-10-04,Vehicle,Life,59451,59451,49448,165925,Mumbai,West,104,Flood,House Damage,Online,30,Male,Pending,21,No,0.36
C8539-M,P51782-G,Prerak Thakkar,2024-12-20,Vehicle,Property,50809,50809,16337,120802,Ahmedabad,West,163,Heavy Rain,Crop Loss,Branch,68,Other,Settled,24,No,0.42
C1188-Q,P71439-T,Keya Batra,2024-04-07,Vehicle,Agriculture,142090,142090,5460,355653,Hyderabad,South,274,Heavy Rain,Road Accident,Online,32,Male,Pending,13,No,0.4
C8727-X,P86645-P,Armaan Taneja,2024-02-12,Health,Property,90552,59629,10956,172959,Hyderabad,South,61,Moderate Rain,Hospitalization,Mobile App,51,Female,Settled,17,No,0.52
C1304-U,P58608-H,Damini Krishnan,2024-05-22,Agriculture,Agriculture,104245,104245,21417,313661,Lucknow,North,245,Light Rain,Crop Loss,Online,46,Male,Settled,14,No,0.33
C1780-V,P46507-S,Khushi Choudhury,2024-01-26,Agriculture,Life,147399,135513,46367,208272,Ahmedabad,West,195,Moderate Rain,Crop Loss,Online,58,Other,Rejected,7,No,0.71
C9208-G,P10714-J,Tanya Dasgupta,2024-10-03,Property,Health,224825,224825,46882,459817,Bangalore,South,248,Heavy Rain,Road Accident,Branch,62,Male,Pending,20,No,0.49
C5617-L,P25314-H,Sana Kata,2024-06-08,Agriculture,Agriculture,56972,56972,20264,302884,Hyderabad,South,108,Moderate Rain,Crop Loss,Online,39,Male,Settled,9,No,0.19
C7718-N,P56920-V,Lakshit Chaudhry,2024-11-12,Property,Agriculture,130093,130093,35583,418239,Hyderabad,South,75,Flood,Hospitalization,Online,51,Other,Settled,5,No,0.31
C5180-V,P33926-J,Nayantara Dani,2024-10-03,Agriculture,Health,147442,147442,37507,261143,Ahmedabad,West,144,Heavy Rain,Hospitalization,Mobile App,66,Other,Settled,22,No,0.56
C2003-P,P78809-A,Zain Basak,2024-12-24,Property,Vehicle,189457,189457,33617,348002,Mumbai,West,170,Flood,Road Accident,Agent,69,Male,Settled,19,No,0.54
C7785-I,P29769-S,Indrans Babu,2024-09-11,Agriculture,Agriculture,124653,124653,29519,398951,Ahmedabad,West,143,Heavy Rain,Road Accident,Mobile App,39,Other,Settled,10,No,0.31
C1246-K,P38543-L,Hunar Rau,2024-08-21,Agriculture,Health,56036,56036,31079,324211,Jaipur,North,228,Light Rain,Flood Damage,Branch,26,Male,Settled,21,No,0.17
C9422-E,P98124-N,Hridaan Ramanathan,2024-10-18,Property,Life,292409,292409,5545,450056,Bangalore,South,99,Light Rain,Road Accident,Online,52,Female,Settled,19,Yes,0.65
C7800-Q,P44798-C,Ela Bail,2024-02-03,Agriculture,Health,107259,107259,7134,356095,Ahmedabad,West,133,Moderate Rain,Flood Damage,Branch,65,Female,Pending,22,No,0.3
C6333-E,P25174-I,Advik Kibe,2024-02-23,Health,Health,114772,114772,8552,248314,Chennai,South,90,Light Rain,House Damage,Agent,36,Female,Pending,7,No,0.46
C8914-Z,P38280-H,Bhavin Kant,2024-04-13,Agriculture,Property,116053,63185,20483,284687,Chennai,South,116,Moderate Rain,Crop Loss,Agent,61,Female,Settled,7,No,0.41
C7795-R,P79914-S,Onkar Kalita,2024-09-08,Property,Property,496526,496526,49681,745947,Kolkata,East,256,Heavy Rain,Road Accident,Branch,55,Other,Settled,12,No,0.67
C7701-B,P95633-G,Aniruddh Ray,2024-01-06,Agriculture,Property,64826,64826,17415,137605,Ahmedabad,West,259,Heavy Rain,Crop Loss,Online,66,Female,Rejected,28,No,0.47
C8196-A,P18022-E,Amani Sarna,2024-11-06,Property,Vehicle,126670,126670,30173,309166,Delhi,North,271,Heavy Rain,Crop Loss,Branch,44,Female,Pending,26,No,0.41
C9627-G,P53459-B,Indrans Bir,2024-06-12,Property,Health,133712,133712,49896,244380,Kolkata,East,276,Light Rain,Hospitalization,Branch,62,Other,Settled,25,No,0.55
C6029-L,P83127-Z,Rohan De,2024-05-14,Agriculture,Health,54107,53247,34881,253691,Delhi,North,90,Heavy Rain,Flood Damage,Online,53,Other,Settled,26,No,0.21
C1461-Y,P11123-F,Aaryahi Sarkar,2024-05-31,Agriculture,Health,252731,252731,40168,403342,Bangalore,South,249,Light Rain,House Damage,Online,65,Female,Pending,4,No,0.63
C2725-J,P24851-U,Ela Varughese,2024-03-03,Property,Property,431957,431957,49834,557867,Pune,West,228,Heavy Rain,Crop Loss,Branch,70,Male,Pending,29,No,0.77
C3675-L,P82449-O,Siya Roy,2024-10-22,Agriculture,Health,92958,92958,16748,278610,Ahmedabad,West,64,Heavy Rain,Road Accident,Branch,38,Other,Settled,15,No,0.33
C7914-S,P83845-K,Kabir Bhakta,2024-03-01,Health,Health,171329,93419,19116,401135,Bangalore,South,186,Moderate Rain,Road Accident,Branch,51,Female,Pending,25,No,0.43
C2492-P,P78377-N,Lagan Vasa,2024-02-06,Agriculture,Vehicle,276859,276859,35109,413386,Ahmedabad,West,182,Moderate Rain,Hospitalization,Agent,39,Other,Settled,28,No,0.67
C7186-J,P82493-C,Shaan Goyal,2024-04-08,Agriculture,Life,191853,191853,26719,271738,Lucknow,North,198,Moderate Rain,Crop Loss,Online,40,Female,Settled,30,No,0.71
C4282-E,P35952-C,Lakshit Shenoy,2024-04-30,Health,Life,84135,84135,49387,268350,Pune,West,170,Light Rain,Crop Loss,Online,30,Other,Settled,15,No,0.31
C5229-I,P66780-O,Keya Bhardwaj,2024-12-05,Agriculture,Health,216965,145212,8657,509721,Pune,West,201,Light Rain,Crop Loss,Mobile App,52,Male,Pending,4,Yes,0.43
C9309-M,P15158-E,Uthkarsh Garde,2024-10-15,Agriculture,Property,232499,232499,7105,417914,Lucknow,North,132,Flood,Flood Damage,Mobile App,33,Male,Settled,11,No,0.56
C1974-B,P88366-K,Jayant Upadhyay,2024-06-11,Health,Vehicle,162555,162555,36599,307137,Mumbai,West,283,Light Rain,House Damage,Agent,62,Female,Pending,11,No,0.53
C8505-T,P80725-G,Vidur Rama,2024-04-15,Property,Property,493560,253755,38349,766361,Bangalore,South,100,Flood,House Damage,Agent,44,Female,Settled,26,No,0.64
C8050-I,P12573-A,Myra Ghosh,2024-09-09,Agriculture,Vehicle,202289,202289,34904,478130,Delhi,North,152,Heavy Rain,Flood Damage,Branch,22,Other,Pending,29,No,0.42
C8636-U,P33317-H,Riya Gopal,2024-09-01,Health,Agriculture,113692,113692,24488,175292,Ahmedabad,West,231,Moderate Rain,Hospitalization,Agent,26,Male,Pending,9,No,0.65
C4445-I,P30685-Z,Aaryahi Vig,2024-10-17,Vehicle,Agriculture,76264,76264,37645,187044,Kolkata,East,187,Flood,Flood Damage,Mobile App,49,Other,Settled,14,No,0.41
C1629-T,P72722-I,Saira Kaur,2024-12-05,Vehicle,Health,69570,69570,36653,210006,Delhi,North,92,Flood,Crop Loss,Branch,57,Other,Settled,17,No,0.33
C9164-S,P91963-A,Seher Tak,2024-11-29,Health,Life,64524,64524,26940,159175,Jaipur,North,94,Moderate Rain,Road Accident,Mobile App,25,Female,Pending,6,No,0.41
C2398-I,P23970-T,Rhea Divan,2024-01-13,Agriculture,Property,194190,194190,20596,299117,Chennai,South,168,Moderate Rain,Hospitalization,Branch,64,Female,Settled,7,Yes,0.65
C9114-M,P46735-K,Piya Krishnamurthy,2024-09-19,Property,Vehicle,215505,215505,47420,421305,Lucknow,North,187,Light Rain,House Damage,Mobile App,59,Female,Pending,26,No,0.51
C7666-G,P55227-D,Kismat Virk,2024-11-06,Vehicle,Health,97882,97882,48756,227496,Bangalore,South,182,Flood,Hospitalization,Branch,53,Male,Settled,29,No,0.43
C8187-Q,P79712-J,Anika Mammen,2024-10-09,Property,Life,357794,357794,22987,551053,Lucknow,North,108,Light Rain,House Damage,Online,43,Other,Settled,14,No,0.65
C1876-N,P40820-K,Suhana Rana,2024-03-16,Health,Health,88447,88447,48076,179340,Kolkata,East,115,Moderate Rain,Hospitalization,Online,27,Other,Settled,3,No,0.49
C4969-L,P88992-O,Eshani Seth,2024-10-02,Agriculture,Life,289675,289675,31948,427713,Jaipur,North,279,Light Rain,Road Accident,Agent,27,Male,Settled,21,Yes,0.68
C6705-P,P60170-P,Samarth Saxena,2024-06-16,Property,Life,205656,205656,21650,429399,Jaipur,North,178,Light Rain,Crop Loss,Mobile App,55,Female,Pending,16,Yes,0.48
C8902-P,P12096-S,Sara Gaba,2024-11-07,Vehicle,Property,85537,85537,5614,264170,Bangalore,South,125,Moderate Rain,Road Accident,Branch,66,Female,Pending,21,No,0.32
C4100-K,P16169-M,Yashvi Bhagat,2024-04-09,Health,Agriculture,66660,66660,30252,338140,Mumbai,West,218,Light Rain,Road Accident,Agent,18,Other,Rejected,29,No,0.2
C5595-V,P97096-X,Shamik Dey,2024-09-16,Agriculture,Agriculture,127371,127371,30612,181055,Lucknow,North,294,Heavy Rain,Flood Damage,Branch,63,Female,Rejected,16,No,0.7
C3511-P,P45832-H,Farhan Sane,2024-06-27,Health,Property,147457,147457,16490,345446,Ahmedabad,West,199,Light Rain,Hospitalization,Mobile App,59,Female,Settled,23,No,0.43
C6360-K,P43056-M,Trisha Thaman,2024-12-05,Agriculture,Vehicle,181421,181421,32061,279803,Delhi,North,54,Light Rain,Crop Loss,Mobile App,38,Female,Settled,5,No,0.65
C7417-A,P51292-H,Adira Date,2024-01-16,Health,Life,88891,88891,20036,258273,Kolkata,East,190,Flood,Road Accident,Branch,50,Male,Settled,22,No,0.34
C1097-W,P51288-G,Pari Tella,2024-06-07,Agriculture,Property,220748,144052,15390,445089,Hyderabad,South,116,Flood,Road Accident,Branch,64,Male,Settled,24,No,0.5
C1447-A,P73334-G,Advik Kala,2024-04-14,Vehicle,Health,135056,135056,22147,200865,Chennai,South,286,Moderate Rain,Flood Damage,Agent,52,Other,Settled,10,No,0.67
C9826-F,P30806-U,Ehsaan Iyer,2024-12-01,Vehicle,Agriculture,143733,82083,5852,385296,Ahmedabad,West,177,Heavy Rain,Flood Damage,Mobile App,50,Male,Settled,27,No,0.37
C2688-W,P13294-O,Urvi Dash,2024-01-04,Property,Agriculture,208981,208981,13225,454682,Jaipur,North,135,Heavy Rain,Hospitalization,Agent,43,Male,Settled,23,No,0.46
C1146-N,P94303-R,Farhan Sarna,2024-11-22,Property,Agriculture,131986,131986,29185,200883,Jaipur,North,137,Light Rain,Road Accident,Branch,38,Female,Pending,5,No,0.66
C6315-O,P23590-O,Fateh Gupta,2024-08-29,Health,Vehicle,111578,111578,19202,229090,Lucknow,North,107,Light Rain,Flood Damage,Branch,59,Female,Settled,12,No,0.49
C9208-M,P40479-X,Gokul Sidhu,2024-06-22,Vehicle,Health,37989,37989,27911,168913,Jaipur,North,126,Light Rain,Crop Loss,Branch,60,Female,Pending,9,No,0.22
C9315-E,P62855-Z,Dhanush Deshmukh,2024-03-03,Health,Health,96211,96211,17315,182922,Delhi,North,65,Heavy Rain,Crop Loss,Agent,64,Male,Pending,21,Yes,0.53
C9812-U,P36422-L,Gokul Basak,2024-12-16,Vehicle,Life,123883,123883,36612,316109,Mumbai,West,172,Moderate Rain,Hospitalization,Branch,20,Male,Pending,19,No,0.39
C6686-G,P99190-B,Divij Sarma,2024-05-05,Agriculture,Agriculture,75983,75983,19334,301851,Ahmedabad,West,294,Light Rain,Hospitalization,Online,68,Male,Pending,24,No,0.25
C5367-W,P85686-J,Aaryahi Bhargava,2024-12-23,Property,Property,103242,103242,20177,158650,Hyderabad,South,156,Moderate Rain,Hospitalization,Online,27,Other,Pending,14,No,0.65
C4341-I,P51269-O,Aniruddh Behl,2024-08-06,Property,Life,258283,258283,49701,479781,Ahmedabad,West,288,Moderate Rain,Flood Damage,Online,64,Female,Rejected,6,No,0.54
C2409-R,P24630-P,Samiha Manne,2024-05-29,Property,Life,135498,122893,41739,385578,Delhi,North,255,Light Rain,Flood Damage,Agent,29,Female,Pending,29,No,0.35
C1432-B,P24695-S,Hridaan Khanna,2024-02-09,Health,Vehicle,112971,112971,35952,279338,Lucknow,North,232,Moderate Rain,Crop Loss,Mobile App,18,Male,Pending,28,No,0.4
C5682-Y,P52806-F,Ela Shukla,2024-05-08,Vehicle,Agriculture,100429,100429,8190,387380,Chennai,South,280,Moderate Rain,Hospitalization,Branch,54,Male,Settled,26,No,0.26
C7262-U,P55600-G,Rasha Atwal,2024-11-21,Vehicle,Vehicle,114363,114363,23983,382113,Kolkata,East,213,Flood,Road Accident,Mobile App,25,Other,Pending,26,Yes,0.3
C9844-E,P89871-X,Vidur Agrawal,2024-02-01,Vehicle,Agriculture,98468,98468,29805,296314,Jaipur,North,231,Flood,Flood Damage,Online,43,Male,Pending,17,No,0.33
C1024-K,P55153-X,Madhav Khatri,2024-11-05,Vehicle,Life,39050,39050,29769,281216,Lucknow,North,215,Heavy Rain,Crop Loss,Mobile App,32,Male,Settled,4,No,0.14
C4099-K,P79203-L,Samaira Kala,2024-06-22,Property,Vehicle,309188,309188,34807,414965,Hyderabad,South,210,Flood,Hospitalization,Branch,23,Female,Pending,10,No,0.75
C4707-C,P63214-Y,Shaan Sidhu,2024-03-05,Agriculture,Health,199196,199196,17869,494700,Chennai,South,64,Heavy Rain,House Damage,Mobile App,34,Other,Settled,14,No,0.4
C2121-I,P45783-I,Neysa Bhagat,2024-09-02,Agriculture,Agriculture,250165,250165,21309,308904,Ahmedabad,West,163,Moderate Rain,Flood Damage,Branch,47,Other,Rejected,6,No,0.81
C1375-Q,P86326-V,Aradhya Sachar,2024-02-08,Health,Agriculture,121720,121720,17500,363561,Jaipur,North,190,Heavy Rain,House Damage,Agent,64,Male,Pending,23,No,0.33
C7008-F,P19297-W,Yashvi Sarin,2024-11-26,Agriculture,Life,207976,207976,18828,333529,Mumbai,West,87,Flood,Flood Damage,Agent,51,Other,Rejected,10,No,0.62
C8129-O,P10567-F,Siya Kata,2024-03-30,Health,Property,145653,145653,36295,391133,Lucknow,North,81,Heavy Rain,Flood Damage,Online,56,Male,Settled,10,No,0.37
C3779-P,P33000-S,Arhaan Gole,2024-05-24,Health,Property,42089,42089,42230,213907,Bangalore,South,227,Light Rain,Road Accident,Online,54,Other,Settled,27,Yes,0.2
C1382-F,P51203-N,Oorja Saini,2024-02-10,Property,Property,364440,364440,41619,459762,Bangalore,South,62,Moderate Rain,Road Accident,Branch,47,Female,Settled,7,No,0.79
C2894-B,P75276-I,Divij Majumdar,2024-11-20,Health,Vehicle,184039,184039,35027,415084,Kolkata,East,254,Flood,Crop Loss,Mobile App,19,Other,Pending,10,No,0.44
C3763-W,P16065-X,Jayesh Konda,2024-08-15,Health,Life,179641,179641,36960,432144,Pune,West,123,Heavy Rain,Road Accident,Mobile App,34,Male,Rejected,6,No,0.42
C9059-H,P13910-P,Badal Saxena,2024-04-02,Vehicle,Vehicle,54788,54788,26942,134373,Ahmedabad,West,118,Heavy Rain,Crop Loss,Mobile App,29,Female,Settled,27,No,0.41
C7858-V,P43769-W,Yuvaan Baral,2024-07-18,Vehicle,Life,129287,129287,39673,258010,Kolkata,East,172,Light Rain,Road Accident,Branch,35,Male,Settled,25,No,0.5
C3292-Z,P24866-D,Yashvi Jaggi,2024-07-26,Agriculture,Property,282614,282614,37890,392311,Delhi,North,76,Light Rain,House Damage,Branch,32,Male,Settled,23,No,0.72
C9971-M,P41117-Z,Vardaniya Tiwari,2024-05-16,Health,Agriculture,33204,33204,5445,240537,Kolkata,East,217,Flood,Crop Loss,Online,21,Male,Pending,24,No,0.14
C9472-H,P43301-F,Gatik Bahri,2024-01-31,Vehicle,Agriculture,127302,111572,27327,328759,Delhi,North,195,Light Rain,House Damage,Branch,22,Male,Settled,7,No,0.39
C3609-C,P31194-L,Samar Ray,2024-12-16,Vehicle,Life,63105,63105,8088,356088,Mumbai,West,271,Moderate Rain,Hospitalization,Online,21,Male,Settled,23,No,0.18
C1903-K,P25861-X,Dhanush Goswami,2024-09-16,Agriculture,Life,165702,165702,5337,445806,Chennai,South,163,Flood,Road Accident,Online,18,Male,Settled,25,Yes,0.37
C1256-Z,P15852-T,Kartik Vyas,2024-06-29,Health,Vehicle,93381,93381,47603,386843,Lucknow,North,156,Light Rain,House Damage,Online,46,Male,Settled,28,No,0.24
C6708-K,P59517-B,Charvi Dutta,2024-06-30,Health,Life,48819,48819,41421,202944,Pune,West,87,Light Rain,Road Accident,Agent,47,Male,Settled,29,No,0.24
C8801-L,P22534-C,Shalv Walla,2024-05-25,Health,Property,44339,44339,9422,315272,Mumbai,West,241,Flood,Road Accident,Branch,22,Other,Settled,6,No,0.14
C9856-B,P47221-T,Yakshit Bhalla,2024-11-28,Agriculture,Health,76753,76753,17720,262215,Bangalore,South,55,Heavy Rain,Road Accident,Online,37,Other,Settled,25,No,0.29
C1073-K,P22376-G,Mohanlal Trivedi,2024-08-18,Property,Vehicle,346575,346575,30548,629505,Ahmedabad,West,129,Flood,Road Accident,Mobile App,34,Female,Pending,9,No,0.55
C4585-D,P20581-A,Samarth Dewan,2024-11-12,Property,Agriculture,124706,124706,47574,335122,Lucknow,North,135,Light Rain,Hospitalization,Mobile App,21,Female,Pending,28,No,0.37
C4790-C,P79459-A,Shaan Shan,2024-02-12,Property,Life,330680,236380,7515,438047,Ahmedabad,West,243,Flood,Crop Loss,Branch,62,Other,Rejected,22,Yes,0.75
C2006-C,P41011-C,Anvi Dash,2024-07-04,Vehicle,Agriculture,59870,59870,27719,120288,Lucknow,North,176,Light Rain,House Damage,Agent,30,Male,Settled,24,No,0.5
C7700-E,P45351-X,Dhruv Mani,2024-11-18,Health,Vehicle,26150,26150,30537,91507,Lucknow,North,78,Light Rain,Flood Damage,Online,45,Female,Pending,8,No,0.29
C2774-Y,P40673-H,Ishita Bora,2024-11-02,Vehicle,Agriculture,42430,42430,13779,122958,Delhi,North,123,Light Rain,Road Accident,Online,33,Male,Settled,30,No,0.35
C6140-V,P59629-Q,Manjari Iyer,2024-08-01,Health,Health,124943,124943,17209,404101,Jaipur,North,163,Heavy Rain,Hospitalization,Mobile App,27,Female,Pending,24,No,0.31
C2907-X,P84809-W,Shamik Vala,2024-01-27,Health,Health,80963,80963,5891,351506,Jaipur,North,207,Moderate Rain,House Damage,Branch,46,Other,Settled,12,No,0.23
C7207-R,P82123-W,Khushi Vora,2024-07-21,Health,Agriculture,75142,75142,36714,198878,Pune,West,75,Moderate Rain,Hospitalization,Agent,69,Male,Settled,9,No,0.38
C8549-E,P32962-O,Fateh Devi,2024-02-22,Health,Life,69118,69118,17195,214697,Kolkata,East,248,Heavy Rain,Flood Damage,Online,40,Male,Settled,14,No,0.32
C9294-C,P19240-R,Vaibhav Brahmbhatt,2024-09-15,Agriculture,Vehicle,66298,66298,19530,280970,Lucknow,North,112,Flood,House Damage,Mobile App,51,Male,Settled,25,No,0.24
C9756-P,P26800-H,Samaira Aggarwal,2024-09-06,Vehicle,Life,114527,114527,18745,225915,Chennai,South,234,Flood,Crop Loss,Online,31,Female,Settled,28,No,0.51
C8669-S,P56187-B,Aaryahi Devi,2024-08-11,Property,Health,418118,418118,12248,706533,Hyderabad,South,201,Flood,Crop Loss,Branch,29,Male,Settled,30,No,0.59
C6827-S,P94403-K,Devansh Ratti,2024-10-20,Agriculture,Vehicle,285423,285423,37254,457561,Chennai,South,157,Heavy Rain,House Damage,Branch,24,Male,Settled,11,No,0.62
C4759-F,P70302-F,Vidur Handa,2024-04-15,Vehicle,Health,71512,71512,33826,354379,Lucknow,North,125,Light Rain,Road Accident,Online,59,Male,Pending,19,No,0.2
C5994-W,P39065-U,Anika Dey,2024-10-03,Vehicle,Life,137633,137633,42479,364735,Lucknow,North,222,Heavy Rain,Road Accident,Agent,44,Female,Rejected,7,No,0.38
C5590-B,P41561-E,Hridaan Lalla,2024-10-27,Health,Property,72048,72048,42841,151473,Lucknow,North,105,Flood,Crop Loss,Mobile App,57,Other,Pending,15,No,0.48
C7209-W,P20831-H,Baiju Maharaj,2024-10-01,Health,Vehicle,82922,82922,6581,303060,Mumbai,West,59,Light Rain,Flood Damage,Branch,42,Male,Pending,27,No,0.27
C2081-H,P93700-G,Kashvi Chatterjee,2024-11-05,Health,Agriculture,121544,121544,34030,287022,Chennai,South,211,Flood,Hospitalization,Mobile App,53,Female,Settled,28,No,0.42
C4865-O,P91789-G,Pari Sachdev,2024-01-15,Health,Life,89880,62190,26892,333970,Ahmedabad,West,77,Heavy Rain,Crop Loss,Agent,21,Female,Settled,8,No,0.27
C3338-U,P26068-E,Parinaaz Dubey,2024-04-13,Vehicle,Property,107326,107326,14965,180040,Delhi,North,293,Flood,House Damage,Agent,20,Other,Pending,17,No,0.6
C4215-I,P90724-I,Renee Kar,2024-03-31,Property,Health,247223,194836,27500,526469,Chennai,South,225,Moderate Rain,Flood Damage,Mobile App,48,Other,Settled,27,No,0.47
C4115-A,P73394-R,Hunar Dara,2024-06-22,Health,Health,33395,33395,16048,137206,Hyderabad,South,204,Heavy Rain,Road Accident,Online,66,Other,Pending,15,No,0.24
C2351-C,P55205-K,Divij Upadhyay,2024-07-07,Agriculture,Agriculture,228155,146509,9622,437299,Kolkata,East,272,Light Rain,Road Accident,Mobile App,50,Male,Pending,7,No,0.52
C2677-R,P56712-C,Ojas Balay,2024-12-03,Agriculture,Property,246239,246239,35156,513236,Mumbai,West,107,Light Rain,House Damage,Online,28,Male,Settled,3,No,0.48
C6293-M,P13561-S,Umang Lala,2024-11-01,Agriculture,Agriculture,279836,279836,9083,504182,Jaipur,North,252,Heavy Rain,Flood Damage,Mobile App,43,Male,Pending,15,No,0.56
C3723-S,P12811-B,Kanav Goda,2024-02-13,Property,Vehicle,311501,311501,8193,416371,Lucknow,North,106,Flood,House Damage,Agent,30,Male,Settled,16,No,0.75
C5783-E,P39924-F,Krish Savant,2024-09-20,Property,Property,428123,331539,44182,522215,Chennai,South,150,Heavy Rain,House Damage,Mobile App,43,Male,Rejected,3,No,0.82
C7785-X,P85972-F,Seher Krishna,2024-06-19,Agriculture,Agriculture,52055,52055,41385,253548,Jaipur,North,81,Heavy Rain,House Damage,Branch,60,Male,Pending,3,No,0.21
C3785-G,P61728-H,Miraan Tara,2024-09-27,Vehicle,Health,84278,84278,6574,291876,Jaipur,North,202,Light Rain,Crop Loss,Agent,37,Other,Settled,30,No,0.29
C8667-E,P17279-E,Lagan Bali,2024-04-03,Property,Health,393791,393791,27916,609255,Pune,West,203,Light Rain,Crop Loss,Mobile App,59,Female,Settled,27,No,0.65
C7635-C,P88584-Q,Nirvaan Ramakrishnan,2024-05-06,Property,Life,441345,441345,15890,642158,Bangalore,South,269,Heavy Rain,House Damage,Agent,49,Male,Settled,26,No,0.69
C2190-R,P79966-H,Shalv Din,2024-06-07,Vehicle,Agriculture,77512,77512,26853,220499,Pune,West,270,Moderate Rain,Crop Loss,Mobile App,64,Female,Pending,30,No,0.35
C5232-N,P23715-X,Zeeshan Shankar,2024-03-13,Health,Vehicle,185573,141974,28525,443350,Delhi,North,168,Flood,Hospitalization,Online,24,Female,Pending,11,No,0.42
C8284-A,P20542-T,Advika Johal,2024-05-04,Health,Life,140250,103369,10837,278133,Kolkata,East,250,Heavy Rain,Hospitalization,Online,53,Other,Settled,27,No,0.5
C3451-E,P10569-J,Anika Rau,2024-01-05,Agriculture,Vehicle,78013,78013,29925,241681,Chennai,South,114,Light Rain,Crop Loss,Agent,29,Male,Settled,10,No,0.32
C6092-C,P73743-P,Kismat Swaminathan,2024-02-29,Agriculture,Agriculture,190618,190618,15673,440043,Chennai,South,286,Heavy Rain,Crop Loss,Online,28,Other,Rejected,22,No,0.43
C8857-N,P29475-Y,Anay Gupta,2024-11-16,Agriculture,Vehicle,201694,110085,18685,352552,Ahmedabad,West,79,Moderate Rain,Crop Loss,Agent,34,Female,Settled,28,Yes,0.57
C6719-W,P56588-O,Parinaaz Rajagopal,2024-07-26,Agriculture,Vehicle,85798,85798,9911,308992,Lucknow,North,77,Heavy Rain,Crop Loss,Mobile App,61,Male,Settled,9,No,0.28
C5804-F,P80616-G,Amani Chadha,2024-07-08,Property,Agriculture,116186,105668,42799,218678,Chennai,South,255,Heavy Rain,Crop Loss,Branch,26,Male,Settled,17,No,0.53
C5006-U,P20019-L,Drishya Basu,2024-02-28,Health,Agriculture,70186,70186,14820,265561,Bangalore,South,224,Light Rain,Flood Damage,Online,53,Female,Pending,20,No,0.26
C8046-D,P24609-Q,Indrajit Dara,2024-06-12,Agriculture,Vehicle,72442,72442,36667,321468,Mumbai,West,284,Heavy Rain,Flood Damage,Branch,57,Female,Pending,18,No,0.23
C5724-L,P19968-E,Keya Shetty,2024-05-20,Health,Life,26281,26281,35954,95315,Jaipur,North,62,Heavy Rain,Road Accident,Agent,28,Other,Settled,7,No,0.28
C9755-K,P74743-F,Diya Jani,2024-09-19,Agriculture,Agriculture,103986,103986,20711,366107,Hyderabad,South,290,Flood,Crop Loss,Online,19,Other,Pending,8,Yes,0.28
C5042-G,P58883-H,Tiya Khanna,2024-09-24,Vehicle,Property,101604,92088,21872,281618,Delhi,North,55,Heavy Rain,Crop Loss,Mobile App,27,Female,Settled,28,No,0.36
C4784-Z,P92134-G,Fateh Borah,2024-08-29,Property,Health,270862,270862,47789,388444,Jaipur,North,166,Heavy Rain,Flood Damage,Mobile App,59,Male,Pending,8,No,0.7
C9240-G,P17872-M,Riaan Devan,2024-03-25,Agriculture,Health,57064,57064,42737,324351,Pune,West,113,Light Rain,Road Accident,Agent,23,Male,Settled,7,No,0.18
C1231-Q,P98073-E,Priyansh Chacko,2024-06-23,Vehicle,Agriculture,41928,41928,40290,316183,Hyderabad,South,227,Flood,House Damage,Mobile App,41,Other,Rejected,21,No,0.13
C9024-L,P52479-J,Trisha Deo,2024-03-26,Vehicle,Vehicle,104909,104909,28639,182108,Chennai,South,134,Light Rain,Road Accident,Branch,32,Other,Settled,19,No,0.58
C7494-O,P11227-D,Lakshit Bhakta,2024-12-17,Vehicle,Life,142264,142264,23403,371817,Bangalore,South,163,Flood,House Damage,Agent,38,Other,Settled,29,No,0.38
C5491-A,P86169-I,Neysa Bhatia,2024-05-21,Health,Life,117170,117170,42738,332675,Delhi,North,169,Light Rain,Hospitalization,Online,41,Other,Settled,13,No,0.35
C5442-N,P98357-Q,Pranay Bose,2024-11-24,Vehicle,Vehicle,138044,138044,6619,379739,Ahmedabad,West,294,Moderate Rain,Flood Damage,Agent,46,Male,Settled,20,No,0.36
C1672-U,P73361-X,Onkar Tak,2024-05-10,Health,Life,70950,70950,45194,323184,Mumbai,West,252,Heavy Rain,Hospitalization,Mobile App,56,Female,Pending,7,No,0.22
C6761-B,P34478-E,Hazel Sami,2024-01-20,Vehicle,Property,74499,74499,28645,267941,Hyderabad,South,108,Flood,Crop Loss,Online,35,Female,Settled,5,No,0.28
C5115-K,P13734-U,Dishani Gopal,2024-10-23,Agriculture,Life,206437,206437,31904,406924,Mumbai,West,275,Heavy Rain,Hospitalization,Mobile App,21,Other,Settled,30,No,0.51
C9820-B,P84577-S,Ivana Subramaniam,2024-12-13,Agriculture,Health,123174,123174,31792,307575,Delhi,North,69,Light Rain,Crop Loss,Online,38,Female,Pending,28,No,0.4
C7814-A,P97891-Q,Misha Ghosh,2024-01-28,Health,Vehicle,97513,97513,49814,290774,Lucknow,North,200,Moderate Rain,Crop Loss,Branch,18,Male,Settled,30,No,0.34
C5438-F,P27525-W,Sana Biswas,2024-09-04,Property,Life,294234,294234,31284,511732,Chennai,South,250,Light Rain,Road Accident,Online,46,Female,Settled,16,No,0.57
C9422-C,P42258-L,Bhavin Ram,2024-08-18,Vehicle,Life,64265,64265,5172,354708,Hyderabad,South,273,Moderate Rain,Crop Loss,Agent,38,Male,Pending,11,No,0.18
C2796-R,P84144-R,Inaaya  Raj,2024-09-13,Health,Health,198813,198813,6470,272921,Lucknow,North,218,Moderate Rain,House Damage,Agent,64,Other,Pending,27,No,0.73
C2570-U,P66994-K,Hunar Kadakia,2024-03-24,Agriculture,Vehicle,187718,187718,31039,397531,Lucknow,North,270,Light Rain,Crop Loss,Branch,25,Other,Pending,22,No,0.47
C7216-A,P85460-N,Yasmin Gara,2024-08-27,Agriculture,Agriculture,137968,137968,18451,227209,Ahmedabad,West,259,Moderate Rain,Road Accident,Online,69,Other,Rejected,15,No,0.61
C2533-Q,P41653-F,Aarav Barad,2024-05-28,Agriculture,Health,118484,118484,23269,305416,Pune,West,169,Flood,House Damage,Mobile App,51,Male,Settled,8,No,0.39
C5858-O,P57927-W,Himmat Gulati,2024-06-12,Health,Health,124316,124316,11510,247208,Jaipur,North,123,Flood,House Damage,Agent,58,Other,Pending,6,No,0.5
C4221-Y,P83477-R,Darshit Gulati,2024-12-12,Vehicle,Vehicle,115838,115838,32341,362630,Delhi,North,116,Light Rain,Hospitalization,Online,61,Other,Settled,25,No,0.32
C4341-A,P47365-Q,Tanya Dhar,2024-04-04,Agriculture,Health,66532,41479,17776,345602,Pune,West,94,Heavy Rain,Hospitalization,Mobile App,61,Male,Rejected,21,No,0.19
C7036-S,P64215-J,Aniruddh Yadav,2024-05-31,Vehicle,Life,121869,121869,7088,376659,Pune,West,126,Light Rain,Road Accident,Online,48,Other,Pending,26,No,0.32
C8102-U,P71637-A,Madhav Swaminathan,2024-09-17,Agriculture,Agriculture,84438,84438,25995,278163,Pune,West,59,Light Rain,Flood Damage,Agent,23,Female,Rejected,6,No,0.3
C4121-O,P80895-N,Samiha Chakrabarti,2024-03-20,Vehicle,Vehicle,92038,92038,21972,180195,Jaipur,North,246,Moderate Rain,Flood Damage,Online,26,Female,Settled,19,No,0.51
C1558-T,P13424-F,Aarna Walla,2024-08-20,Vehicle,Life,142825,142825,11255,415547,Chennai,South,249,Light Rain,Road Accident,Online,62,Female,Pending,19,No,0.34
C8816-M,P21190-Y,Shamik Karpe,2024-11-20,Agriculture,Health,68594,68594,22474,316510,Jaipur,North,211,Moderate Rain,Road Accident,Agent,46,Female,Settled,13,No,0.22
C3673-B,P85402-L,Anay Balay,2024-12-27,Health,Health,171401,171401,21428,440424,Mumbai,West,167,Moderate Rain,Crop Loss,Mobile App,48,Male,Pending,14,No,0.39
C4057-Q,P22729-F,Abram Ben,2024-10-04,Vehicle,Property,36255,36255,5067,124031,Jaipur,North,81,Light Rain,Crop Loss,Branch,62,Other,Settled,4,No,0.29
C7495-M,P31910-K,Neelofar Deep,2024-01-15,Agriculture,Agriculture,105016,105016,9170,393498,Hyderabad,South,104,Heavy Rain,Flood Damage,Mobile App,49,Other,Settled,13,No,0.27
C1450-X,P40542-X,Ojas Chakraborty,2024-06-06,Agriculture,Property,192970,192970,16970,329098,Mumbai,West,136,Flood,House Damage,Agent,35,Female,Settled,26,No,0.59
C3642-K,P25695-S,Ehsaan Mallick,2024-12-01,Vehicle,Property,55792,55792,10387,347981,Chennai,South,111,Heavy Rain,Flood Damage,Branch,40,Other,Settled,17,No,0.16
C3741-F,P28798-Z,Damini Mani,2024-11-23,Agriculture,Agriculture,65405,65405,49506,223484,Delhi,North,224,Light Rain,Flood Damage,Online,68,Male,Settled,14,No,0.29
C4386-U,P39182-O,Jayesh Mangal,2024-07-15,Agriculture,Health,66202,34563,41718,252752,Kolkata,East,243,Flood,Flood Damage,Online,42,Other,Pending,28,No,0.26
C4195-N,P24292-N,Jayan Saini,2024-09-28,Vehicle,Vehicle,109450,109450,9978,160766,Chennai,South,290,Light Rain,Crop Loss,Mobile App,29,Female,Pending,30,No,0.68
C3350-F,P96717-X,Anika Sengupta,2024-01-23,Agriculture,Health,118822,118822,20220,342436,Hyderabad,South,217,Flood,Road Accident,Online,32,Male,Settled,10,No,0.35
C2213-N,P29864-M,Shamik Bahri,2024-04-29,Health,Life,77288,77288,10203,323222,Bangalore,South,105,Flood,Road Accident,Branch,60,Other,Settled,28,No,0.24
C9372-R,P87796-T,Tanya Ramanathan,2024-11-26,Agriculture,Life,54848,54848,42984,193518,Chennai,South,98,Flood,Road Accident,Branch,48,Other,Settled,7,No,0.28
C3908-X,P46885-C,Nitya Soman,2024-12-17,Health,Property,59339,59339,37044,326631,Lucknow,North,116,Light Rain,Crop Loss,Online,58,Female,Settled,10,No,0.18
C4991-U,P20261-J,Riaan Madan,2024-12-22,Property,Health,422809,422809,5017,497150,Delhi,North,67,Light Rain,Flood Damage,Mobile App,60,Female,Settled,26,No,0.85
C8775-G,P28992-C,Manjari Sheth,2024-01-11,Agriculture,Vehicle,77053,74153,10625,282535,Mumbai,West,282,Light Rain,Crop Loss,Branch,35,Male,Settled,30,No,0.27
C7921-B,P59931-W,Heer Lala,2024-02-15,Property,Vehicle,288038,288038,19698,385087,Bangalore,South,248,Light Rain,Crop Loss,Mobile App,68,Male,Rejected,4,No,0.75
C4083-I,P26115-O,Krish Bhattacharyya,2024-08-28,Vehicle,Health,62047,62047,27550,336814,Bangalore,South,120,Light Rain,Hospitalization,Mobile App,59,Female,Settled,20,No,0.18
C3477-B,P81186-X,Jayesh Ghose,2024-12-10,Property,Property,214350,214350,21243,483290,Chennai,South,280,Heavy Rain,House Damage,Mobile App,43,Male,Pending,8,No,0.44
C9434-J,P61727-Q,Ishita Varghese,2024-11-06,Vehicle,Vehicle,121968,121968,16723,257767,Bangalore,South,267,Light Rain,House Damage,Branch,28,Other,Rejected,24,No,0.47
C6548-H,P69576-H,Kaira Contractor,2024-07-03,Health,Health,65801,65801,34128,260773,Bangalore,South,225,Heavy Rain,Crop Loss,Online,29,Female,Settled,20,No,0.25
C1688-D,P93702-N,Ritvik Choudhry,2024-07-17,Vehicle,Health,86695,57384,40404,171440,Ahmedabad,West,287,Flood,Hospitalization,Branch,57,Male,Settled,29,No,0.51
C6527-D,P51263-H,Priyansh Baria,2024-10-12,Property,Agriculture,301906,301906,5281,368804,Ahmedabad,West,54,Light Rain,Hospitalization,Online,68,Other,Settled,27,No,0.82
C8412-M,P99162-G,Lavanya Babu,2024-01-09,Vehicle,Property,36703,36703,14608,100215,Pune,West,85,Light Rain,Road Accident,Mobile App,20,Female,Settled,24,No,0.37
C4247-L,P26881-M,Sara Bali,2024-03-13,Agriculture,Agriculture,99402,99402,5855,163623,Delhi,North,136,Light Rain,Flood Damage,Branch,68,Female,Settled,25,No,0.61
C7274-U,P32023-T,Riya Sehgal,2024-09-06,Vehicle,Property,45640,45640,7467,185643,Bangalore,South,59,Flood,Road Accident,Mobile App,42,Other,Rejected,13,No,0.25
C6547-M,P79674-P,Shanaya Talwar,2024-06-01,Health,Agriculture,33518,23717,8497,301090,Mumbai,West,253,Heavy Rain,Flood Damage,Online,68,Other,Settled,5,No,0.11
C2363-K,P96241-E,Miraan Brar,2024-06-29,Health,Life,123614,123614,39632,313398,Pune,West,240,Light Rain,Crop Loss,Online,24,Other,Settled,10,No,0.39
C4224-D,P25690-H,Yakshit Cherian,2024-09-22,Vehicle,Agriculture,119832,119832,43764,377410,Bangalore,South,105,Flood,Crop Loss,Mobile App,63,Other,Rejected,29,No,0.32
C6258-F,P37074-R,Raunak Ganguly,2024-02-11,Agriculture,Property,229050,229050,43065,425063,Pune,West,128,Heavy Rain,Crop Loss,Agent,61,Other,Settled,26,No,0.54
C7898-B,P67246-B,Mehul Soman,2024-05-12,Agriculture,Life,139113,139113,30780,350788,Bangalore,South,119,Flood,Road Accident,Online,68,Other,Settled,20,Yes,0.4
C9225-D,P40262-O,Dharmajan Chaudry,2024-01-25,Property,Agriculture,118124,118124,33272,195318,Ahmedabad,West,151,Moderate Rain,Flood Damage,Agent,53,Other,Rejected,8,No,0.6
C3352-I,P91267-Z,Tara Vyas,2024-01-29,Agriculture,Property,226325,226325,29173,500773,Delhi,North,209,Moderate Rain,House Damage,Mobile App,57,Female,Settled,26,No,0.45
C3763-B,P75426-S,Tejas Hans,2024-04-29,Vehicle,Agriculture,71505,71505,37347,215269,Delhi,North,231,Heavy Rain,Crop Loss,Online,35,Other,Rejected,27,No,0.33
C9730-P,P94866-S,Zaina Raja,2024-11-29,Agriculture,Property,88002,88002,25010,328846,Ahmedabad,West,190,Heavy Rain,Flood Damage,Agent,60,Male,Settled,5,No,0.27
C9789-T,P65552-D,Kiaan Doctor,2024-11-07,Agriculture,Life,278946,278946,45716,533175,Pune,West,117,Heavy Rain,House Damage,Branch,36,Other,Rejected,22,No,0.52
C4594-T,P11945-A,Dharmajan Sachdev,2024-05-23,Vehicle,Life,91376,91376,41978,363619,Chennai,South,270,Heavy Rain,Hospitalization,Online,40,Female,Pending,11,No,0.25
C5380-O,P55739-F,Diya Rama,2024-05-18,Agriculture,Agriculture,172827,172827,42797,284670,Bangalore,South,123,Moderate Rain,Hospitalization,Branch,54,Other,Settled,29,No,0.61
C1527-U,P44132-K,Myra Halder,2024-01-21,Agriculture,Agriculture,122388,122388,18980,308060,Ahmedabad,West,140,Moderate Rain,Flood Damage,Agent,19,Female,Rejected,28,No,0.4
C5980-R,P31420-E,Anaya Dube,2024-02-14,Property,Life,391745,391745,16429,523057,Kolkata,East,243,Moderate Rain,Road Accident,Branch,21,Female,Settled,10,No,0.75
C3749-R,P16834-U,Samaira Thaker,2024-02-20,Health,Vehicle,118870,118870,44624,311325,Mumbai,West,297,Moderate Rain,Hospitalization,Online,49,Other,Rejected,13,No,0.38
C8129-C,P53224-N,Tara Issac,2024-01-14,Vehicle,Property,120941,67620,40191,359919,Bangalore,South,251,Heavy Rain,Road Accident,Branch,21,Female,Settled,25,No,0.34
C1158-I,P42627-I,Samaira Krishnamurthy,2024-12-25,Property,Vehicle,380765,380765,16476,637776,Hyderabad,South,228,Heavy Rain,Road Accident,Mobile App,33,Other,Pending,28,No,0.6
C1512-Y,P38146-F,Rhea Ahluwalia,2024-08-26,Vehicle,Property,39425,39425,13852,218247,Jaipur,North,137,Light Rain,Crop Loss,Mobile App,63,Male,Pending,15,No,0.18
C4998-Z,P12151-J,Biju Kakar,2024-12-23,Vehicle,Health,74754,47197,10345,180872,Hyderabad,South,199,Heavy Rain,Crop Loss,Branch,54,Male,Settled,23,No,0.41
C4208-B,P12848-T,Adira Rege,2024-04-26,Agriculture,Life,202902,202902,30624,341977,Jaipur,North,210,Moderate Rain,Crop Loss,Mobile App,53,Female,Settled,15,No,0.59
C9474-D,P23208-L,Prisha Sastry,2024-04-12,Vehicle,Life,112351,112351,41301,212687,Bangalore,South,93,Moderate Rain,Flood Damage,Mobile App,27,Female,Settled,5,No,0.53
C3851-K,P67345-Q,Ishita Sharaf,2024-08-08,Agriculture,Agriculture,113577,113577,26487,268212,Kolkata,East,71,Moderate Rain,Road Accident,Branch,41,Male,Settled,24,No,0.42
C6855-X,P21034-S,Zain Sarna,2024-09-14,Health,Health,95651,95651,25256,277453,Delhi,North,67,Moderate Rain,Road Accident,Online,28,Male,Settled,8,No,0.34
C5696-X,P71032-E,Mehul Chawla,2024-08-02,Agriculture,Life,255102,139800,45559,527086,Jaipur,North,251,Light Rain,Road Accident,Online,70,Male,Settled,6,No,0.48
C7384-R,P82888-R,Zaina Randhawa,2024-06-04,Health,Vehicle,136720,136720,42128,332458,Pune,West,234,Light Rain,Road Accident,Branch,44,Other,Settled,26,No,0.41
C5337-K,P60177-D,Bhamini Bajwa,2024-07-08,Health,Life,23221,23221,42982,164466,Bangalore,South,79,Moderate Rain,Hospitalization,Mobile App,36,Male,Settled,21,No,0.14
C5667-O,P30687-X,Krish Kale,2024-11-29,Health,Agriculture,160347,160347,9598,367755,Bangalore,South,183,Light Rain,Crop Loss,Agent,49,Male,Pending,18,No,0.44
C3319-T,P81789-F,Abram Amble,2024-07-15,Property,Property,461194,461194,5680,667400,Mumbai,West,72,Flood,Hospitalization,Online,40,Female,Pending,13,No,0.69
C3839-E,P61194-A,Dhanuk Rau,2024-01-08,Property,Agriculture,137334,137334,35450,331210,Pune,West,188,Light Rain,Road Accident,Agent,49,Male,Pending,9,No,0.41
C7218-I,P61362-A,Lakshay Thakkar,2024-12-14,Vehicle,Agriculture,142216,142216,39267,315359,Bangalore,South,84,Light Rain,House Damage,Branch,19,Other,Settled,10,No,0.45
C6494-D,P81549-Z,Taran Bahri,2024-10-05,Vehicle,Vehicle,128612,128612,23933,200531,Kolkata,East,214,Moderate Rain,Road Accident,Online,57,Male,Settled,25,No,0.64
C1937-B,P69065-Q,Baiju Brahmbhatt,2024-01-19,Vehicle,Property,132499,132499,16626,312285,Ahmedabad,West,258,Heavy Rain,Road Accident,Mobile App,23,Female,Settled,26,No,0.42
C9220-Q,P59348-F,Madhav Dara,2024-07-27,Health,Health,40303,40303,37055,249590,Bangalore,South,84,Flood,Road Accident,Online,49,Female,Settled,16,No,0.16
C6846-A,P81502-L,Damini Edwin,2024-12-20,Property,Vehicle,256300,256300,32533,443141,Lucknow,North,91,Flood,Flood Damage,Online,44,Female,Pending,27,No,0.58
C5018-P,P73230-W,Hunar Ghose,2024-05-26,Vehicle,Health,38721,38721,30077,299030,Hyderabad,South,220,Flood,Hospitalization,Mobile App,24,Other,Settled,4,No,0.13
C3007-X,P67853-J,Badal Goswami,2024-04-26,Vehicle,Agriculture,118457,118457,33281,361181,Chennai,South,256,Moderate Rain,Flood Damage,Mobile App,50,Male,Settled,15,No,0.33
C1286-I,P64337-T,Drishya Shere,2024-07-03,Health,Health,76030,53392,26871,138848,Bangalore,South,55,Heavy Rain,Flood Damage,Branch,32,Male,Rejected,25,No,0.55
C3936-W,P91246-Z,Emir Devan,2024-04-18,Vehicle,Agriculture,53811,53811,36016,326786,Pune,West,270,Flood,Road Accident,Mobile App,53,Other,Pending,5,No,0.16
C1143-M,P41650-P,Vritika Mand,2024-02-07,Property,Health,401659,401659,48478,547352,Ahmedabad,West,139,Flood,Hospitalization,Online,44,Male,Pending,18,No,0.73
C7856-B,P12732-T,Ehsaan Saha,2024-03-30,Property,Agriculture,113761,113761,46283,334055,Ahmedabad,West,147,Flood,Road Accident,Branch,65,Female,Settled,5,No,0.34
C5545-X,P28708-E,Indranil Shanker,2024-01-14,Agriculture,Life,236521,236521,38343,403611,Chennai,South,215,Flood,House Damage,Online,50,Female,Rejected,20,No,0.59
C7989-A,P25850-Q,Nishith Sunder,2024-06-06,Health,Agriculture,52786,52786,26266,222052,Pune,West,119,Moderate Rain,Hospitalization,Agent,34,Other,Pending,15,No,0.24
C2265-X,P77653-M,Darshit Saha,2024-02-24,Health,Health,66335,59920,18419,193894,Hyderabad,South,85,Light Rain,Hospitalization,Agent,51,Female,Settled,23,No,0.34
C3652-S,P39122-I,Miraan Ramesh,2024-03-02,Health,Life,77096,77096,45214,139378,Bangalore,South,136,Moderate Rain,Flood Damage,Mobile App,50,Other,Pending,20,No,0.55
C9253-I,P27173-Q,Mamooty Din,2024-01-29,Property,Agriculture,179891,179891,37916,249719,Pune,West,64,Light Rain,Crop Loss,Online,39,Female,Pending,13,No,0.72
C1039-C,P57192-W,Nitya Sahota,2024-12-28,Vehicle,Life,44909,44909,16906,125392,Bangalore,South,131,Heavy Rain,Crop Loss,Branch,53,Other,Settled,4,No,0.36
C8434-G,P22853-N,Aradhya Thakkar,2024-04-30,Agriculture,Agriculture,252994,252994,15056,363833,Ahmedabad,West,93,Flood,Crop Loss,Branch,29,Female,Settled,29,No,0.7
C5674-F,P24613-B,Ela Karnik,2024-09-29,Health,Life,187174,187174,6352,472227,Pune,West,82,Heavy Rain,Crop Loss,Online,27,Male,Settled,28,No,0.4
C1040-E,P27742-F,Dharmajan Sankar,2024-09-07,Vehicle,Agriculture,91687,91687,12758,257145,Chennai,South,74,Heavy Rain,Road Accident,Branch,48,Other,Settled,25,No,0.36
C4059-Y,P84943-G,Nehmat Mangal,2024-02-21,Health,Agriculture,39072,39072,44633,189966,Bangalore,South,110,Flood,Flood Damage,Online,29,Male,Settled,18,No,0.21
C7395-U,P53585-D,Keya Hora,2024-05-04,Vehicle,Property,94877,94877,46753,292986,Lucknow,North,247,Flood,House Damage,Branch,47,Female,Pending,20,Yes,0.32
C8800-R,P91710-W,Devansh Dutta,2024-06-05,Health,Agriculture,180845,180845,14108,382240,Mumbai,West,149,Light Rain,Crop Loss,Online,50,Female,Settled,15,No,0.47
C8795-X,P12547-V,Kiaan Kannan,2024-06-01,Property,Property,320222,320222,32901,453183,Bangalore,South,204,Moderate Rain,Flood Damage,Agent,25,Male,Settled,30,No,0.71
C7988-H,P21070-J,Mannat Arya,2024-06-27,Vehicle,Property,40910,40910,6677,155139,Kolkata,East,221,Flood,House Damage,Online,54,Other,Settled,18,No,0.26
C6646-G,P61309-T,Madhav Choudhury,2024-11-27,Health,Health,32497,32497,40988,159608,Jaipur,North,170,Light Rain,House Damage,Agent,36,Female,Settled,10,No,0.2
C7072-U,P60718-A,Anika Rattan,2024-10-22,Property,Property,334863,334863,17156,393153,Ahmedabad,West,298,Moderate Rain,Flood Damage,Mobile App,18,Female,Settled,18,No,0.85
C7076-F,P25574-J,Jiya Chauhan,2024-01-23,Property,Vehicle,234521,234521,31564,458608,Delhi,North,247,Moderate Rain,Crop Loss,Branch,26,Male,Pending,12,No,0.51
C4300-A,P67306-O,Pari Banerjee,2024-10-25,Agriculture,Health,98573,98573,26717,219717,Hyderabad,South,227,Flood,House Damage,Agent,44,Male,Settled,28,No,0.45
C9141-O,P16060-B,Saanvi Bhardwaj,2024-05-24,Agriculture,Health,271326,271326,32926,435690,Bangalore,South,227,Light Rain,Flood Damage,Online,47,Other,Settled,8,No,0.62
C1206-S,P84963-D,Ritvik Kara,2024-04-25,Health,Health,117845,117845,11403,217020,Jaipur,North,93,Light Rain,House Damage,Mobile App,60,Other,Settled,24,No,0.54
C8557-G,P70512-C,Anya Golla,2024-06-09,Vehicle,Vehicle,112144,112144,11149,260167,Pune,West,265,Heavy Rain,House Damage,Mobile App,49,Male,Pending,21,No,0.43
C3795-Q,P60643-X,Ahana  Andra,2024-06-01,Agriculture,Life,78223,78223,27833,182662,Lucknow,North,159,Light Rain,Flood Damage,Online,27,Other,Settled,5,Yes,0.43
C8827-V,P94334-E,Hansh Venkataraman,2024-09-17,Property,Life,150553,150553,15731,255121,Bangalore,South,121,Flood,Flood Damage,Online,67,Female,Settled,7,Yes,0.59
C8710-G,P83760-C,Mohanlal Wason,2024-05-27,Agriculture,Agriculture,196422,196422,25038,323029,Pune,West,74,Moderate Rain,Flood Damage,Mobile App,26,Female,Pending,14,No,0.61
C8647-A,P66074-N,Mehul Toor,2024-04-17,Vehicle,Agriculture,80417,80417,26813,187438,Kolkata,East,58,Heavy Rain,Crop Loss,Online,46,Male,Pending,6,No,0.43
C4425-S,P89335-G,Ayesha Chaudhari,2024-08-16,Agriculture,Life,95941,95941,42981,293491,Lucknow,North,194,Light Rain,Crop Loss,Branch,42,Other,Settled,29,No,0.33
C1675-W,P17880-Z,Krish Kalla,2024-12-02,Property,Life,265667,265667,15975,551166,Kolkata,East,210,Flood,Hospitalization,Agent,30,Male,Pending,12,No,0.48
C8540-V,P74187-W,Eshani Shanker,2024-06-19,Vehicle,Property,147731,147731,11436,223780,Ahmedabad,West,121,Heavy Rain,Flood Damage,Online,62,Male,Settled,22,No,0.66
C6300-N,P78486-S,Armaan Sanghvi,2024-06-06,Property,Property,446030,446030,9260,631079,Kolkata,East,152,Flood,Crop Loss,Mobile App,56,Female,Settled,24,No,0.71
C8870-L,P22358-H,Mannat Tella,2024-06-16,Health,Health,57980,57980,16866,161338,Lucknow,North,245,Light Rain,Crop Loss,Agent,33,Other,Settled,28,No,0.36
C5442-W,P51208-G,Dhruv Shan,2024-09-01,Agriculture,Health,165344,165344,23528,348086,Hyderabad,South,90,Light Rain,Crop Loss,Online,23,Male,Settled,13,No,0.48
C7133-O,P55904-T,Sahil Sachar,2024-07-06,Agriculture,Health,118419,118419,15906,311226,Kolkata,East,200,Heavy Rain,Flood Damage,Mobile App,26,Male,Settled,4,No,0.38
C1925-V,P30013-U,Anay Shah,2024-01-06,Health,Life,93118,93118,29265,257126,Ahmedabad,West,215,Moderate Rain,Flood Damage,Agent,22,Male,Rejected,6,No,0.36
C4886-Y,P90983-T,Vidur Savant,2024-12-13,Health,Property,55033,55033,37821,218537,Ahmedabad,West,294,Moderate Rain,Crop Loss,Branch,45,Other,Settled,21,No,0.25
C3775-U,P39274-Z,Shlok Bumb,2024-11-22,Property,Life,134005,134005,28096,303301,Chennai,South,262,Heavy Rain,Hospitalization,Online,65,Other,Pending,5,No,0.44
C5580-T,P69871-Y,Saira Bail,2024-12-03,Health,Vehicle,183523,131220,35328,373307,Mumbai,West,119,Heavy Rain,Crop Loss,Online,58,Male,Pending,16,No,0.49
C1714-B,P87738-I,Jiya Kaul,2024-03-03,Vehicle,Health,97065,76867,19784,165415,Lucknow,North,120,Heavy Rain,Road Accident,Branch,33,Other,Pending,21,No,0.59
C7468-D,P86615-J,Abram Kant,2024-08-27,Agriculture,Agriculture,174046,174046,13396,398862,Jaipur,North,102,Moderate Rain,Flood Damage,Agent,34,Male,Pending,6,No,0.44
C4412-M,P23881-F,Saira Varma,2024-04-13,Property,Vehicle,196207,196207,14108,260230,Mumbai,West,267,Moderate Rain,Flood Damage,Online,40,Female,Pending,13,No,0.75
C3788-A,P98833-Y,Emir Joshi,2024-06-06,Vehicle,Health,137225,115171,33344,267741,Bangalore,South,99,Heavy Rain,Crop Loss,Agent,23,Female,Pending,3,No,0.51
C8997-W,P34074-D,Prerak Ramaswamy,2024-07-27,Agriculture,Vehicle,216659,216659,34895,293210,Kolkata,East,178,Flood,Flood Damage,Mobile App,34,Male,Pending,27,No,0.74
C4879-W,P70393-O,Yuvaan Ram,2024-09-19,Vehicle,Property,119307,119307,7598,404330,Kolkata,East,119,Light Rain,Road Accident,Branch,19,Male,Settled,29,No,0.3
C9664-R,P86413-I,Shlok Gole,2024-12-12,Vehicle,Property,62781,62781,13997,239583,Bangalore,South,287,Moderate Rain,Crop Loss,Online,70,Female,Pending,28,No,0.26
C5815-W,P78932-E,Gatik Lal,2024-01-17,Vehicle,Life,136358,136358,26878,429828,Mumbai,West,299,Light Rain,Flood Damage,Online,32,Male,Settled,8,No,0.32
C6035-N,P83084-P,Ryan Mallick,2024-12-20,Vehicle,Property,132917,132917,11979,341698,Pune,West,65,Moderate Rain,Crop Loss,Branch,31,Other,Settled,18,No,0.39
C2045-P,P98285-O,Kaira Kanda,2024-08-29,Property,Vehicle,232272,232272,10854,509651,Lucknow,North,108,Flood,Crop Loss,Mobile App,39,Other,Rejected,3,No,0.46
C2773-U,P80006-F,Anahi Kumar,2024-11-08,Agriculture,Health,104186,104186,20599,380465,Jaipur,North,85,Heavy Rain,House Damage,Agent,26,Male,Settled,10,No,0.27
C6624-Y,P22900-Q,Aarav Setty,2024-11-05,Health,Agriculture,185935,185935,35673,483279,Hyderabad,South,242,Heavy Rain,Flood Damage,Agent,41,Other,Pending,20,No,0.38
C9976-B,P56963-Q,Rasha Korpal,2024-03-07,Vehicle,Property,32146,32146,25841,271907,Delhi,North,242,Flood,Flood Damage,Mobile App,57,Other,Settled,9,No,0.12
C9128-L,P53797-F,Anahita Kota,2024-12-08,Property,Vehicle,222818,222818,25007,454050,Lucknow,North,129,Flood,House Damage,Online,58,Female,Settled,30,Yes,0.49
C6019-G,P97345-A,Hansh Rajan,2024-09-01,Property,Property,479695,479695,16777,722105,Pune,West,175,Moderate Rain,Hospitalization,Agent,25,Male,Settled,29,No,0.66
C6275-Z,P10601-D,Amani Chawla,2024-10-21,Property,Life,224295,224295,17849,506128,Delhi,North,252,Moderate Rain,Road Accident,Online,52,Other,Pending,7,No,0.44
C1537-V,P51018-R,Jayant Dora,2024-06-17,Agriculture,Property,188471,188471,33473,343547,Pune,West,171,Light Rain,Flood Damage,Branch,34,Other,Settled,4,No,0.55
C6580-H,P91526-N,Kavya Varughese,2024-12-04,Property,Health,395194,395194,23694,561391,Jaipur,North,73,Light Rain,Flood Damage,Mobile App,30,Male,Settled,21,No,0.7
C6788-E,P69585-M,Vidur Sarna,2024-06-22,Vehicle,Agriculture,111164,86737,29540,276784,Lucknow,North,259,Light Rain,House Damage,Mobile App,56,Male,Settled,20,Yes,0.4
C2947-D,P93354-R,Keya Batta,2024-08-31,Agriculture,Agriculture,148624,148624,47828,389118,Hyderabad,South,254,Moderate Rain,House Damage,Branch,32,Other,Pending,12,No,0.38
C4410-F,P73645-P,Samar Ahuja,2024-01-23,Vehicle,Health,98973,98973,7122,397121,Chennai,South,268,Heavy Rain,Crop Loss,Online,35,Male,Settled,6,No,0.25
C7553-B,P13583-C,Bhamini Hayer,2024-05-14,Vehicle,Vehicle,49137,49137,11145,282289,Kolkata,East,74,Light Rain,Hospitalization,Online,26,Other,Pending,25,No,0.17
C7221-X,P84387-C,Samaira Kadakia,2024-02-12,Vehicle,Health,63232,63232,37683,327285,Pune,West,266,Heavy Rain,Crop Loss,Agent,22,Other,Rejected,27,No,0.19
C9594-W,P10930-A,Abram Vohra,2024-04-22,Health,Vehicle,78662,78662,22135,239887,Kolkata,East,96,Heavy Rain,Crop Loss,Mobile App,53,Female,Pending,16,No,0.33
C9428-I,P95573-C,Ojas Balan,2024-07-12,Agriculture,Vehicle,96391,96391,14998,210141,Kolkata,East,75,Moderate Rain,Flood Damage,Agent,69,Female,Settled,11,No,0.46
C2887-F,P65990-O,Emir Mani,2024-08-10,Agriculture,Health,171134,171134,12983,272471,Mumbai,West,239,Moderate Rain,Flood Damage,Branch,29,Male,Settled,24,No,0.63
C7316-B,P89915-H,Aarav Kade,2024-05-18,Agriculture,Life,105866,105866,14635,300196,Ahmedabad,West,295,Light Rain,Road Accident,Branch,46,Male,Pending,10,No,0.35
C5544-F,P43760-A,Yuvaan Sandal,2024-09-14,Agriculture,Life,73211,73211,7604,219104,Jaipur,North,291,Flood,House Damage,Online,52,Other,Pending,8,No,0.33
C7166-S,P17392-L,Shanaya Rana,2024-05-09,Vehicle,Health,54828,54828,47112,323273,Mumbai,West,81,Flood,Crop Loss,Branch,33,Male,Pending,11,Yes,0.17
C4161-H,P33250-F,Ishita Verma,2024-10-16,Health,Property,93057,93057,25322,386366,Kolkata,East,245,Flood,Crop Loss,Branch,48,Female,Settled,5,No,0.24
C9841-J,P15694-K,Suhana Bhardwaj,2024-03-16,Vehicle,Health,115826,78315,15134,350960,Delhi,North,105,Heavy Rain,Flood Damage,Online,21,Female,Settled,30,No,0.33
C9395-E,P59191-Z,Ehsaan Chana,2024-02-24,Health,Health,123600,123600,45642,366008,Bangalore,South,259,Heavy Rain,Hospitalization,Branch,21,Female,Rejected,18,No,0.34
C8648-P,P61024-I,Kartik Ghose,2024-12-09,Property,Property,309655,309655,34804,608489,Mumbai,West,275,Flood,Road Accident,Branch,61,Female,Rejected,23,No,0.51
C9449-R,P60738-A,Lakshit Bhargava,2024-02-22,Property,Life,487313,487313,16110,735227,Chennai,South,123,Light Rain,Hospitalization,Mobile App,68,Other,Settled,24,No,0.66
C4662-E,P73112-L,Anika Suri,2024-06-10,Agriculture,Property,152473,152473,46828,315066,Hyderabad,South,188,Moderate Rain,Road Accident,Mobile App,58,Female,Settled,30,No,0.48
C9513-M,P71504-H,Sahil Dewan,2024-06-08,Vehicle,Property,131016,131016,15635,203868,Ahmedabad,West,199,Flood,Road Accident,Branch,67,Male,Rejected,5,No,0.64
C1636-W,P64219-R,Jivin Anne,2024-07-15,Health,Property,131335,131335,24245,192971,Ahmedabad,West,130,Flood,Flood Damage,Mobile App,31,Male,Pending,21,No,0.68
C7987-Q,P66368-B,Hazel Sen,2024-10-13,Agriculture,Health,53597,53597,18041,260297,Hyderabad,South,132,Heavy Rain,Road Accident,Agent,41,Male,Rejected,30,No,0.21
C3217-B,P66067-J,Nirvi Mammen,2024-07-31,Health,Life,48700,48700,25825,290335,Delhi,North,257,Light Rain,Crop Loss,Mobile App,35,Other,Settled,10,No,0.17
C5622-A,P25997-N,Ahana  Shenoy,2024-12-14,Agriculture,Life,163868,163868,36088,276398,Delhi,North,66,Flood,Hospitalization,Agent,37,Female,Settled,7,No,0.59
C8155-G,P52272-F,Urvi Barad,2024-04-08,Agriculture,Agriculture,58072,58072,20113,227802,Bangalore,South,78,Moderate Rain,Hospitalization,Branch,26,Other,Settled,3,No,0.25
C9407-N,P96355-K,Ahana  Sheth,2024-06-30,Health,Agriculture,122092,122092,33173,221527,Jaipur,North,285,Light Rain,Crop Loss,Mobile App,38,Other,Settled,3,No,0.55
C7813-O,P89291-N,Shlok Dhingra,2024-10-16,Agriculture,Property,213682,213682,8436,321854,Jaipur,North,106,Heavy Rain,Road Accident,Branch,24,Male,Settled,11,Yes,0.66
C7129-C,P23863-U,Mamooty Kibe,2024-08-31,Health,Health,40154,40154,30807,174234,Bangalore,South,72,Flood,House Damage,Mobile App,60,Other,Settled,4,No,0.23
C9653-F,P97099-S,Samaira Kaur,2024-12-22,Vehicle,Life,42869,42869,45960,242177,Pune,West,128,Light Rain,House Damage,Branch,18,Other,Pending,14,No,0.18
C2017-Q,P40757-N,Mehul Sridhar,2024-02-08,Agriculture,Property,126605,126605,17248,207021,Delhi,North,110,Light Rain,Hospitalization,Agent,60,Male,Settled,15,No,0.61
C8836-X,P24980-I,Suhana Desai,2024-03-26,Vehicle,Health,40240,40240,42894,176142,Jaipur,North,165,Light Rain,Flood Damage,Mobile App,18,Other,Settled,14,No,0.23
C3759-Y,P44938-T,Romil Subramanian,2024-10-12,Property,Life,356036,356036,5129,473103,Mumbai,West,271,Flood,Hospitalization,Mobile App,59,Male,Rejected,26,No,0.75
C3710-I,P94922-U,Shalv Keer,2024-01-21,Property,Property,230363,230363,17508,514442,Ahmedabad,West,258,Light Rain,Hospitalization,Agent,66,Other,Settled,20,No,0.45
C8033-F,P76197-A,Arnav Handa,2024-12-14,Vehicle,Vehicle,41345,41345,12716,177991,Kolkata,East,140,Light Rain,House Damage,Branch,48,Female,Settled,29,No,0.23
C9060-X,P59176-B,Neysa Jain,2024-12-18,Property,Life,233431,233431,35718,352044,Delhi,North,169,Moderate Rain,Hospitalization,Online,58,Female,Rejected,27,No,0.66
C3439-D,P67682-O,Hridaan Sibal,2024-04-07,Vehicle,Agriculture,72965,72965,38633,132301,Lucknow,North,97,Heavy Rain,Hospitalization,Online,58,Female,Settled,22,No,0.55
C2720-P,P63097-B,Hunar Shere,2024-07-09,Vehicle,Life,114842,114842,27714,406989,Mumbai,West,217,Flood,Hospitalization,Agent,27,Female,Rejected,13,No,0.28
C6593-H,P75588-Y,Seher Bhakta,2024-08-19,Agriculture,Vehicle,254347,254347,46115,456806,Kolkata,East,273,Moderate Rain,Road Accident,Mobile App,54,Other,Settled,14,No,0.56
C9182-S,P12302-T,Piya Johal,2024-03-07,Agriculture,Agriculture,132021,132021,16030,380408,Lucknow,North,247,Light Rain,House Damage,Branch,67,Female,Rejected,24,No,0.35
C8126-E,P17935-E,Nitara Chhabra,2024-05-06,Property,Agriculture,214977,214977,36362,364381,Pune,West,187,Flood,Road Accident,Online,26,Other,Settled,23,No,0.59
C5452-H,P50161-S,Biju Basak,2024-12-05,Agriculture,Agriculture,120047,120047,48934,373821,Bangalore,South,208,Moderate Rain,Road Accident,Online,20,Female,Pending,14,No,0.32
C8187-Y,P79959-G,Anahita Dani,2024-08-23,Property,Life,149064,149064,26575,290035,Mumbai,West,113,Flood,Road Accident,Online,21,Other,Settled,27,No,0.51
C6874-J,P39965-L,Hrishita Bassi,2024-08-14,Health,Agriculture,99706,84150,15461,212367,Chennai,South,165,Light Rain,Hospitalization,Mobile App,52,Other,Settled,20,No,0.47
C4067-K,P59406-C,Taimur Sibal,2024-06-04,Vehicle,Health,149568,149568,33084,299817,Ahmedabad,West,146,Flood,Hospitalization,Mobile App,18,Male,Settled,16,No,0.5
C5986-L,P17731-R,Purab Ray,2024-09-29,Vehicle,Health,89074,89074,18245,144527,Delhi,North,131,Heavy Rain,Crop Loss,Agent,40,Female,Settled,18,No,0.62
C9193-N,P43043-M,Hunar Kar,2024-03-10,Vehicle,Agriculture,114397,114397,47242,379915,Kolkata,East,239,Moderate Rain,Crop Loss,Agent,21,Other,Settled,17,No,0.3
C7119-C,P48605-Z,Bhamini Bail,2024-12-24,Property,Health,452230,452230,48238,693631,Mumbai,West,289,Light Rain,Flood Damage,Branch,69,Other,Settled,16,No,0.65
C3548-C,P55616-A,Reyansh Swaminathan,2024-02-27,Health,Property,91708,91708,32371,157529,Hyderabad,South,148,Light Rain,House Damage,Mobile App,51,Other,Settled,16,No,0.58
C4261-N,P73375-V,Amira Mangal,2024-12-13,Agriculture,Health,111818,111818,37807,406645,Lucknow,North,204,Light Rain,Road Accident,Mobile App,42,Male,Pending,30,No,0.27
C2734-C,P79337-Y,Shray Dalal,2024-06-20,Health,Agriculture,127437,127437,8236,401150,Hyderabad,South,238,Flood,Road Accident,Agent,26,Male,Settled,17,No,0.32
C2046-K,P52347-Z,Lagan Basu,2024-12-01,Agriculture,Agriculture,79210,79210,12301,245185,Kolkata,East,177,Moderate Rain,Road Accident,Online,27,Female,Settled,30,No,0.32
C3758-T,P97392-C,Tiya Sha,2024-10-15,Health,Health,148137,148137,5485,318151,Lucknow,North,217,Heavy Rain,Road Accident,Mobile App,67,Female,Settled,6,No,0.47
C2472-F,P57077-I,Charvi Dash,2024-06-02,Vehicle,Health,105218,105218,7113,205780,Kolkata,East,145,Flood,Road Accident,Agent,56,Male,Pending,28,No,0.51
C6709-S,P87431-C,Taran Tripathi,2024-10-31,Property,Vehicle,380340,380340,31364,498172,Pune,West,60,Heavy Rain,Crop Loss,Agent,34,Female,Settled,17,No,0.76
C3485-M,P88016-U,Azad Swaminathan,2024-01-18,Vehicle,Property,54311,54311,18673,186265,Ahmedabad,West,81,Heavy Rain,Crop Loss,Agent,20,Male,Rejected,25,No,0.29
C9118-L,P34607-N,Dishani Goda,2024-11-29,Health,Agriculture,21018,21018,20913,129146,Ahmedabad,West,289,Light Rain,Flood Damage,Mobile App,21,Other,Settled,22,No,0.16
C2817-D,P85479-A,Anay Kalla,2024-07-28,Agriculture,Agriculture,163197,163197,14290,324330,Ahmedabad,West,124,Light Rain,Flood Damage,Branch,70,Male,Settled,12,No,0.5
C2168-S,P79773-N,Vivaan Saha,2024-01-20,Property,Agriculture,344989,344989,43452,436600,Mumbai,West,193,Flood,Crop Loss,Branch,56,Male,Settled,15,No,0.79
C3761-D,P47504-P,Kimaya Kadakia,2024-07-23,Vehicle,Vehicle,135870,135870,38858,381569,Kolkata,East,288,Heavy Rain,Road Accident,Branch,20,Female,Settled,29,No,0.36
C9396-V,P69608-N,Sumer Chakrabarti,2024-09-29,Property,Life,370388,370388,9226,626394,Lucknow,North,119,Moderate Rain,Flood Damage,Online,70,Female,Pending,16,No,0.59
C5612-R,P27522-U,Prisha Sachdev,2024-01-22,Vehicle,Agriculture,61624,61624,10795,223493,Lucknow,North,95,Light Rain,Crop Loss,Branch,40,Female,Settled,8,No,0.28
C5074-E,P32255-L,Tara Rout,2024-05-22,Health,Vehicle,148715,148715,33020,254216,Lucknow,North,216,Heavy Rain,Road Accident,Branch,29,Female,Pending,3,No,0.58
C4141-N,P82297-P,Divyansh Chad,2024-10-03,Health,Vehicle,93684,54136,31356,165099,Pune,West,143,Light Rain,Road Accident,Branch,64,Female,Settled,26,No,0.57
C6863-N,P64306-V,Shanaya Ramaswamy,2024-11-23,Property,Life,199538,199538,30770,381329,Kolkata,East,124,Flood,Crop Loss,Branch,43,Female,Settled,24,No,0.52
C7455-U,P66805-I,Ojas Kalla,2024-07-07,Health,Property,46601,46601,27659,182009,Delhi,North,136,Flood,Crop Loss,Agent,57,Other,Rejected,18,No,0.26
C2470-H,P31690-K,Adira Sahota,2024-12-10,Agriculture,Life,229336,229336,9314,450282,Chennai,South,185,Flood,House Damage,Online,59,Male,Settled,27,No,0.51
C4039-N,P43139-A,Biju Dyal,2024-02-01,Property,Life,265028,265028,5453,326303,Chennai,South,62,Flood,Flood Damage,Mobile App,43,Male,Settled,8,No,0.81
C5526-Y,P87235-V,Nitya Jaggi,2024-07-21,Property,Vehicle,246807,246807,22580,487638,Pune,West,163,Flood,Hospitalization,Mobile App,23,Male,Pending,17,No,0.51
C1501-K,P51422-X,Hridaan Mander,2024-07-28,Agriculture,Health,253334,253334,31076,540011,Delhi,North,120,Flood,Crop Loss,Branch,50,Female,Pending,8,Yes,0.47
C2065-T,P68230-T,Arhaan Swaminathan,2024-11-12,Property,Health,140439,140439,17952,415578,Bangalore,South,203,Flood,Hospitalization,Branch,27,Other,Pending,8,No,0.34
C9552-J,P85649-S,Prerak Chakraborty,2024-10-27,Vehicle,Life,59938,59938,21978,204970,Pune,West,56,Flood,Flood Damage,Agent,56,Male,Pending,28,No,0.29
C8585-Q,P65031-T,Ojas Basu,2024-07-09,Agriculture,Life,298769,298769,12510,429233,Delhi,North,155,Light Rain,Hospitalization,Branch,70,Male,Pending,15,No,0.7
C8782-Y,P31418-R,Piya Agarwal,2024-10-28,Vehicle,Property,54058,54058,14374,144110,Delhi,North,243,Moderate Rain,Road Accident,Branch,63,Other,Pending,25,No,0.38
C8351-B,P77396-M,Aaina Sagar,2024-10-22,Vehicle,Agriculture,61419,34883,38399,264462,Kolkata,East,247,Light Rain,Hospitalization,Agent,40,Other,Settled,16,No,0.23
C3677-Y,P12087-I,Ehsaan Chacko,2024-09-06,Agriculture,Life,103971,103971,37769,230277,Pune,West,94,Light Rain,Crop Loss,Agent,31,Other,Settled,17,Yes,0.45
C5425-S,P22462-I,Vanya Tak,2024-08-27,Property,Agriculture,191713,191713,30213,387875,Ahmedabad,West,132,Heavy Rain,Flood Damage,Branch,44,Other,Pending,6,No,0.49
C3008-F,P85139-X,Lakshay Tiwari,2024-02-03,Health,Agriculture,143420,143420,21427,295110,Delhi,North,86,Flood,Crop Loss,Mobile App,59,Male,Settled,14,No,0.49
C1753-L,P44620-B,Advik Roy,2024-06-26,Health,Health,197059,140941,29535,342814,Bangalore,South,269,Light Rain,House Damage,Mobile App,58,Other,Pending,22,No,0.57
C2674-T,P32014-B,Lavanya Bhagat,2024-04-22,Vehicle,Life,67141,67141,40654,249336,Kolkata,East,234,Light Rain,Hospitalization,Online,43,Female,Settled,21,No,0.27
C3879-F,P72728-R,Shayak Balasubramanian,2024-12-27,Health,Agriculture,133563,119487,27379,302181,Jaipur,North,163,Moderate Rain,Hospitalization,Online,31,Male,Rejected,11,No,0.44
C1953-J,P46744-S,Raunak Sandal,2024-04-10,Property,Property,126833,126833,42529,357245,Delhi,North,197,Heavy Rain,Hospitalization,Agent,40,Other,Settled,18,No,0.36
C5365-S,P18245-W,Zain Bir,2024-08-22,Agriculture,Health,290513,290513,30479,392974,Chennai,South,69,Heavy Rain,Crop Loss,Agent,22,Other,Pending,23,No,0.74
C6569-U,P39870-R,Alisha Chadha,2024-05-01,Vehicle,Health,107059,107059,33302,180261,Pune,West,165,Light Rain,Hospitalization,Branch,68,Male,Pending,24,No,0.59
C4899-O,P93000-Y,Aaryahi Kohli,2024-12-25,Health,Property,76807,76807,45773,215206,Lucknow,North,75,Light Rain,Road Accident,Online,18,Other,Settled,25,No,0.36
C8057-J,P90783-P,Divit Manne,2024-04-18,Health,Property,70577,70577,29580,213849,Lucknow,North,60,Light Rain,Crop Loss,Branch,44,Other,Settled,8,No,0.33
C4239-J,P94267-L,Indrajit Das,2024-11-14,Property,Health,191245,191245,16920,427349,Bangalore,South,189,Flood,Road Accident,Mobile App,37,Other,Settled,29,No,0.45
C2359-G,P67544-A,Indranil Dubey,2024-11-19,Agriculture,Agriculture,182970,182970,45491,392612,Hyderabad,South,79,Moderate Rain,Crop Loss,Branch,22,Male,Settled,28,No,0.47
C9546-U,P24845-D,Sahil Golla,2024-12-01,Agriculture,Property,154107,154107,49162,311429,Kolkata,East,120,Light Rain,Road Accident,Agent,36,Male,Settled,30,No,0.49
C8514-M,P59846-I,Khushi Chacko,2024-06-22,Health,Vehicle,83377,83377,37861,371944,Kolkata,East,60,Flood,Road Accident,Agent,67,Other,Pending,27,No,0.22
C9254-H,P41821-L,Samaira Kumer,2024-01-19,Property,Health,168824,168824,44048,448347,Lucknow,North,76,Heavy Rain,Road Accident,Online,43,Other,Rejected,24,No,0.38
C9917-I,P58851-I,Kavya Warrior,2024-10-22,Vehicle,Life,33212,33212,33874,315916,Bangalore,South,259,Moderate Rain,House Damage,Agent,42,Female,Settled,17,No,0.11
C4016-P,P73951-Y,Romil Choudhury,2024-11-09,Vehicle,Health,70272,70272,39476,315231,Ahmedabad,West,256,Heavy Rain,House Damage,Mobile App,46,Other,Settled,30,No,0.22
C2382-A,P37838-K,Pari Chandran,2024-09-04,Property,Property,466566,466566,32814,536021,Bangalore,South,171,Heavy Rain,Flood Damage,Online,48,Other,Rejected,14,No,0.87
C7465-G,P76630-J,Jayant Goyal,2024-03-16,Property,Life,351953,351953,22503,546205,Delhi,North,290,Moderate Rain,Hospitalization,Online,26,Female,Settled,20,No,0.64
C8402-G,P98187-B,Adah Soni,2024-12-05,Health,Agriculture,144358,144358,37296,373997,Kolkata,East,92,Moderate Rain,Crop Loss,Branch,56,Female,Pending,16,No,0.39
C5734-Y,P53482-D,Dhruv Zachariah,2024-12-05,Health,Property,129942,129942,45047,363506,Hyderabad,South,85,Heavy Rain,Flood Damage,Branch,33,Female,Settled,26,No,0.36
C1857-F,P47821-O,Mamooty Chaudry,2024-10-09,Agriculture,Vehicle,223783,223783,30906,501713,Hyderabad,South,111,Flood,Hospitalization,Agent,23,Other,Rejected,8,No,0.45
C7583-H,P66161-K,Ivan Bhandari,2024-04-18,Health,Health,120437,120437,6219,303419,Ahmedabad,West,295,Light Rain,Road Accident,Branch,53,Female,Pending,27,No,0.4
C3323-G,P88464-Q,Armaan Chand,2024-04-28,Vehicle,Agriculture,149351,149351,19866,306971,Chennai,South,268,Flood,House Damage,Branch,54,Other,Pending,30,No,0.49
C9676-U,P56544-I,Armaan Soman,2024-11-15,Health,Property,138521,138521,5526,352786,Mumbai,West,86,Moderate Rain,House Damage,Branch,28,Male,Rejected,9,No,0.39
C9902-Z,P94862-J,Aaina Ganesan,2024-10-26,Health,Life,36058,36058,42647,245908,Mumbai,West,137,Heavy Rain,Hospitalization,Online,66,Other,Pending,12,No,0.15
C6000-L,P41681-F,Raunak Ghosh,2024-10-13,Health,Health,104162,54328,31051,396716,Ahmedabad,West,84,Light Rain,Hospitalization,Agent,47,Other,Settled,13,No,0.26
C7087-I,P53088-P,Sumer Kala,2024-09-10,Agriculture,Vehicle,127155,127155,12627,278844,Mumbai,West,74,Heavy Rain,Flood Damage,Mobile App,51,Male,Pending,5,No,0.46
C6650-T,P34389-T,Vihaan Shere,2024-08-04,Vehicle,Health,129374,129374,48429,261346,Mumbai,West,137,Flood,Flood Damage,Agent,37,Female,Rejected,12,No,0.5
C2943-D,P83554-K,Anay Rastogi,2024-09-20,Property,Health,490239,490239,8634,592546,Ahmedabad,West,216,Flood,Road Accident,Agent,31,Male,Pending,6,No,0.83
C2909-Z,P95788-U,Indrajit Kaur,2024-08-14,Property,Health,299763,280184,20791,521066,Pune,West,280,Moderate Rain,Road Accident,Mobile App,32,Female,Rejected,5,No,0.58
C3343-I,P19662-S,Manjari Khare,2024-02-03,Vehicle,Property,124478,124478,6124,409429,Kolkata,East,216,Heavy Rain,House Damage,Agent,37,Male,Settled,14,No,0.3
C4034-S,P78733-X,Saanvi Kunda,2024-11-25,Agriculture,Vehicle,282635,282635,11525,517128,Bangalore,South,132,Flood,Road Accident,Mobile App,43,Other,Settled,5,No,0.55
C8987-N,P59986-L,Ahana  Sem,2024-11-14,Agriculture,Property,239036,239036,21609,378242,Bangalore,South,177,Light Rain,House Damage,Online,55,Female,Settled,13,No,0.63
C7174-W,P92316-I,Vaibhav Shankar,2024-01-20,Property,Life,495160,495160,16693,631009,Jaipur,North,181,Light Rain,Crop Loss,Agent,42,Female,Settled,21,No,0.78
C7589-E,P68509-D,Kiaan Ratta,2024-05-02,Agriculture,Property,282766,282766,32596,404491,Ahmedabad,West,139,Flood,Hospitalization,Mobile App,34,Male,Pending,13,No,0.7
C2510-B,P20240-I,Divyansh Singhal,2024-01-03,Agriculture,Agriculture,139314,139314,18790,312792,Kolkata,East,300,Light Rain,Road Accident,Agent,35,Other,Settled,5,No,0.45
C8138-X,P81469-X,Shalv Rama,2024-02-22,Health,Health,125860,125860,29044,366541,Pune,West,54,Light Rain,Flood Damage,Agent,26,Male,Settled,23,No,0.34
C4695-F,P63149-Q,Zara Tara,2024-07-11,Property,Property,149022,149022,43426,225178,Hyderabad,South,187,Moderate Rain,Hospitalization,Branch,20,Other,Settled,22,No,0.66
C7952-C,P18022-K,Dharmajan Dugar,2024-05-23,Health,Health,111482,111482,20417,229247,Kolkata,East,60,Light Rain,Crop Loss,Branch,60,Other,Settled,20,No,0.49
C8701-Y,P27054-U,Yakshit Badami,2024-10-27,Property,Property,342727,342727,47519,562934,Hyderabad,South,71,Heavy Rain,Flood Damage,Branch,46,Other,Pending,17,No,0.61
C4284-I,P20161-Y,Trisha Cherian,2024-01-25,Vehicle,Life,63588,63588,5503,308107,Delhi,North,176,Heavy Rain,Hospitalization,Mobile App,65,Other,Rejected,29,No,0.21
C9122-R,P26560-C,Chirag Ravi,2024-11-04,Vehicle,Agriculture,146133,111884,48865,386862,Jaipur,North,162,Moderate Rain,Hospitalization,Mobile App,46,Other,Settled,20,Yes,0.38
C8624-T,P53942-D,Kanav Varughese,2024-08-26,Vehicle,Agriculture,51450,37250,49450,180858,Jaipur,North,229,Flood,Flood Damage,Agent,42,Female,Settled,19,No,0.28
C7838-F,P69623-D,Aarush Chahal,2024-11-29,Property,Vehicle,246733,246733,19889,482986,Mumbai,West,127,Heavy Rain,Hospitalization,Agent,27,Female,Rejected,24,No,0.51
C5318-U,P98957-H,Ryan Kashyap,2024-03-09,Vehicle,Health,60922,60922,48841,131584,Mumbai,West,98,Moderate Rain,Crop Loss,Mobile App,36,Female,Settled,7,No,0.46
C9321-A,P42057-I,Parinaaz Acharya,2024-10-29,Property,Health,125292,83372,23239,341997,Lucknow,North,222,Heavy Rain,Hospitalization,Mobile App,58,Other,Settled,27,No,0.37
C7515-B,P34484-L,Nitara Gulati,2024-08-17,Vehicle,Property,148341,148341,41569,357451,Hyderabad,South,235,Heavy Rain,Flood Damage,Agent,60,Female,Pending,11,No,0.41
C4133-P,P38331-L,Mahika Dyal,2024-04-16,Vehicle,Vehicle,58807,58807,12121,321927,Ahmedabad,West,73,Light Rain,Road Accident,Agent,38,Other,Rejected,17,No,0.18
C6184-U,P81662-B,Kiara Wagle,2024-09-29,Property,Property,352914,352914,37533,624664,Kolkata,East,53,Heavy Rain,Road Accident,Branch,19,Other,Settled,14,No,0.56
C5511-F,P14333-B,Ivana Uppal,2024-05-22,Health,Agriculture,106113,106113,9651,324659,Ahmedabad,West,171,Flood,House Damage,Agent,50,Other,Pending,13,No,0.33
C8474-G,P90218-Z,Nitara Kurian,2024-06-06,Agriculture,Life,231203,231203,5560,301518,Hyderabad,South,195,Flood,Crop Loss,Online,63,Female,Settled,4,No,0.77
C2410-D,P15873-W,Rohan Dara,2024-05-26,Vehicle,Health,47252,47252,16746,235098,Lucknow,North,159,Flood,Hospitalization,Agent,42,Other,Settled,3,No,0.2
C1739-T,P10672-K,Aayush Goel,2024-09-15,Property,Property,302046,302046,21516,395684,Chennai,South,170,Light Rain,Road Accident,Mobile App,39,Male,Pending,7,No,0.76
C7372-D,P25392-G,Anya Chokshi,2024-04-16,Property,Property,416780,253441,49662,658631,Kolkata,East,163,Moderate Rain,House Damage,Mobile App,49,Other,Settled,30,No,0.63
C7973-W,P88696-S,Siya Chadha,2024-07-14,Health,Health,142401,142401,10661,369633,Mumbai,West,133,Heavy Rain,Hospitalization,Mobile App,43,Female,Settled,12,Yes,0.39
C3628-I,P80138-Z,Sahil Sankaran,2024-10-30,Property,Life,220309,220309,42443,357484,Jaipur,North,241,Heavy Rain,Crop Loss,Branch,52,Male,Settled,17,No,0.62
C8706-C,P32570-F,Darshit Kothari,2024-05-15,Vehicle,Health,126721,126721,22124,323146,Pune,West,260,Light Rain,Hospitalization,Online,25,Male,Settled,29,No,0.39
C2437-U,P84776-Z,Anya Talwar,2024-02-05,Property,Agriculture,167938,167938,29346,396436,Hyderabad,South,151,Heavy Rain,Flood Damage,Branch,54,Other,Pending,13,No,0.42
C8854-L,P48015-Y,Mishti Khurana,2024-10-11,Property,Property,431415,431415,16857,648942,Jaipur,North,291,Flood,Crop Loss,Online,66,Male,Pending,5,No,0.66
C1476-N,P40459-B,Sara Dalal,2024-12-24,Property,Health,224270,224270,5175,430892,Pune,West,85,Moderate Rain,Flood Damage,Branch,41,Female,Pending,3,No,0.52
C3566-V,P98186-K,Raunak Kumer,2024-02-06,Agriculture,Vehicle,180083,180083,12089,320341,Bangalore,South,166,Flood,Flood Damage,Mobile App,53,Female,Pending,19,No,0.56
C6446-F,P60179-X,Manikya Venkataraman,2024-09-13,Property,Agriculture,157983,157983,42045,271098,Chennai,South,198,Heavy Rain,House Damage,Online,49,Male,Rejected,3,Yes,0.58
C7859-W,P54469-D,Farhan Subramaniam,2024-05-01,Vehicle,Property,141890,141890,29945,290951,Pune,West,116,Light Rain,Hospitalization,Branch,29,Male,Settled,20,No,0.49
C5157-N,P12291-V,Rasha Kunda,2024-01-21,Property,Life,126869,126869,21776,415705,Bangalore,South,96,Flood,Road Accident,Branch,51,Female,Settled,15,No,0.31
C7956-K,P10457-T,Raunak Chand,2024-11-06,Property,Agriculture,338322,338322,46735,455492,Lucknow,North,268,Light Rain,Crop Loss,Online,45,Male,Settled,23,No,0.74
C1157-H,P92512-J,Divyansh Sankaran,2024-02-01,Agriculture,Vehicle,147071,147071,15809,296111,Jaipur,North,75,Light Rain,Road Accident,Online,39,Male,Pending,3,No,0.5
C7906-P,P20763-N,Vivaan Chaudhari,2024-09-09,Health,Vehicle,123979,113190,37751,337719,Delhi,North,207,Moderate Rain,Flood Damage,Mobile App,45,Male,Settled,7,No,0.37
C5017-Z,P23904-K,Raunak Chahal,2024-08-23,Health,Life,117009,117009,5181,314150,Bangalore,South,202,Heavy Rain,Crop Loss,Online,66,Female,Settled,26,Yes,0.37
C6086-W,P32298-Z,Anika Gopal,2024-07-20,Health,Life,34936,34936,28171,190816,Kolkata,East,257,Light Rain,Crop Loss,Branch,49,Other,Pending,20,No,0.18
C7023-E,P66648-I,Raghav Ratti,2024-02-03,Vehicle,Health,85433,85433,47818,221216,Kolkata,East,289,Heavy Rain,House Damage,Online,64,Male,Settled,9,No,0.39
C9537-A,P73406-B,Krish Majumdar,2024-12-13,Health,Life,42417,42417,38195,178625,Jaipur,North,204,Heavy Rain,Road Accident,Branch,61,Male,Settled,11,No,0.24
C2828-S,P70139-P,Aniruddh Basak,2024-01-23,Agriculture,Vehicle,203340,203340,36494,351929,Hyderabad,South,185,Flood,Flood Damage,Mobile App,32,Female,Pending,28,No,0.58
C1366-L,P45697-Z,Kiaan Kaur,2024-07-30,Agriculture,Vehicle,87846,87846,37066,140728,Jaipur,North,101,Light Rain,Flood Damage,Online,35,Female,Pending,23,No,0.62
C1534-A,P35111-S,Darshit Lall,2024-07-04,Property,Health,111966,83465,30718,372415,Hyderabad,South,186,Light Rain,Crop Loss,Online,25,Other,Settled,11,No,0.3
C8278-F,P56217-X,Ela Kala,2024-08-26,Agriculture,Agriculture,219246,219246,34301,270605,Delhi,North,53,Flood,Crop Loss,Mobile App,34,Other,Settled,8,No,0.81
C7050-C,P59049-J,Indrans Bhardwaj,2024-04-14,Health,Property,113177,113177,28475,248156,Lucknow,North,122,Light Rain,Hospitalization,Mobile App,47,Other,Settled,21,No,0.46
C6298-X,P90192-B,Umang Ghosh,2024-01-16,Vehicle,Health,128269,128269,26814,339146,Hyderabad,South,66,Light Rain,Road Accident,Branch,29,Other,Rejected,4,No,0.38
C2805-L,P52397-D,Reyansh Bhardwaj,2024-09-20,Property,Property,250364,250364,7582,331591,Mumbai,West,291,Moderate Rain,House Damage,Mobile App,59,Male,Pending,7,No,0.76
C2391-I,P99998-Z,Pari Konda,2024-10-14,Health,Health,176030,176030,41038,297653,Delhi,North,253,Heavy Rain,Flood Damage,Mobile App,21,Other,Settled,21,No,0.59
C2966-T,P65843-V,Urvi Cheema,2024-08-13,Health,Vehicle,65800,65800,13383,345359,Hyderabad,South,184,Heavy Rain,Road Accident,Mobile App,41,Other,Settled,28,No,0.19
C8137-F,P82929-G,Yuvaan Master,2024-09-10,Property,Property,166137,106514,45367,405777,Lucknow,North,224,Light Rain,Hospitalization,Online,69,Female,Rejected,13,No,0.41
C2116-U,P66572-Z,Neysa Bumb,2024-08-24,Agriculture,Agriculture,63091,63091,28233,218887,Pune,West,100,Heavy Rain,Crop Loss,Agent,42,Other,Settled,26,No,0.29
C1457-D,P58114-U,Ryan Bains,2024-10-13,Vehicle,Vehicle,132563,132563,17328,282460,Delhi,North,280,Flood,Road Accident,Mobile App,53,Female,Pending,28,No,0.47
C9984-L,P19722-U,Indrans Chandran,2024-11-04,Health,Vehicle,184238,184238,9542,354424,Bangalore,South,140,Light Rain,Flood Damage,Mobile App,30,Other,Settled,13,No,0.52
C6862-F,P51143-I,Kiara Samra,2024-08-04,Vehicle,Health,116811,116811,32402,395892,Kolkata,East,130,Moderate Rain,Crop Loss,Online,52,Female,Settled,27,No,0.3
C5786-G,P70900-W,Mehul Das,2024-02-01,Property,Life,455671,455671,31010,531141,Delhi,North,90,Flood,Flood Damage,Mobile App,22,Female,Pending,3,No,0.86
C3775-A,P28101-Y,Mannat Bhakta,2024-03-09,Health,Life,154488,154488,14612,317034,Delhi,North,269,Moderate Rain,Road Accident,Branch,34,Male,Settled,25,No,0.49
C7970-B,P20304-V,Suhana Krishna,2024-02-07,Vehicle,Life,47470,47470,11526,131907,Ahmedabad,West,219,Flood,Crop Loss,Mobile App,61,Other,Settled,7,No,0.36
C3845-C,P27468-N,Keya Gandhi,2024-04-02,Agriculture,Vehicle,209462,209462,35701,395056,Pune,West,53,Heavy Rain,Crop Loss,Branch,30,Other,Pending,17,No,0.53
C1438-E,P87153-E,Jivika De,2024-10-29,Vehicle,Property,139404,139404,42771,309505,Chennai,South,265,Moderate Rain,Hospitalization,Branch,25,Other,Pending,14,No,0.45
C1297-A,P60267-K,Sumer Sarkar,2024-04-20,Property,Health,465972,465972,49733,614917,Kolkata,East,164,Light Rain,Road Accident,Branch,32,Other,Settled,3,No,0.76
C2004-C,P96062-Q,Anaya Chaudhari,2024-04-05,Health,Agriculture,166948,166948,49710,288006,Lucknow,North,203,Flood,Hospitalization,Mobile App,31,Other,Pending,28,No,0.58
C7071-X,P74657-P,Vivaan Koshy,2024-07-11,Agriculture,Health,50459,50459,38232,318935,Mumbai,West,265,Heavy Rain,Hospitalization,Online,66,Other,Rejected,17,No,0.16
C8538-U,P65035-H,Prerak Andra,2024-06-15,Health,Vehicle,130815,130815,26691,228733,Delhi,North,102,Moderate Rain,Flood Damage,Mobile App,25,Female,Settled,27,No,0.57
C7544-O,P52676-C,Trisha Hayre,2024-04-27,Property,Vehicle,453308,453308,47451,598895,Pune,West,188,Moderate Rain,Road Accident,Branch,70,Male,Settled,21,No,0.76
C1901-X,P84847-E,Advik Kota,2024-07-08,Vehicle,Vehicle,71575,71575,36524,150486,Delhi,North,254,Light Rain,Hospitalization,Online,41,Male,Settled,12,No,0.48
C2800-B,P50931-S,Kaira Koshy,2024-01-08,Property,Health,383627,383627,22007,652144,Jaipur,North,243,Heavy Rain,House Damage,Online,58,Female,Pending,4,No,0.59
C7725-I,P45112-Y,Azad Rana,2024-10-05,Property,Life,381246,381246,45152,641376,Chennai,South,130,Heavy Rain,Hospitalization,Online,69,Female,Settled,15,No,0.59
C3490-E,P71363-V,Sahil Grewal,2024-02-07,Health,Property,45291,45291,47744,210186,Pune,West,105,Moderate Rain,Flood Damage,Online,43,Other,Pending,24,No,0.22
C2925-Z,P95786-K,Kanav Rajagopalan,2024-04-26,Property,Property,491693,491693,30186,756118,Pune,West,259,Moderate Rain,Crop Loss,Agent,41,Other,Settled,20,Yes,0.65
C3954-M,P24859-A,Piya Jani,2024-05-05,Property,Property,380197,380197,10471,480727,Bangalore,South,112,Heavy Rain,House Damage,Agent,49,Female,Settled,14,No,0.79
C9770-M,P21863-G,Shamik Chandra,2024-06-06,Vehicle,Health,105329,105329,31651,220548,Chennai,South,57,Moderate Rain,Road Accident,Online,45,Other,Settled,20,No,0.48
C5968-Y,P57376-L,Rohan Ganesh,2024-02-06,Vehicle,Vehicle,136931,136931,24916,421272,Ahmedabad,West,212,Heavy Rain,Crop Loss,Branch,53,Female,Settled,24,No,0.33
C9615-J,P95180-V,Ryan Karpe,2024-02-23,Property,Vehicle,165405,165405,31219,329458,Jaipur,North,181,Light Rain,House Damage,Mobile App,36,Other,Settled,17,No,0.5
C2073-E,P43607-W,Amira Bakshi,2024-08-29,Health,Health,148645,148645,15834,260913,Lucknow,North,105,Heavy Rain,Flood Damage,Agent,46,Female,Pending,23,No,0.57
C3311-N,P64111-O,Darshit Dhillon,2024-03-17,Property,Property,216204,196019,41537,425423,Hyderabad,South,90,Flood,Flood Damage,Agent,67,Other,Settled,27,Yes,0.51
C9924-U,P82674-W,Kismat Savant,2024-08-10,Property,Agriculture,357725,329290,26866,605787,Mumbai,West,226,Heavy Rain,Hospitalization,Mobile App,21,Male,Pending,26,No,0.59
C2656-F,P80648-A,Pranay De,2024-06-13,Vehicle,Life,147765,147765,29862,292140,Jaipur,North,165,Light Rain,Hospitalization,Online,32,Other,Settled,29,No,0.51
C1113-V,P43849-H,Renee Talwar,2024-12-10,Property,Property,343844,343844,13645,466102,Ahmedabad,West,243,Moderate Rain,Hospitalization,Agent,53,Other,Settled,27,No,0.74
C8691-Z,P62870-G,Alia Bobal,2024-08-11,Agriculture,Agriculture,107428,107428,40425,392094,Chennai,South,78,Moderate Rain,Road Accident,Agent,21,Female,Settled,10,No,0.27
C1942-V,P45264-M,Mehul Chadha,2024-11-13,Agriculture,Property,286528,272749,19432,339381,Pune,West,267,Moderate Rain,Crop Loss,Mobile App,50,Male,Rejected,12,No,0.84
C7811-E,P25457-F,Vivaan Datta,2024-08-21,Vehicle,Life,116219,116219,27802,361353,Bangalore,South,80,Light Rain,Crop Loss,Mobile App,18,Other,Settled,30,No,0.32
C5879-Q,P63049-P,Kimaya Sharma,2024-07-28,Property,Health,250799,250799,28127,417286,Mumbai,West,210,Moderate Rain,Hospitalization,Branch,48,Female,Settled,3,Yes,0.6
C2042-L,P68518-D,Renee Desai,2024-01-09,Vehicle,Health,102039,102039,41254,357024,Ahmedabad,West,202,Light Rain,Crop Loss,Mobile App,53,Other,Rejected,11,No,0.29
C4718-S,P87886-N,Myra Lata,2024-12-22,Vehicle,Property,35053,35053,6934,125743,Kolkata,East,116,Moderate Rain,Crop Loss,Online,35,Other,Pending,20,No,0.28
C1490-J,P15496-O,Ranbir Kaur,2024-11-05,Property,Property,284418,284418,39122,576510,Hyderabad,South,181,Light Rain,Crop Loss,Mobile App,54,Other,Settled,14,No,0.49
C8147-N,P66367-B,Emir Raj,2024-05-23,Vehicle,Health,43233,43233,38916,281616,Ahmedabad,West,287,Moderate Rain,House Damage,Agent,68,Male,Pending,24,No,0.15
C9659-M,P75977-B,Nishith Balan,2024-04-17,Health,Vehicle,175268,162616,7491,468730,Lucknow,North,114,Flood,Flood Damage,Online,37,Female,Settled,15,No,0.37
C1310-B,P50908-X,Renee Sem,2024-05-10,Health,Property,195846,195846,15007,464138,Delhi,North,273,Light Rain,Flood Damage,Agent,38,Female,Settled,5,No,0.42
C5452-P,P78562-O,Samar Jain,2024-02-11,Agriculture,Health,250809,250809,32268,440227,Hyderabad,South,168,Moderate Rain,Hospitalization,Agent,63,Male,Settled,26,No,0.57
C3856-Z,P85249-C,Seher Balakrishnan,2024-11-22,Agriculture,Life,137906,121667,33324,422220,Ahmedabad,West,151,Light Rain,Hospitalization,Branch,64,Other,Settled,24,No,0.33
C8408-J,P77333-Y,Amani Karpe,2024-03-14,Health,Life,142361,142361,38625,412439,Lucknow,North,167,Heavy Rain,Hospitalization,Agent,63,Male,Settled,17,No,0.35
C6719-Z,P46105-K,Elakshi Kara,2024-07-01,Vehicle,Property,93097,93097,30983,369791,Mumbai,West,162,Moderate Rain,Crop Loss,Mobile App,39,Male,Settled,6,No,0.25
C6914-I,P54131-Y,Aniruddh Chakrabarti,2024-04-08,Vehicle,Life,114790,114790,43419,268985,Mumbai,West,52,Flood,House Damage,Online,27,Male,Pending,14,No,0.43
C2781-L,P50322-S,Yuvraj  Kaur,2024-11-11,Agriculture,Agriculture,65752,65752,49950,335452,Chennai,South,195,Moderate Rain,House Damage,Online,24,Other,Rejected,14,No,0.2
C9848-Z,P73473-U,Ivan Srinivas,2024-03-05,Health,Property,150299,150299,6571,392808,Pune,West,290,Flood,House Damage,Branch,35,Female,Settled,12,No,0.38
C4376-Q,P64313-E,Tanya Aurora,2024-05-28,Property,Property,319516,319516,45200,385465,Mumbai,West,181,Flood,Hospitalization,Branch,61,Male,Pending,20,No,0.83
C4423-B,P23543-A,Sumer Mall,2024-08-20,Vehicle,Health,81185,81185,47758,290142,Chennai,South,87,Heavy Rain,House Damage,Branch,51,Male,Settled,29,No,0.28
C6335-D,P21745-K,Lakshit Date,2024-03-03,Agriculture,Health,87819,87819,17769,197103,Pune,West,200,Heavy Rain,Road Accident,Online,39,Male,Settled,6,No,0.45
C8005-N,P25505-Y,Samiha Ganesh,2024-08-18,Health,Vehicle,74527,74527,43400,368568,Lucknow,North,120,Flood,Crop Loss,Agent,33,Female,Pending,9,No,0.2
C9043-S,P13807-T,Anvi Doshi,2024-07-10,Agriculture,Property,149155,149155,40195,431714,Delhi,North,269,Moderate Rain,Hospitalization,Agent,70,Female,Settled,29,No,0.35
C3457-B,P62262-U,Aarush Korpal,2024-06-21,Property,Health,284803,284803,35195,543009,Bangalore,South,112,Flood,House Damage,Mobile App,26,Female,Rejected,8,No,0.52
C7587-L,P63662-U,Vidur Ram,2024-04-14,Agriculture,Vehicle,201584,201584,34219,319832,Hyderabad,South,177,Flood,Flood Damage,Online,27,Other,Pending,24,No,0.63
C1239-S,P63561-X,Alisha Mani,2024-05-08,Property,Life,395062,395062,13884,595434,Chennai,South,72,Heavy Rain,Hospitalization,Branch,63,Female,Rejected,17,No,0.66
C3114-W,P44777-V,Saksham Anand,2024-09-30,Health,Property,162116,162116,44889,391179,Kolkata,East,170,Moderate Rain,Crop Loss,Online,31,Female,Pending,21,Yes,0.41
C7930-T,P36952-G,Divij Madan,2024-11-22,Vehicle,Agriculture,51892,51892,13637,350766,Ahmedabad,West,154,Heavy Rain,Flood Damage,Agent,66,Other,Pending,13,No,0.15
C6308-O,P31171-C,Samiha Manda,2024-01-16,Agriculture,Property,71156,71156,5687,352867,Lucknow,North,220,Moderate Rain,Hospitalization,Branch,46,Female,Settled,17,No,0.2
C2330-G,P88352-O,Akarsh Raju,2024-10-31,Vehicle,Property,88760,88760,15898,253777,Jaipur,North,187,Light Rain,Hospitalization,Mobile App,62,Female,Pending,28,No,0.35
C9703-D,P31147-T,Ivan Bhat,2024-09-30,Property,Life,442015,442015,32034,633789,Ahmedabad,West,227,Flood,House Damage,Branch,66,Male,Settled,20,No,0.7
C9317-J,P72237-X,Shalv Kapadia,2024-04-16,Health,Vehicle,145055,145055,49587,303674,Kolkata,East,260,Heavy Rain,Flood Damage,Online,27,Other,Settled,30,No,0.48
C7728-V,P47187-M,Devansh Kibe,2024-04-01,Agriculture,Agriculture,258789,258789,21130,533807,Jaipur,North,119,Heavy Rain,Crop Loss,Branch,25,Male,Settled,13,No,0.48
C1723-K,P36044-K,Advik Srivastava,2024-05-31,Agriculture,Health,239398,239398,33331,465229,Pune,West,169,Moderate Rain,Road Accident,Agent,34,Male,Settled,28,No,0.51
C3830-F,P47128-A,Neelofar Mallick,2024-02-08,Agriculture,Agriculture,203790,203790,25526,350094,Jaipur,North,92,Heavy Rain,Crop Loss,Online,64,Male,Settled,19,No,0.58
C5531-J,P62735-B,Veer Khatri,2024-03-15,Property,Health,319704,319704,14827,576978,Bangalore,South,240,Light Rain,Crop Loss,Agent,48,Other,Pending,9,No,0.55
C3560-H,P29734-G,Pranay Barad,2024-02-13,Agriculture,Agriculture,182004,182004,8738,456110,Hyderabad,South,191,Light Rain,Crop Loss,Mobile App,39,Female,Rejected,10,No,0.4
C3398-L,P34206-L,Anaya Kala,2024-03-20,Health,Life,73962,73962,11296,161935,Mumbai,West,221,Moderate Rain,Road Accident,Branch,30,Male,Pending,9,No,0.46
C7076-D,P24494-R,Heer Lal,2024-01-08,Health,Property,133489,133489,33803,293887,Mumbai,West,57,Moderate Rain,Hospitalization,Online,51,Other,Settled,15,No,0.45
C6581-L,P81965-V,Vanya Kuruvilla,2024-02-18,Health,Agriculture,51914,51914,8036,241302,Lucknow,North,287,Flood,Flood Damage,Online,29,Other,Rejected,30,No,0.22
C1164-E,P72017-U,Riaan Gandhi,2024-04-19,Health,Property,99430,99430,11268,267698,Mumbai,West,256,Light Rain,Flood Damage,Mobile App,51,Female,Settled,3,No,0.37
C8397-Q,P81700-E,Arhaan Krish,2024-07-14,Health,Agriculture,62903,62903,27360,195496,Ahmedabad,West,70,Flood,House Damage,Branch,24,Female,Settled,17,No,0.32
C1617-L,P93781-W,Raghav Dada,2024-11-15,Agriculture,Life,234947,234947,15755,366268,Hyderabad,South,289,Flood,Flood Damage,Agent,49,Other,Settled,22,No,0.64
C8557-E,P20206-E,Vardaniya Krishnamurthy,2024-03-11,Health,Property,55698,55698,38452,297532,Ahmedabad,West,272,Light Rain,House Damage,Online,26,Male,Settled,25,No,0.19
C1252-J,P76362-E,Nehmat Arya,2024-10-04,Property,Vehicle,434880,434880,25372,687345,Chennai,South,260,Heavy Rain,Crop Loss,Agent,28,Male,Pending,10,No,0.63
C8488-G,P75742-K,Lagan Saran,2024-01-26,Health,Life,69004,37620,24631,367762,Bangalore,South,226,Heavy Rain,Crop Loss,Mobile App,41,Female,Pending,6,No,0.19
C9674-T,P78526-M,Tejas Kota,2024-02-05,Vehicle,Vehicle,146028,146028,33465,320845,Lucknow,North,246,Light Rain,Road Accident,Branch,30,Female,Pending,8,No,0.46
C1697-Q,P64001-V,Tarini Anne,2024-05-09,Property,Vehicle,498992,498992,28504,713139,Pune,West,189,Heavy Rain,Flood Damage,Mobile App,37,Male,Pending,19,No,0.7
C7149-C,P62260-L,Baiju Sura,2024-10-01,Health,Property,78106,78106,44913,195827,Pune,West,63,Light Rain,Hospitalization,Branch,32,Male,Settled,10,No,0.4
C5495-E,P29507-T,Anaya Vala,2024-04-13,Property,Property,385531,385531,29644,498575,Lucknow,North,80,Heavy Rain,House Damage,Mobile App,49,Other,Settled,10,No,0.77
C1309-O,P30537-U,Mannat Handa,2024-08-18,Health,Property,130563,130563,27741,371642,Delhi,North,129,Heavy Rain,Crop Loss,Online,35,Female,Settled,13,No,0.35
C5782-H,P85307-N,Hrishita Manne,2024-12-30,Property,Property,428801,251661,16187,481575,Delhi,North,145,Light Rain,Hospitalization,Branch,27,Male,Pending,28,No,0.89
C9331-S,P88012-Y,Saanvi Devi,2024-05-18,Property,Agriculture,440472,440472,17104,696128,Kolkata,East,183,Moderate Rain,House Damage,Mobile App,61,Other,Settled,27,No,0.63
C4911-G,P55139-O,Miraan Swaminathan,2024-01-26,Agriculture,Health,164163,151647,5371,238945,Hyderabad,South,258,Flood,House Damage,Online,54,Male,Settled,29,No,0.69
C4489-R,P78906-R,Neysa Ratta,2024-12-01,Vehicle,Health,83399,83399,33960,282847,Lucknow,North,99,Heavy Rain,Road Accident,Branch,50,Female,Pending,18,No,0.29
C6652-M,P22394-C,Ivana Mallick,2024-06-16,Health,Life,164049,164049,37421,437936,Delhi,North,81,Heavy Rain,Road Accident,Online,39,Male,Settled,30,No,0.37
C1024-Z,P92214-P,Divij Kari,2024-10-31,Vehicle,Life,126648,126648,41177,343675,Mumbai,West,110,Light Rain,Hospitalization,Branch,61,Other,Settled,6,No,0.37
C5712-B,P95619-H,Samaira Dua,2024-08-03,Property,Health,429377,429377,13104,525851,Delhi,North,63,Flood,Crop Loss,Mobile App,53,Male,Settled,6,No,0.82
C7078-K,P41164-U,Uthkarsh Sane,2024-11-17,Property,Vehicle,103393,103393,39549,201563,Delhi,North,71,Light Rain,Road Accident,Branch,27,Female,Rejected,19,No,0.51
C1674-I,P93291-P,Aradhya Gade,2024-02-11,Vehicle,Vehicle,111550,111550,28216,302244,Lucknow,North,258,Light Rain,Road Accident,Online,19,Female,Settled,10,No,0.37
C3960-Y,P38635-P,Ahana  Khosla,2024-11-02,Agriculture,Property,191623,191623,16861,335708,Hyderabad,South,261,Heavy Rain,Road Accident,Agent,55,Male,Pending,25,No,0.57
C3432-Q,P48880-S,Gatik Sami,2024-01-09,Agriculture,Health,266226,266226,6140,390523,Jaipur,North,269,Light Rain,Flood Damage,Agent,47,Female,Settled,17,No,0.68
C6341-O,P18782-C,Ivana Sridhar,2024-12-04,Health,Agriculture,39787,39787,33234,124195,Hyderabad,South,113,Moderate Rain,Road Accident,Mobile App,69,Male,Settled,23,No,0.32
C1289-U,P40626-D,Aarna Mani,2024-01-22,Health,Life,158165,158165,7537,271200,Bangalore,South,288,Heavy Rain,Road Accident,Branch,48,Male,Settled,19,No,0.58
C1052-D,P29324-T,Saira Doctor,2024-04-06,Health,Agriculture,114239,114239,6718,380967,Lucknow,North,180,Moderate Rain,Road Accident,Agent,70,Male,Settled,27,No,0.3
C5218-U,P83806-H,Vaibhav Sridhar,2024-05-16,Agriculture,Agriculture,103185,103185,9502,280413,Pune,West,236,Flood,Flood Damage,Online,67,Female,Settled,18,No,0.37
C4795-C,P15906-I,Tushar Varty,2024-04-24,Agriculture,Health,107069,107069,41359,372078,Lucknow,North,131,Moderate Rain,Road Accident,Online,69,Male,Pending,18,No,0.29
C7818-M,P32320-I,Navya Aggarwal,2024-03-17,Health,Health,186744,186744,38930,301453,Jaipur,North,150,Flood,House Damage,Branch,46,Male,Settled,6,No,0.62
C4227-X,P59784-Z,Shray Yohannan,2024-01-06,Agriculture,Agriculture,158283,158283,5155,451022,Hyderabad,South,212,Moderate Rain,Hospitalization,Mobile App,36,Female,Pending,30,No,0.35
C2755-Q,P47554-T,Inaaya  Lanka,2024-08-24,Health,Life,54907,54907,6283,304991,Mumbai,West,73,Heavy Rain,House Damage,Mobile App,61,Female,Settled,13,No,0.18
C7188-E,P65122-W,Oorja Khare,2024-10-23,Property,Vehicle,405806,405806,27786,610267,Pune,West,107,Light Rain,House Damage,Mobile App,41,Female,Settled,3,No,0.66
C2599-A,P95335-Y,Hazel Rajagopal,2024-06-01,Health,Vehicle,183598,183598,29349,413950,Jaipur,North,86,Flood,House Damage,Branch,67,Other,Pending,13,No,0.44
C6620-O,P45934-Z,Jivika Sami,2024-01-14,Vehicle,Agriculture,103348,103348,8449,243100,Ahmedabad,West,92,Moderate Rain,Flood Damage,Branch,67,Female,Settled,10,No,0.43
C8388-L,P24150-S,Parinaaz Chaudhuri,2024-10-03,Vehicle,Agriculture,42320,42320,42364,240296,Pune,West,159,Moderate Rain,Hospitalization,Online,55,Female,Settled,22,No,0.18
C6995-D,P32535-D,Ivan Chadha,2024-11-07,Agriculture,Vehicle,261946,261946,5494,361308,Jaipur,North,160,Moderate Rain,House Damage,Branch,62,Female,Settled,25,No,0.72
C6436-E,P78073-F,Misha Srinivas,2024-03-04,Property,Vehicle,477919,464013,12355,602489,Delhi,North,220,Flood,Road Accident,Agent,56,Female,Settled,5,No,0.79
C8581-J,P36882-Y,Aayush Bhattacharyya,2024-04-26,Vehicle,Life,39168,39168,33944,227258,Lucknow,North,209,Heavy Rain,Hospitalization,Mobile App,22,Other,Settled,6,No,0.17
C3506-I,P40636-U,Akarsh Saha,2024-07-16,Property,Vehicle,416947,416947,8697,693682,Kolkata,East,74,Heavy Rain,Flood Damage,Agent,35,Male,Settled,3,No,0.6
C9186-S,P33364-O,Aarush Kaur,2024-02-29,Health,Health,79355,52883,15397,288040,Lucknow,North,284,Light Rain,Hospitalization,Online,33,Male,Pending,23,No,0.28
C2389-Z,P57620-V,Devansh Issac,2024-03-24,Vehicle,Life,69049,69049,19128,356100,Mumbai,West,52,Light Rain,Hospitalization,Online,36,Female,Settled,7,No,0.19
C6705-Q,P94053-S,Kashvi Khare,2024-01-12,Vehicle,Health,56178,56178,48960,166254,Hyderabad,South,214,Flood,Hospitalization,Agent,37,Female,Pending,22,No,0.34
C4628-X,P36126-Q,Lakshit Mammen,2024-10-22,Property,Property,315918,315918,28324,547484,Bangalore,South,206,Moderate Rain,House Damage,Online,21,Male,Settled,11,No,0.58
C2625-P,P49509-K,Vritika Mannan,2024-05-31,Health,Vehicle,136898,84297,48212,394348,Pune,West,233,Flood,Road Accident,Online,68,Other,Settled,26,No,0.35
C8235-I,P34088-D,Dharmajan Tiwari,2024-06-17,Property,Life,337886,337886,33050,468306,Kolkata,East,55,Heavy Rain,Flood Damage,Branch,61,Male,Settled,26,No,0.72
C9576-U,P55410-P,Advik Wagle,2024-12-04,Health,Life,67814,67814,18478,288296,Delhi,North,170,Heavy Rain,Hospitalization,Agent,37,Male,Settled,16,No,0.24
C5858-R,P76672-K,Shamik Varkey,2024-06-09,Health,Life,144244,144244,41274,411690,Mumbai,West,248,Moderate Rain,Crop Loss,Online,66,Male,Settled,30,No,0.35
C6219-U,P52446-B,Vihaan Kala,2024-08-26,Agriculture,Health,160529,160529,32391,251740,Kolkata,East,76,Light Rain,Crop Loss,Mobile App,48,Male,Pending,28,No,0.64
C8598-T,P45713-U,Piya Sur,2024-01-31,Agriculture,Vehicle,255908,255908,40988,329781,Delhi,North,271,Light Rain,Road Accident,Mobile App,50,Male,Pending,9,No,0.78
C9695-E,P17718-L,Tiya Sidhu,2024-10-07,Agriculture,Vehicle,147626,147626,22312,225785,Pune,West,111,Heavy Rain,Road Accident,Branch,67,Female,Settled,17,No,0.65
C5839-H,P33001-M,Indranil Sundaram,2024-02-14,Vehicle,Life,75618,75618,42893,199512,Ahmedabad,West,264,Heavy Rain,Hospitalization,Online,51,Other,Settled,9,No,0.38
C8762-H,P76096-C,Farhan Grover,2024-09-07,Vehicle,Vehicle,82657,81994,30907,324127,Lucknow,North,179,Heavy Rain,Road Accident,Agent,23,Other,Settled,5,No,0.26
C7391-R,P78340-S,Ranbir Bhasin,2024-12-11,Property,Vehicle,469799,469799,48499,569267,Mumbai,West,70,Light Rain,Road Accident,Online,26,Female,Settled,21,No,0.83
C3540-D,P94048-P,Seher Taneja,2024-04-05,Property,Life,476219,268426,32232,567218,Mumbai,West,84,Light Rain,Flood Damage,Online,54,Male,Pending,26,No,0.84
C1089-A,P47265-K,Shayak Ravi,2024-06-08,Vehicle,Agriculture,48038,48038,26352,258226,Ahmedabad,West,127,Light Rain,House Damage,Online,41,Male,Rejected,14,No,0.19
C8417-H,P63743-H,Yuvaan Kamdar,2024-10-10,Property,Agriculture,112706,112706,6672,247748,Bangalore,South,73,Flood,Crop Loss,Mobile App,26,Other,Settled,20,No,0.45
C7876-G,P99941-O,Seher Gala,2024-05-24,Health,Agriculture,149489,149489,17049,362508,Delhi,North,171,Flood,Crop Loss,Mobile App,30,Male,Pending,12,No,0.41
C8589-C,P92488-Z,Gatik Hayer,2024-05-07,Health,Health,24661,24661,42030,168542,Pune,West,245,Heavy Rain,Hospitalization,Mobile App,64,Male,Settled,9,No,0.15
C2271-O,P21433-D,Zeeshan Barad,2024-02-24,Property,Property,122832,122832,8563,407896,Pune,West,207,Heavy Rain,Crop Loss,Branch,65,Female,Settled,14,No,0.3
C3927-K,P96260-P,Anika Raju,2024-07-30,Agriculture,Life,285220,285220,6180,557728,Mumbai,West,77,Light Rain,Flood Damage,Online,55,Female,Pending,12,No,0.51
C3879-Y,P33253-C,Ira Borah,2024-06-27,Health,Agriculture,129545,129545,18259,421942,Mumbai,West,61,Moderate Rain,Road Accident,Mobile App,28,Female,Settled,30,No,0.31
C6328-W,P63376-K,Mannat Gera,2024-06-17,Health,Life,24476,24476,26567,206456,Pune,West,113,Light Rain,Hospitalization,Mobile App,56,Male,Rejected,3,No,0.12
C3083-O,P12613-F,Taran Barad,2024-12-07,Agriculture,Property,105205,105205,22561,202181,Ahmedabad,West,64,Flood,House Damage,Online,64,Male,Pending,22,No,0.52
C3172-J,P76992-C,Onkar Ram,2024-12-26,Vehicle,Agriculture,103008,103008,19062,243160,Hyderabad,South,259,Heavy Rain,House Damage,Branch,41,Female,Settled,18,No,0.42
C8012-F,P71306-J,Jhanvi Dhar,2024-01-23,Property,Agriculture,279455,279455,15900,336263,Jaipur,North,123,Flood,Hospitalization,Online,31,Male,Settled,22,No,0.83
C3084-U,P47601-D,Advika Doctor,2024-05-12,Vehicle,Vehicle,135118,135118,47079,430192,Chennai,South,98,Heavy Rain,House Damage,Online,57,Male,Pending,3,No,0.31
C5371-T,P95042-O,Piya Rout,2024-06-23,Vehicle,Vehicle,110295,110295,9851,403250,Ahmedabad,West,147,Flood,Road Accident,Agent,60,Female,Rejected,20,No,0.27
C4975-K,P93561-B,Yashvi Krishnamurthy,2024-08-09,Property,Vehicle,204948,204948,33165,413348,Ahmedabad,West,177,Flood,Road Accident,Agent,55,Other,Settled,27,No,0.5
C3882-T,P61655-E,Taimur Hayer,2024-07-18,Health,Property,74942,74942,40828,356875,Ahmedabad,West,169,Light Rain,House Damage,Mobile App,38,Other,Pending,8,No,0.21
C6061-N,P55377-K,Kabir Tandon,2024-06-19,Property,Life,341323,341323,35607,502167,Hyderabad,South,239,Light Rain,House Damage,Mobile App,59,Male,Rejected,3,No,0.68
C1506-R,P31147-T,Suhana Dubey,2024-11-04,Vehicle,Agriculture,67220,46273,10361,186537,Lucknow,North,174,Moderate Rain,Crop Loss,Mobile App,54,Male,Settled,8,No,0.36
C9800-E,P39996-K,Yakshit Mane,2024-03-10,Property,Agriculture,147784,147784,35275,344519,Hyderabad,South,53,Flood,House Damage,Branch,52,Other,Pending,21,No,0.43
C4113-P,P33263-N,Trisha Rao,2024-09-07,Vehicle,Life,30261,30261,19804,107525,Jaipur,North,192,Moderate Rain,Flood Damage,Mobile App,35,Female,Rejected,9,No,0.28
C4697-M,P48687-G,Purab Shetty,2024-12-02,Agriculture,Health,291585,291585,27859,534016,Hyderabad,South,274,Heavy Rain,House Damage,Agent,45,Male,Settled,5,No,0.55
C4582-Q,P73399-X,Arnav Korpal,2024-07-25,Property,Property,416526,416526,49238,653518,Lucknow,North,161,Flood,House Damage,Agent,54,Other,Pending,4,No,0.64
C5896-T,P59624-E,Dhanush Ravi,2024-07-31,Agriculture,Health,94111,94111,38695,314529,Jaipur,North,160,Moderate Rain,Hospitalization,Online,24,Male,Settled,14,No,0.3
C2426-L,P24633-R,Drishya Dhar,2024-12-23,Agriculture,Health,223672,223672,49271,442790,Chennai,South,126,Light Rain,Road Accident,Branch,39,Male,Pending,30,No,0.51
C1611-W,P97263-M,Divyansh Anne,2024-08-08,Agriculture,Vehicle,296562,259484,13426,507812,Lucknow,North,100,Light Rain,Flood Damage,Agent,24,Other,Pending,19,No,0.58
C2405-Y,P34298-I,Baiju Sood,2024-06-10,Property,Agriculture,228027,228027,9426,344095,Delhi,North,119,Moderate Rain,Road Accident,Mobile App,38,Male,Pending,28,No,0.66
C2466-U,P56364-I,Onkar Agarwal,2024-10-27,Property,Vehicle,118996,118996,21596,227430,Kolkata,East,108,Light Rain,House Damage,Mobile App,69,Other,Settled,10,No,0.52
C1016-X,P95297-Q,Nishith Deol,2024-03-06,Property,Vehicle,498457,498457,19564,569431,Chennai,South,155,Moderate Rain,Flood Damage,Branch,40,Male,Rejected,8,No,0.88
C7673-U,P58846-Z,Aradhya Sundaram,2024-08-08,Health,Health,107366,107366,40340,162657,Jaipur,North,139,Light Rain,House Damage,Agent,42,Other,Pending,12,No,0.66
C3956-L,P15609-H,Ahana  Chawla,2024-04-25,Agriculture,Health,110836,110836,33037,351023,Chennai,South,136,Moderate Rain,Flood Damage,Online,22,Male,Settled,8,No,0.32
C9898-K,P89653-S,Tanya Krishna,2024-01-01,Health,Agriculture,159998,159998,8067,344657,Chennai,South,103,Moderate Rain,Crop Loss,Online,41,Other,Settled,21,No,0.46
C7002-P,P77978-A,Shamik Bali,2024-01-17,Agriculture,Agriculture,69625,69625,42380,237142,Kolkata,East,66,Moderate Rain,Flood Damage,Agent,65,Female,Settled,15,No,0.29
C6277-B,P47129-B,Arnav Srinivasan,2024-06-26,Vehicle,Agriculture,89489,89489,43417,342183,Jaipur,North,157,Heavy Rain,Road Accident,Online,57,Female,Rejected,4,No,0.26
C4106-W,P35791-L,Kartik Master,2024-01-21,Health,Life,72722,72722,49178,201295,Ahmedabad,West,147,Moderate Rain,House Damage,Mobile App,40,Other,Settled,22,No,0.36
C9509-C,P89196-K,Vedika Sidhu,2024-10-23,Agriculture,Health,171445,171445,7854,370451,Lucknow,North,128,Heavy Rain,Hospitalization,Mobile App,31,Male,Pending,17,No,0.46
C7006-N,P46015-K,Yashvi Sastry,2024-10-02,Agriculture,Agriculture,198256,198256,13035,496756,Lucknow,North,70,Moderate Rain,Road Accident,Mobile App,62,Female,Settled,17,Yes,0.4
C8050-E,P75317-F,Badal Baria,2024-06-13,Property,Agriculture,280636,280636,33111,468125,Jaipur,North,121,Heavy Rain,Flood Damage,Mobile App,58,Other,Settled,20,No,0.6
C7896-R,P79731-H,Sumer Edwin,2024-06-24,Property,Vehicle,333766,215271,49452,390704,Bangalore,South,118,Moderate Rain,Road Accident,Mobile App,66,Female,Settled,6,No,0.85
C9158-D,P28418-N,Devansh Johal,2024-01-01,Agriculture,Life,240443,145747,8515,450340,Bangalore,South,124,Flood,House Damage,Mobile App,60,Male,Pending,12,No,0.53
C6874-K,P12788-T,Eva Dada,2024-06-26,Agriculture,Health,133647,75521,26579,239501,Jaipur,North,258,Moderate Rain,Flood Damage,Agent,44,Other,Settled,22,No,0.56
C3392-L,P53342-O,Urvi Chaudhari,2024-08-01,Vehicle,Property,77466,77466,13008,210613,Chennai,South,275,Moderate Rain,Crop Loss,Mobile App,33,Male,Rejected,21,No,0.37
C6023-B,P69089-K,Badal Kala,2024-01-17,Property,Agriculture,132607,132607,21232,379612,Pune,West,120,Heavy Rain,Crop Loss,Online,49,Male,Pending,14,No,0.35
C1999-D,P38772-F,Abram Krishnan,2024-07-19,Vehicle,Health,122672,122672,41968,269486,Chennai,South,121,Heavy Rain,Road Accident,Agent,36,Other,Settled,5,No,0.46
C3263-T,P98710-H,Stuvan Sethi,2024-08-07,Vehicle,Health,87527,87527,26991,173365,Delhi,North,258,Moderate Rain,Flood Damage,Agent,26,Male,Settled,13,No,0.5
C9209-A,P15920-Y,Ojas Shere,2024-03-14,Vehicle,Life,110869,110869,30861,291122,Lucknow,North,212,Flood,House Damage,Branch,36,Female,Settled,30,No,0.38
C7383-O,P80062-Y,Aniruddh Borah,2024-08-21,Agriculture,Property,233603,233603,12039,379387,Hyderabad,South,199,Light Rain,Hospitalization,Branch,46,Female,Pending,10,No,0.62
C3560-H,P12623-F,Tanya Sheth,2024-11-27,Property,Health,453820,453820,33394,632863,Pune,West,125,Moderate Rain,Hospitalization,Agent,59,Other,Pending,29,No,0.72
C2500-J,P18705-T,Stuvan Sarma,2024-04-20,Vehicle,Vehicle,140551,140551,9770,400298,Kolkata,East,186,Flood,Road Accident,Branch,33,Male,Settled,21,No,0.35
C9102-Q,P31395-R,Shlok Chakrabarti,2024-10-28,Agriculture,Property,137992,137992,49322,288133,Bangalore,South,183,Flood,Crop Loss,Branch,64,Other,Settled,27,No,0.48
C7018-H,P73156-V,Reyansh Jha,2024-08-07,Health,Life,150072,150072,42747,252151,Lucknow,North,195,Moderate Rain,Road Accident,Agent,27,Male,Settled,6,No,0.6
C7788-Y,P50402-T,Madhup Bajwa,2024-10-23,Health,Vehicle,159962,159962,9258,244616,Kolkata,East,129,Flood,Flood Damage,Agent,35,Other,Settled,7,No,0.65
C6301-K,P17631-C,Amani Sundaram,2024-09-19,Property,Vehicle,372019,372019,13957,501311,Chennai,South,187,Light Rain,Crop Loss,Online,36,Male,Pending,3,No,0.74
C6696-C,P43301-B,Krish Dhingra,2024-07-21,Agriculture,Vehicle,158193,79823,21904,303480,Bangalore,South,187,Light Rain,Crop Loss,Online,60,Female,Settled,10,No,0.52
C5776-S,P41530-U,Arnav Dayal,2024-04-06,Property,Vehicle,477644,477644,25895,726134,Ahmedabad,West,131,Heavy Rain,House Damage,Mobile App,34,Male,Pending,17,No,0.66
C1025-Q,P65737-D,Lakshit Jha,2024-08-08,Agriculture,Vehicle,150538,150538,26644,354892,Mumbai,West,92,Light Rain,Road Accident,Online,43,Female,Settled,15,No,0.42
C6721-X,P69589-W,Elakshi Dayal,2024-07-12,Property,Agriculture,232610,232610,20356,324004,Delhi,North,230,Heavy Rain,Flood Damage,Branch,33,Other,Settled,23,No,0.72
C9879-J,P37666-E,Dhruv Sridhar,2024-02-20,Property,Health,237753,237753,21218,489611,Pune,West,114,Moderate Rain,Hospitalization,Branch,33,Female,Settled,25,No,0.49
C1715-X,P31323-P,Prisha Chokshi,2024-08-11,Vehicle,Health,133290,133290,41535,406479,Ahmedabad,West,193,Heavy Rain,House Damage,Branch,44,Other,Settled,24,No,0.33
C8196-A,P65851-A,Vihaan Gaba,2024-05-02,Vehicle,Life,49322,49322,40953,191619,Jaipur,North,258,Light Rain,Flood Damage,Mobile App,52,Male,Settled,4,No,0.26
C3263-M,P99394-R,Pihu Kalita,2024-12-29,Vehicle,Vehicle,66823,66823,28463,236289,Pune,West,199,Heavy Rain,House Damage,Mobile App,65,Male,Pending,16,No,0.28
C4484-V,P53897-O,Manjari Choudhry,2024-03-04,Agriculture,Life,254572,254572,5213,314379,Pune,West,211,Light Rain,Flood Damage,Online,54,Male,Pending,11,No,0.81
C6525-L,P22147-V,Badal Malhotra,2024-01-05,Agriculture,Life,121862,121862,37187,403860,Bangalore,South,201,Moderate Rain,Crop Loss,Mobile App,58,Female,Settled,4,No,0.3
C6162-H,P27608-V,Kiara Datta,2024-07-04,Health,Life,49807,49807,16981,134926,Bangalore,South,65,Light Rain,Flood Damage,Agent,31,Male,Settled,28,No,0.37
C7918-O,P85757-E,Shaan Bhagat,2024-05-15,Agriculture,Life,196274,196274,49713,455046,Bangalore,South,125,Flood,Hospitalization,Branch,39,Male,Settled,18,No,0.43
C5125-L,P83039-T,Indrans Raval,2024-07-24,Vehicle,Vehicle,75334,75334,49600,293500,Ahmedabad,West,204,Heavy Rain,Flood Damage,Online,62,Female,Settled,23,No,0.26
C7815-L,P30210-C,Drishya Babu,2024-12-02,Property,Property,212345,212345,22387,489736,Bangalore,South,146,Heavy Rain,Hospitalization,Online,21,Other,Settled,23,No,0.43
C1909-E,P24147-J,Saksham De,2024-11-02,Agriculture,Vehicle,207851,207851,33450,311024,Delhi,North,153,Heavy Rain,Hospitalization,Agent,28,Male,Settled,5,No,0.67
C2763-H,P15376-D,Onkar Kurian,2024-03-02,Health,Property,51626,51626,24651,167655,Kolkata,East,173,Flood,Road Accident,Online,30,Male,Settled,22,No,0.31
C5025-K,P58327-L,Samarth Sant,2024-06-17,Vehicle,Vehicle,100931,100931,13141,335582,Chennai,South,259,Moderate Rain,Flood Damage,Mobile App,46,Female,Settled,10,No,0.3
C9951-F,P30139-F,Vaibhav Kalita,2024-08-10,Agriculture,Vehicle,272224,272224,27651,533328,Hyderabad,South,139,Flood,House Damage,Branch,50,Female,Settled,15,No,0.51
C4651-V,P68493-U,Nayantara Sule,2024-08-07,Vehicle,Vehicle,40208,30748,42364,169014,Lucknow,North,187,Heavy Rain,Flood Damage,Agent,55,Other,Pending,6,No,0.24
C9447-A,P42117-X,Kimaya Sanghvi,2024-12-25,Property,Property,498579,456683,9682,701544,Jaipur,North,205,Heavy Rain,Road Accident,Branch,24,Male,Pending,16,No,0.71
C1543-I,P33842-B,Nirvaan Din,2024-02-06,Health,Property,137454,122727,5128,323830,Bangalore,South,109,Heavy Rain,Hospitalization,Branch,20,Female,Settled,26,No,0.42
C1418-O,P45065-A,Anahi Kota,2024-05-13,Vehicle,Property,71476,71476,22088,246108,Hyderabad,South,272,Light Rain,House Damage,Online,21,Female,Settled,30,No,0.29
C6241-D,P74090-J,Vedika Sridhar,2024-02-17,Vehicle,Agriculture,104477,104477,34915,333288,Chennai,South,201,Light Rain,Hospitalization,Mobile App,38,Female,Settled,24,No,0.31
C7009-U,P44637-F,Ranbir Banerjee,2024-03-07,Health,Life,20100,20100,8765,259099,Chennai,South,130,Light Rain,House Damage,Online,42,Female,Settled,6,No,0.08
C3231-F,P54853-X,Jiya Behl,2024-08-21,Agriculture,Health,290050,290050,24039,359540,Pune,West,281,Flood,Flood Damage,Branch,31,Female,Pending,26,No,0.81
C3177-G,P26042-U,Tarini Raja,2024-02-29,Health,Vehicle,54244,42285,34333,305050,Bangalore,South,105,Heavy Rain,House Damage,Branch,47,Male,Pending,7,No,0.18
C6366-A,P26010-L,Seher Yadav,2024-07-07,Health,Vehicle,78733,78733,37287,335492,Pune,West,249,Light Rain,Road Accident,Agent,23,Male,Pending,19,No,0.23
C9089-T,P82797-F,Shalv Mane,2024-03-12,Health,Vehicle,55286,55286,8215,318120,Kolkata,East,254,Flood,House Damage,Mobile App,62,Female,Pending,9,No,0.17
C3251-J,P41643-A,Siya Joshi,2024-05-01,Vehicle,Health,30053,30053,41469,142701,Delhi,North,246,Moderate Rain,Flood Damage,Branch,49,Other,Pending,7,No,0.21
C6168-Q,P22121-O,Lakshay Rao,2024-08-31,Vehicle,Agriculture,36423,36423,26179,121123,Kolkata,East,160,Flood,Crop Loss,Online,53,Male,Settled,13,No,0.3
C3939-C,P49236-V,Aradhya Sem,2024-01-09,Property,Property,162580,162580,31305,361230,Ahmedabad,West,216,Heavy Rain,House Damage,Branch,33,Other,Rejected,11,No,0.45
C4038-B,P85538-S,Charvi Shah,2024-04-03,Agriculture,Property,72159,72159,33462,132550,Hyderabad,South,83,Moderate Rain,House Damage,Mobile App,30,Other,Pending,19,No,0.54
C5311-Z,P89630-H,Sahil Seth,2024-09-29,Property,Property,343986,343986,17346,401555,Jaipur,North,286,Light Rain,Flood Damage,Online,66,Female,Pending,13,No,0.86
C2316-Y,P61741-A,Hrishita Rattan,2024-03-14,Agriculture,Agriculture,257877,257877,17223,351254,Delhi,North,66,Heavy Rain,House Damage,Agent,29,Female,Rejected,19,No,0.73
C5343-F,P34624-I,Indrajit Luthra,2024-02-11,Health,Property,75340,75340,15899,140166,Lucknow,North,286,Flood,House Damage,Mobile App,50,Male,Settled,17,No,0.54
C9770-L,P94194-H,Himmat Wali,2024-03-01,Health,Life,48221,48221,34299,250631,Hyderabad,South,201,Moderate Rain,House Damage,Online,69,Male,Settled,22,No,0.19
C8958-D,P29981-C,Onkar Balan,2024-05-29,Health,Health,77532,77532,49725,358536,Chennai,South,185,Heavy Rain,Flood Damage,Mobile App,61,Other,Pending,16,No,0.22
C6512-W,P43451-U,Baiju Date,2024-11-08,Vehicle,Agriculture,62697,62697,45659,267024,Bangalore,South,164,Heavy Rain,Flood Damage,Agent,54,Male,Settled,25,No,0.23
C5531-M,P30025-F,Devansh Sahni,2024-10-20,Property,Life,327376,327376,21808,565359,Chennai,South,191,Moderate Rain,Road Accident,Agent,57,Other,Pending,12,No,0.58
C7272-U,P59857-H,Hridaan Goswami,2024-08-24,Property,Agriculture,421029,421029,12955,711188,Pune,West,287,Flood,Hospitalization,Online,20,Other,Rejected,28,No,0.59
C2731-F,P66401-J,Yashvi Bhandari,2024-04-27,Vehicle,Life,55668,55668,9533,206118,Delhi,North,224,Light Rain,Road Accident,Mobile App,35,Other,Settled,5,No,0.27
C2342-D,P90806-T,Rania Kohli,2024-06-22,Vehicle,Vehicle,53443,53443,5890,235452,Mumbai,West,241,Moderate Rain,Flood Damage,Mobile App,25,Other,Pending,11,No,0.23
C4190-S,P23179-L,Abram Chacko,2024-07-28,Health,Vehicle,79252,79252,34386,348577,Chennai,South,226,Heavy Rain,House Damage,Mobile App,49,Male,Settled,21,No,0.23
C6163-K,P50113-M,Ritvik Bandi,2024-05-26,Property,Life,171081,171081,17913,307502,Jaipur,North,269,Flood,Hospitalization,Branch,67,Male,Pending,5,No,0.56
C2943-A,P84508-N,Taran Bobal,2024-02-26,Property,Health,403328,403328,39080,530326,Ahmedabad,West,287,Heavy Rain,Crop Loss,Agent,67,Female,Settled,18,No,0.76
C9965-W,P41196-A,Ayesha Ramesh,2024-01-15,Vehicle,Life,124536,124536,24703,289884,Chennai,South,284,Light Rain,Road Accident,Online,45,Other,Rejected,20,No,0.43
C7086-T,P51456-J,Jiya Dugar,2024-11-28,Health,Vehicle,77763,77763,31895,208128,Chennai,South,97,Heavy Rain,Crop Loss,Branch,65,Other,Settled,5,No,0.37
C3033-B,P60996-E,Chirag Yogi,2024-10-16,Property,Health,251399,251399,31300,528220,Chennai,South,243,Flood,House Damage,Online,50,Other,Settled,26,No,0.48
C3567-L,P21111-H,Armaan Bhargava,2024-07-02,Property,Life,103762,103762,39660,344692,Hyderabad,South,274,Flood,Crop Loss,Mobile App,37,Male,Pending,16,No,0.3
C5883-O,P61090-S,Kaira Chada,2024-08-15,Vehicle,Vehicle,98972,98972,40204,266328,Kolkata,East,276,Heavy Rain,Flood Damage,Agent,39,Female,Settled,12,No,0.37
C5621-S,P56823-B,Suhana Sachar,2024-06-26,Property,Life,314745,200024,10297,551913,Jaipur,North,196,Flood,House Damage,Online,40,Female,Rejected,4,No,0.57
C5420-G,P54665-R,Miraya Goyal,2024-08-02,Health,Life,40728,40728,14140,295803,Lucknow,North,93,Light Rain,Hospitalization,Branch,37,Other,Settled,29,No,0.14
C2887-W,P51662-H,Jivin Aggarwal,2024-05-06,Agriculture,Vehicle,55355,55355,32291,310192,Delhi,North,111,Moderate Rain,House Damage,Agent,57,Female,Settled,21,No,0.18
C9299-G,P67558-V,Tiya Chokshi,2024-02-03,Property,Property,260908,260908,38444,412564,Mumbai,West,144,Light Rain,Road Accident,Agent,19,Female,Settled,17,No,0.63
C5280-V,P41043-F,Misha Chaudhary,2024-11-19,Health,Vehicle,114517,114517,33106,338651,Bangalore,South,279,Light Rain,Hospitalization,Agent,31,Other,Settled,26,No,0.34
C4948-P,P46317-G,Ojas Vyas,2024-11-04,Health,Vehicle,58910,58910,6930,161633,Mumbai,West,124,Light Rain,House Damage,Branch,37,Other,Pending,7,Yes,0.36
C8687-L,P68232-O,Ivan Sangha,2024-07-07,Vehicle,Agriculture,126129,126129,39716,252390,Ahmedabad,West,280,Heavy Rain,Flood Damage,Online,22,Other,Pending,15,No,0.5
C2113-E,P94253-M,Anahita Tara,2024-10-26,Vehicle,Agriculture,50720,50720,47054,297805,Chennai,South,250,Heavy Rain,Flood Damage,Mobile App,44,Female,Settled,22,No,0.17
C5149-G,P20080-Q,Hunar Bedi,2024-03-16,Property,Life,175566,175566,28734,271576,Ahmedabad,West,78,Light Rain,Crop Loss,Branch,58,Female,Settled,29,No,0.65
C9111-M,P93825-V,Gokul Mall,2024-01-24,Vehicle,Agriculture,64825,64825,43841,278241,Mumbai,West,275,Flood,Road Accident,Branch,42,Other,Settled,6,No,0.23
C8624-I,P45183-N,Jivin Singhal,2024-12-17,Health,Agriculture,116743,116743,6674,357132,Jaipur,North,53,Flood,Crop Loss,Mobile App,48,Other,Settled,5,No,0.33
C7492-C,P63128-Q,Zara Gade,2024-07-05,Vehicle,Vehicle,146499,146499,40782,208938,Hyderabad,South,213,Light Rain,Flood Damage,Agent,34,Female,Settled,10,No,0.7
C4856-A,P46850-I,Riaan Sathe,2024-03-20,Agriculture,Agriculture,80337,44744,21566,196029,Bangalore,South,292,Light Rain,House Damage,Agent,23,Female,Pending,11,No,0.41
C7751-F,P95349-Z,Veer Mandal,2024-07-24,Agriculture,Vehicle,56547,56547,8411,338518,Mumbai,West,250,Heavy Rain,Hospitalization,Mobile App,63,Other,Settled,29,No,0.17
C7169-E,P24132-O,Taimur Ratti,2024-08-28,Health,Health,82459,82459,12213,343579,Jaipur,North,260,Light Rain,Flood Damage,Branch,31,Other,Settled,3,No,0.24
C1145-C,P17914-L,Ela Kapur,2024-01-07,Property,Agriculture,375547,196483,39875,581380,Mumbai,West,131,Heavy Rain,Crop Loss,Mobile App,40,Female,Rejected,15,No,0.65
C7411-O,P40141-G,Arhaan Goda,2024-07-05,Health,Vehicle,147348,147348,29734,440186,Pune,West,179,Moderate Rain,Crop Loss,Branch,69,Male,Rejected,9,No,0.33
C3616-W,P31143-V,Tanya Sant,2024-08-21,Property,Property,410505,410505,35786,496317,Lucknow,North,63,Heavy Rain,Flood Damage,Mobile App,21,Female,Rejected,14,No,0.83
C9558-B,P89086-U,Faiyaz Randhawa,2024-07-21,Agriculture,Agriculture,166133,166133,28089,229933,Lucknow,North,56,Heavy Rain,Crop Loss,Branch,37,Other,Pending,19,No,0.72
C1898-C,P96674-R,Ranbir Dhar,2024-02-01,Vehicle,Property,33419,33419,43662,288547,Delhi,North,79,Flood,Crop Loss,Online,37,Female,Settled,5,No,0.12
C5331-U,P55685-R,Yashvi Barad,2024-08-07,Agriculture,Health,239009,239009,44490,469038,Delhi,North,207,Moderate Rain,Road Accident,Mobile App,28,Female,Settled,20,Yes,0.51
C8379-V,P63843-F,Nayantara Goswami,2024-03-09,Health,Property,23229,17040,38490,211575,Mumbai,West,262,Flood,Road Accident,Branch,48,Female,Settled,5,Yes,0.11
C3728-Q,P47885-M,Amira Rattan,2024-10-11,Property,Health,159946,159946,25981,356989,Mumbai,West,94,Flood,House Damage,Mobile App,36,Other,Pending,28,No,0.45
C2458-E,P79324-J,Vanya Ramaswamy,2024-08-09,Health,Life,67733,67733,8547,188821,Mumbai,West,152,Moderate Rain,House Damage,Branch,30,Female,Settled,3,No,0.36
C7196-Q,P91711-P,Purab Shukla,2024-03-16,Property,Health,440514,440514,38400,599751,Hyderabad,South,248,Moderate Rain,Crop Loss,Online,68,Female,Settled,21,No,0.73
C5376-G,P83722-B,Ritvik Shanker,2024-08-03,Agriculture,Property,115454,115454,27589,250439,Ahmedabad,West,173,Light Rain,Flood Damage,Mobile App,29,Female,Settled,24,No,0.46
C7280-K,P40467-N,Siya Bail,2024-02-01,Vehicle,Vehicle,97609,91796,36255,173822,Jaipur,North,173,Flood,House Damage,Agent,47,Other,Settled,27,No,0.56
C5220-Q,P49211-S,Mishti Raj,2024-07-09,Vehicle,Property,50455,50455,20193,167523,Kolkata,East,255,Light Rain,Flood Damage,Agent,21,Male,Settled,16,No,0.3
C4851-S,P12857-R,Trisha Sathe,2024-12-21,Property,Health,477696,477696,20522,590751,Mumbai,West,180,Light Rain,Crop Loss,Branch,19,Male,Pending,30,No,0.81
C3269-A,P61583-E,Sahil Sidhu,2024-03-05,Agriculture,Life,114297,114297,22487,361275,Ahmedabad,West,51,Heavy Rain,Flood Damage,Agent,26,Female,Pending,10,No,0.32
C8812-J,P89590-A,Kiara Kothari,2024-02-24,Vehicle,Vehicle,35681,35681,30691,108421,Jaipur,North,157,Light Rain,House Damage,Online,26,Other,Settled,7,No,0.33
C7866-L,P92446-K,Ira Hora,2024-01-19,Agriculture,Life,205167,136520,31586,352212,Lucknow,North,100,Light Rain,House Damage,Agent,53,Female,Pending,18,No,0.58
C8198-D,P77509-U,Kartik Jaggi,2024-11-06,Health,Life,143066,143066,47772,303602,Pune,West,263,Heavy Rain,Hospitalization,Agent,35,Other,Settled,21,No,0.47
C5264-A,P12482-L,Kavya Bali,2024-06-23,Health,Health,167452,167452,35967,365907,Mumbai,West,69,Heavy Rain,Flood Damage,Online,59,Female,Pending,9,No,0.46
C5502-N,P14088-W,Hansh Kamdar,2024-08-07,Property,Vehicle,311975,311975,23720,551505,Kolkata,East,113,Flood,House Damage,Branch,19,Other,Settled,27,No,0.57
C1964-P,P83276-N,Misha Upadhyay,2024-04-21,Property,Property,183758,183758,43189,425376,Pune,West,147,Light Rain,Crop Loss,Mobile App,18,Male,Pending,9,No,0.43
C1218-F,P40566-S,Tushar Lala,2024-01-16,Agriculture,Health,72029,72029,36997,234044,Bangalore,South,266,Heavy Rain,Hospitalization,Mobile App,52,Male,Pending,28,No,0.31
C3651-D,P61008-H,Badal Bora,2024-12-23,Agriculture,Health,185007,185007,14634,391514,Jaipur,North,62,Light Rain,Flood Damage,Online,35,Female,Pending,17,No,0.47
C2665-N,P61029-D,Zain Dugar,2024-03-13,Health,Agriculture,196478,196478,42528,260115,Hyderabad,South,241,Flood,Crop Loss,Online,23,Female,Pending,28,No,0.76
C3820-V,P52750-B,Jivika Thakkar,2024-12-02,Health,Property,138007,138007,19494,423236,Bangalore,South,167,Moderate Rain,Road Accident,Mobile App,34,Female,Pending,18,No,0.33
C1001-Y,P93980-R,Siya Sani,2024-09-17,Vehicle,Vehicle,67003,67003,40455,198518,Delhi,North,145,Heavy Rain,House Damage,Online,47,Other,Pending,4,No,0.34
C9499-D,P27876-P,Shayak Banerjee,2024-05-17,Health,Vehicle,184988,184988,41895,298235,Bangalore,South,89,Heavy Rain,Flood Damage,Mobile App,59,Female,Settled,29,Yes,0.62
C3445-F,P44921-E,Jivika Sarraf,2024-09-26,Health,Agriculture,154733,154733,20056,320528,Kolkata,East,212,Moderate Rain,Road Accident,Agent,69,Male,Settled,19,No,0.48
C9509-G,P63856-H,Nirvaan Ganguly,2024-03-21,Health,Life,78108,78108,31224,348260,Pune,West,140,Moderate Rain,Road Accident,Branch,69,Male,Settled,4,No,0.22
C8112-E,P51194-U,Rohan Dutta,2024-08-13,Agriculture,Vehicle,135497,135497,30844,407568,Chennai,South,119,Moderate Rain,Crop Loss,Branch,59,Other,Settled,3,No,0.33
C4041-K,P53246-V,Riya Shroff,2024-01-24,Agriculture,Agriculture,171043,171043,15288,417625,Delhi,North,245,Flood,Hospitalization,Branch,37,Other,Pending,6,No,0.41
C6304-U,P44892-X,Umang Ramachandran,2024-07-21,Property,Vehicle,478605,478605,43498,674422,Hyderabad,South,153,Heavy Rain,Crop Loss,Branch,62,Male,Pending,11,No,0.71
C3794-Y,P24396-Y,Neelofar Boase,2024-12-22,Property,Agriculture,151176,151176,34747,266423,Kolkata,East,226,Heavy Rain,Road Accident,Agent,43,Male,Settled,6,No,0.57
C1343-T,P70633-V,Romil Bhatti,2024-01-07,Agriculture,Life,199602,199602,28216,310778,Mumbai,West,134,Flood,Road Accident,Online,18,Other,Settled,10,No,0.64
C8729-W,P19310-W,Indrajit Vohra,2024-03-26,Property,Life,375889,375889,43337,430103,Mumbai,West,260,Heavy Rain,Hospitalization,Branch,59,Female,Rejected,28,No,0.87
C7400-Q,P16627-H,Nakul Bhasin,2024-07-28,Property,Property,477561,477561,9172,559640,Chennai,South,124,Light Rain,Hospitalization,Agent,20,Male,Rejected,17,No,0.85
C8647-H,P87500-J,Rasha Vig,2024-09-26,Agriculture,Agriculture,270743,270743,12407,543192,Mumbai,West,243,Moderate Rain,Hospitalization,Branch,22,Male,Pending,10,No,0.5
C7718-C,P77794-A,Jivika Madan,2024-03-12,Agriculture,Health,74014,74014,28470,250094,Jaipur,North,252,Flood,Road Accident,Mobile App,62,Other,Settled,28,Yes,0.3
C6751-L,P79275-O,Stuvan Kant,2024-04-24,Vehicle,Property,72376,72376,26844,343302,Kolkata,East,117,Moderate Rain,Crop Loss,Mobile App,34,Male,Settled,21,No,0.21
C5040-M,P35555-W,Aayush Banik,2024-10-10,Vehicle,Agriculture,52917,52917,49325,132067,Lucknow,North,74,Flood,Road Accident,Mobile App,35,Female,Settled,24,No,0.4
C9336-G,P79832-H,Nakul Devan,2024-08-06,Agriculture,Life,269354,269354,22363,541400,Delhi,North,76,Moderate Rain,Hospitalization,Mobile App,66,Female,Settled,24,No,0.5
C5788-C,P42304-E,Darshit Zacharia,2024-11-22,Health,Health,122385,122385,21051,314052,Delhi,North,197,Light Rain,Road Accident,Online,19,Other,Pending,14,No,0.39
C6211-C,P34971-I,Vihaan Kapoor,2024-11-17,Vehicle,Health,91270,91270,11660,187967,Jaipur,North,222,Heavy Rain,House Damage,Branch,49,Other,Settled,8,No,0.49
C7266-K,P36337-S,Anvi Chander,2024-09-14,Vehicle,Vehicle,102288,102288,47308,349168,Lucknow,North,50,Heavy Rain,Flood Damage,Branch,59,Female,Rejected,10,No,0.29
C1307-T,P29621-O,Rohan Zachariah,2024-04-22,Vehicle,Property,90581,90581,18600,153255,Bangalore,South,190,Flood,Road Accident,Mobile App,39,Other,Settled,23,No,0.59
C4421-K,P38010-X,Yuvraj  Swaminathan,2024-06-02,Health,Agriculture,116807,116807,18972,303385,Mumbai,West,289,Heavy Rain,House Damage,Branch,57,Other,Settled,17,No,0.39
C5489-Q,P35600-U,Kiara Bahri,2024-04-29,Vehicle,Vehicle,76048,76048,20922,344269,Mumbai,West,142,Light Rain,Crop Loss,Online,64,Male,Settled,29,No,0.22
C5316-K,P92288-T,Heer Babu,2024-06-13,Vehicle,Agriculture,147680,111968,42541,421457,Ahmedabad,West,259,Flood,House Damage,Branch,54,Male,Rejected,11,No,0.35
C4270-O,P77971-L,Ela Vaidya,2024-01-24,Property,Health,156635,156635,30433,276586,Mumbai,West,208,Light Rain,Crop Loss,Online,24,Male,Settled,23,No,0.57
C2474-T,P92579-Y,Armaan Chaudhuri,2024-03-12,Property,Health,146068,101779,34395,420262,Ahmedabad,West,184,Heavy Rain,Flood Damage,Branch,61,Female,Rejected,24,No,0.35
C4228-N,P97938-T,Jayesh Iyer,2024-04-30,Agriculture,Agriculture,172787,172787,29153,446993,Lucknow,North,152,Heavy Rain,House Damage,Mobile App,43,Other,Settled,25,No,0.39
C4249-U,P90241-N,Zeeshan Lata,2024-09-05,Property,Property,323806,234838,32041,562764,Jaipur,North,104,Flood,Hospitalization,Agent,70,Male,Settled,13,No,0.58
C2138-R,P57215-A,Sahil Sani,2024-04-10,Property,Property,341599,341599,27185,498692,Chennai,South,191,Moderate Rain,Crop Loss,Agent,62,Female,Settled,21,No,0.68
C1682-Q,P26698-C,Indrajit Bhakta,2024-11-21,Agriculture,Property,109386,109386,24038,313331,Kolkata,East,280,Moderate Rain,Flood Damage,Branch,46,Female,Settled,4,No,0.35
C6864-L,P29338-I,Riaan Bhasin,2024-06-03,Health,Agriculture,47068,47068,33194,239961,Mumbai,West,133,Light Rain,Hospitalization,Branch,41,Male,Settled,5,No,0.2
C4646-O,P59859-E,Prisha Deep,2024-06-06,Vehicle,Agriculture,88411,88411,36445,339727,Bangalore,South,208,Flood,Hospitalization,Mobile App,47,Female,Pending,21,No,0.26
C9703-A,P30218-Z,Hiran Agrawal,2024-11-28,Vehicle,Agriculture,143729,143729,32723,412608,Ahmedabad,West,180,Light Rain,Hospitalization,Branch,24,Other,Settled,26,No,0.35
C6437-O,P41496-H,Faiyaz Kothari,2024-10-02,Health,Vehicle,91602,91602,12285,342441,Bangalore,South,266,Moderate Rain,Hospitalization,Agent,30,Female,Pending,12,No,0.27
C9399-N,P30860-C,Vidur Sastry,2024-07-18,Agriculture,Health,181354,181354,16097,346865,Chennai,South,273,Heavy Rain,Crop Loss,Mobile App,69,Male,Settled,9,No,0.52
C4190-D,P17272-I,Neelofar Seshadri,2024-07-12,Health,Agriculture,103929,103929,25513,292349,Lucknow,North,139,Moderate Rain,House Damage,Branch,33,Male,Settled,11,No,0.36
C3319-L,P48010-K,Navya Lala,2024-04-14,Agriculture,Life,99129,99129,12806,318631,Jaipur,North,118,Moderate Rain,Road Accident,Branch,63,Female,Settled,8,No,0.31
C2509-U,P17807-R,Misha Ramachandran,2024-05-16,Property,Life,233944,129381,29070,532484,Delhi,North,151,Moderate Rain,Crop Loss,Branch,57,Female,Settled,22,No,0.44
C4627-G,P22062-S,Jayan Chauhan,2024-08-24,Property,Life,403525,403525,8299,518855,Ahmedabad,West,81,Light Rain,Hospitalization,Branch,42,Male,Pending,16,No,0.78
C9005-N,P24046-C,Zara Bassi,2024-05-25,Agriculture,Life,52703,52703,41392,344258,Chennai,South,194,Light Rain,Flood Damage,Mobile App,26,Male,Settled,6,No,0.15
C3507-B,P88280-K,Parinaaz Bumb,2024-08-14,Agriculture,Agriculture,103927,103927,6548,181536,Jaipur,North,285,Flood,Flood Damage,Agent,21,Male,Settled,10,No,0.57
C3451-Q,P25811-X,Pranay Sahni,2024-10-09,Health,Agriculture,135227,135227,10766,248207,Lucknow,North,139,Moderate Rain,Hospitalization,Branch,57,Other,Settled,8,No,0.54
C1020-U,P87038-X,Anika Comar,2024-02-10,Property,Life,141728,141728,12275,331962,Delhi,North,233,Heavy Rain,Crop Loss,Branch,42,Male,Settled,11,No,0.43
C2750-D,P77651-P,Vivaan Dugar,2024-12-10,Agriculture,Vehicle,51142,51142,38629,313945,Jaipur,North,126,Light Rain,Crop Loss,Branch,51,Other,Settled,10,No,0.16
C9652-T,P70039-C,Shanaya Sengupta,2024-03-21,Agriculture,Life,218311,218311,33746,357674,Jaipur,North,130,Light Rain,Hospitalization,Mobile App,54,Female,Settled,11,No,0.61
C6728-P,P53131-L,Yakshit Bhalla,2024-12-12,Agriculture,Life,56085,56085,43309,149880,Hyderabad,South,70,Heavy Rain,House Damage,Agent,27,Female,Settled,26,No,0.37
C2341-G,P31169-P,Ojas Kakar,2024-05-11,Vehicle,Vehicle,101633,101633,43998,332728,Mumbai,West,263,Moderate Rain,Crop Loss,Agent,21,Male,Pending,24,No,0.31
C8291-L,P36327-A,Chirag Dutt,2024-06-20,Agriculture,Agriculture,205929,205929,16947,468197,Jaipur,North,218,Heavy Rain,Crop Loss,Agent,48,Female,Settled,21,No,0.44
C3548-E,P50147-V,Aradhya Bakshi,2024-12-13,Vehicle,Agriculture,144974,144974,30007,387966,Lucknow,North,192,Flood,Hospitalization,Mobile App,62,Other,Pending,3,No,0.37
C2199-G,P90007-C,Kismat Ratta,2024-06-28,Property,Agriculture,217855,217855,44617,350054,Lucknow,North,92,Flood,Flood Damage,Agent,67,Male,Settled,12,No,0.62
C8706-N,P42514-N,Shalv Srinivas,2024-01-20,Agriculture,Health,55057,43685,17512,266083,Lucknow,North,103,Moderate Rain,Crop Loss,Branch,50,Male,Settled,16,No,0.21
C2923-E,P17279-R,Stuvan Verma,2024-07-21,Vehicle,Agriculture,104262,104262,10822,168731,Chennai,South,185,Light Rain,Flood Damage,Branch,57,Female,Pending,21,No,0.62
C9809-B,P92149-S,Misha Chander,2024-09-13,Health,Agriculture,185163,185163,34505,374674,Ahmedabad,West,84,Moderate Rain,Hospitalization,Online,66,Male,Settled,11,No,0.49
C7421-A,P93989-G,Tara Kibe,2024-03-29,Health,Health,158453,158453,40350,221619,Kolkata,East,231,Light Rain,Road Accident,Branch,63,Male,Pending,20,No,0.71
C1077-E,P50427-A,Vedika Tella,2024-09-21,Health,Life,66256,66256,11600,216828,Ahmedabad,West,52,Flood,Crop Loss,Mobile App,58,Female,Settled,12,No,0.31
C2062-Y,P82540-Y,Tiya Setty,2024-06-09,Agriculture,Health,55928,55928,12065,117077,Jaipur,North,67,Heavy Rain,Crop Loss,Online,46,Male,Settled,23,No,0.48
C7690-Z,P19309-L,Indrans Subramaniam,2024-12-23,Property,Life,197281,197281,37862,327926,Pune,West,126,Moderate Rain,Flood Damage,Branch,35,Other,Settled,19,No,0.6
C1985-F,P90793-Q,Shalv Trivedi,2024-10-19,Vehicle,Health,90703,90703,42555,301857,Mumbai,West,122,Moderate Rain,House Damage,Agent,56,Other,Pending,24,Yes,0.3
C2145-A,P64340-Y,Ishaan Barad,2024-01-24,Agriculture,Health,219147,219147,17465,413112,Chennai,South,193,Heavy Rain,Road Accident,Online,33,Other,Pending,4,No,0.53
C1927-S,P10007-O,Mishti Aggarwal,2024-10-30,Agriculture,Agriculture,247117,247117,27112,421809,Chennai,South,155,Light Rain,House Damage,Agent,53,Male,Settled,5,No,0.59
C8950-J,P73915-Y,Hrishita Chander,2024-03-22,Vehicle,Vehicle,44426,44426,9616,104463,Ahmedabad,West,272,Heavy Rain,Flood Damage,Mobile App,20,Male,Settled,13,No,0.43
C7347-A,P56816-Z,Hiran Garde,2024-02-01,Vehicle,Property,43709,43709,8834,161509,Chennai,South,112,Heavy Rain,Flood Damage,Branch,47,Female,Settled,16,No,0.27
C7963-Q,P54855-O,Lavanya Devi,2024-04-20,Agriculture,Property,285162,285162,8545,352781,Ahmedabad,West,296,Heavy Rain,Flood Damage,Agent,47,Male,Pending,11,No,0.81
C6275-G,P57940-N,Aradhya Kar,2024-09-15,Agriculture,Property,211537,211537,18731,336636,Lucknow,North,169,Flood,Crop Loss,Branch,38,Male,Pending,6,No,0.63
C2633-T,P63784-T,Hunar Mannan,2024-07-04,Vehicle,Property,62404,62404,11192,224303,Bangalore,South,298,Moderate Rain,Crop Loss,Branch,65,Female,Settled,24,No,0.28
C8532-F,P10888-N,Kashvi Borde,2024-09-21,Property,Health,263683,263683,11016,438507,Chennai,South,70,Light Rain,Hospitalization,Online,54,Female,Rejected,6,No,0.6
C7153-C,P22902-M,Seher Kalla,2024-12-15,Vehicle,Property,112850,112850,48581,352344,Lucknow,North,139,Flood,Crop Loss,Agent,41,Male,Pending,16,No,0.32
C4576-X,P44652-P,Navya Som,2024-06-03,Vehicle,Property,46741,24486,24191,299828,Bangalore,South,103,Heavy Rain,Crop Loss,Agent,24,Other,Settled,25,No,0.16
C6212-C,P99974-O,Dharmajan Batra,2024-08-18,Property,Health,412404,412404,7517,610882,Jaipur,North,109,Flood,Hospitalization,Mobile App,21,Other,Settled,18,Yes,0.68
C1086-X,P25782-K,Neysa Kothari,2024-08-03,Property,Vehicle,475597,475597,29775,749758,Mumbai,West,202,Flood,Crop Loss,Mobile App,52,Other,Pending,27,No,0.63
C7725-P,P45452-B,Reyansh Basu,2024-12-01,Agriculture,Health,278273,278273,26608,333896,Ahmedabad,West,255,Heavy Rain,Flood Damage,Branch,44,Other,Settled,20,No,0.83
C4538-N,P94901-T,Vaibhav Sabharwal,2024-07-18,Property,Health,126050,126050,38436,277081,Chennai,South,237,Moderate Rain,Flood Damage,Agent,69,Other,Pending,20,No,0.45
C4658-C,P59423-I,Jivin Kannan,2024-11-14,Property,Life,438801,438801,32844,515230,Pune,West,255,Light Rain,Crop Loss,Mobile App,67,Other,Pending,13,No,0.85
C8451-Q,P66418-A,Anya Rajagopalan,2024-04-21,Property,Agriculture,332152,332152,49599,589971,Pune,West,130,Heavy Rain,Road Accident,Online,57,Other,Settled,18,No,0.56
C6137-Y,P25804-F,Advik Mammen,2024-05-09,Property,Life,257349,194997,25592,308485,Chennai,South,174,Flood,Hospitalization,Branch,63,Other,Settled,20,No,0.83
C7844-G,P25057-H,Saanvi Ram,2024-12-16,Agriculture,Life,68878,68878,31552,236233,Ahmedabad,West,165,Heavy Rain,Flood Damage,Online,25,Male,Pending,19,No,0.29
C4510-H,P67873-J,Darshit Barad,2024-04-28,Agriculture,Property,70349,70349,46613,334356,Mumbai,West,121,Flood,Crop Loss,Online,64,Female,Settled,16,No,0.21
C4987-Z,P85488-H,Vanya Apte,2024-10-13,Agriculture,Vehicle,288383,288383,45541,344834,Kolkata,East,123,Flood,House Damage,Branch,54,Male,Settled,29,No,0.84
C2578-L,P66911-S,Tanya Balakrishnan,2024-07-16,Property,Property,187790,105338,41361,475651,Pune,West,64,Moderate Rain,Flood Damage,Agent,27,Other,Settled,12,No,0.39
C3332-G,P31196-B,Dhruv Gole,2024-06-14,Vehicle,Agriculture,52940,52940,13651,258795,Kolkata,East,78,Heavy Rain,Road Accident,Mobile App,44,Male,Settled,12,No,0.2
C4329-M,P76557-L,Lakshay Shan,2024-02-12,Agriculture,Vehicle,209445,209445,23991,302186,Lucknow,North,255,Flood,Crop Loss,Agent,29,Other,Settled,18,No,0.69
C2569-C,P53399-B,Ishita Sundaram,2024-05-28,Property,Vehicle,374707,374707,36997,439339,Kolkata,East,64,Moderate Rain,Crop Loss,Online,32,Male,Settled,25,No,0.85
C5035-F,P51217-U,Adira Mani,2024-03-01,Vehicle,Life,43208,43208,14940,146859,Hyderabad,South,73,Moderate Rain,House Damage,Mobile App,66,Male,Settled,9,No,0.29
C9920-W,P43642-Z,Kavya Chander,2024-04-09,Agriculture,Property,117330,117330,13852,380195,Hyderabad,South,242,Moderate Rain,Flood Damage,Online,37,Other,Settled,8,No,0.31
C2927-B,P75670-G,Kashvi Shukla,2024-11-03,Agriculture,Property,67915,67915,31969,262245,Mumbai,West,211,Light Rain,Crop Loss,Online,22,Female,Settled,22,No,0.26
C2776-X,P52236-Q,Reyansh Lall,2024-09-16,Vehicle,Property,125448,125448,38660,356645,Bangalore,South,250,Flood,Road Accident,Mobile App,31,Female,Settled,9,No,0.35
C6728-B,P86354-P,Myra Behl,2024-08-31,Health,Property,196331,196331,12025,427333,Delhi,North,58,Flood,Road Accident,Agent,27,Male,Pending,7,No,0.46
C7037-N,P23443-T,Nayantara Wali,2024-12-18,Health,Agriculture,71228,71228,5960,269569,Mumbai,West,101,Heavy Rain,Crop Loss,Online,57,Male,Rejected,20,No,0.26
C4726-Q,P12882-W,Eshani Kumer,2024-11-10,Health,Health,126949,126949,6886,251839,Jaipur,North,92,Light Rain,Hospitalization,Branch,57,Female,Settled,8,No,0.5
C5339-E,P65611-B,Vihaan Kumar,2024-06-20,Vehicle,Vehicle,60879,60879,7870,292773,Delhi,North,291,Flood,Flood Damage,Mobile App,21,Male,Settled,24,No,0.21
C6591-M,P26203-V,Pranay Magar,2024-04-30,Agriculture,Vehicle,103451,103451,40541,389163,Lucknow,North,53,Light Rain,Hospitalization,Branch,26,Female,Settled,28,No,0.27
C9020-I,P47777-O,Rohan Kaur,2024-01-19,Health,Health,81888,81888,17052,178127,Chennai,South,137,Flood,House Damage,Branch,30,Other,Settled,30,No,0.46
C6002-S,P29751-A,Anahita Sarna,2024-11-25,Vehicle,Health,129324,129324,35536,251768,Chennai,South,181,Moderate Rain,House Damage,Branch,54,Male,Settled,15,No,0.51
C1433-Y,P39537-W,Anaya Ahuja,2024-04-21,Health,Health,90087,90087,48456,146326,Pune,West,180,Heavy Rain,House Damage,Branch,54,Female,Pending,18,No,0.62
C8730-C,P79409-R,Dhanush Chaudhari,2024-11-07,Property,Health,185278,185278,34222,307497,Bangalore,South,76,Flood,Crop Loss,Agent,47,Male,Pending,22,No,0.6
C3182-F,P74800-J,Baiju Bhat,2024-10-22,Agriculture,Agriculture,61213,61213,38854,130985,Kolkata,East,237,Flood,House Damage,Agent,66,Female,Settled,10,No,0.47
C5185-X,P36413-A,Pranay Wagle,2024-01-18,Health,Life,162603,112012,38270,327253,Jaipur,North,193,Flood,House Damage,Mobile App,49,Female,Settled,23,No,0.5
C7715-R,P47613-G,Armaan Sahota,2024-09-07,Health,Property,132175,132175,7424,332961,Ahmedabad,West,114,Heavy Rain,Road Accident,Mobile App,27,Female,Rejected,30,No,0.4
C5601-Q,P71725-H,Indrans Chanda,2024-08-24,Health,Health,110780,110780,10295,168673,Hyderabad,South,196,Light Rain,Road Accident,Mobile App,24,Male,Settled,19,No,0.66
C1767-N,P68490-V,Inaaya  Hayer,2024-08-12,Agriculture,Life,99263,99263,48228,250627,Chennai,South,228,Moderate Rain,Flood Damage,Branch,47,Other,Settled,10,No,0.4
C1889-Z,P13415-A,Ela Dora,2024-08-14,Agriculture,Life,250788,250788,7757,475041,Chennai,South,284,Flood,Hospitalization,Branch,22,Other,Settled,16,No,0.53
C9001-K,P73197-K,Shalv Tara,2024-02-13,Agriculture,Health,225172,225172,21678,440930,Hyderabad,South,241,Moderate Rain,House Damage,Agent,55,Other,Pending,24,No,0.51
C9869-B,P63695-M,Fateh Chopra,2024-07-14,Property,Property,158135,158135,39105,345186,Lucknow,North,63,Moderate Rain,Road Accident,Agent,25,Female,Settled,14,No,0.46
C3564-D,P81669-Z,Shayak Badami,2024-02-26,Health,Vehicle,177483,177483,18485,416474,Pune,West,284,Light Rain,House Damage,Online,27,Female,Pending,17,No,0.43
C5273-C,P66685-Q,Pari Sanghvi,2024-11-06,Vehicle,Health,111411,111411,35175,348187,Bangalore,South,246,Heavy Rain,Crop Loss,Online,24,Other,Settled,7,No,0.32
C3497-M,P81953-P,Shanaya Soman,2024-05-04,Health,Life,192872,192872,30108,297480,Mumbai,West,238,Flood,Crop Loss,Branch,68,Other,Settled,19,Yes,0.65
C8311-N,P46781-O,Vivaan Thaker,2024-10-27,Health,Agriculture,66991,66991,47811,164473,Chennai,South,199,Moderate Rain,Road Accident,Agent,62,Male,Settled,11,No,0.41
C9296-O,P12006-N,Prerak Bajwa,2024-05-27,Property,Health,357151,357151,48240,429645,Lucknow,North,284,Light Rain,Flood Damage,Agent,35,Female,Settled,8,No,0.83
C5557-J,P79280-K,Jhanvi Mannan,2024-07-24,Property,Agriculture,406313,406313,35033,505687,Jaipur,North,190,Flood,Road Accident,Branch,33,Female,Settled,17,No,0.8
C3674-B,P27629-T,Advika Anand,2024-01-22,Agriculture,Health,259247,259247,49099,336676,Jaipur,North,101,Moderate Rain,Road Accident,Agent,37,Other,Settled,27,No,0.77
C6128-Q,P61622-C,Zara Sarkar,2024-09-24,Health,Agriculture,102531,102531,24313,222963,Mumbai,West,162,Moderate Rain,House Damage,Online,36,Male,Pending,9,No,0.46
C4929-J,P78773-F,Nirvi Sarma,2024-01-25,Vehicle,Property,97127,97127,26352,195453,Hyderabad,South,288,Flood,Road Accident,Mobile App,42,Male,Settled,5,No,0.5
C4346-Z,P94297-A,Damini Reddy,2024-03-26,Agriculture,Life,166639,166639,23131,371550,Hyderabad,South,165,Flood,Road Accident,Mobile App,64,Female,Settled,4,No,0.45
C2251-J,P91862-V,Shray Ganguly,2024-11-30,Vehicle,Agriculture,65650,65650,19775,343635,Jaipur,North,285,Heavy Rain,House Damage,Branch,53,Female,Settled,18,No,0.19
C4371-E,P92933-Y,Sumer Kade,2024-09-09,Vehicle,Vehicle,91332,91332,27127,383187,Hyderabad,South,80,Flood,Hospitalization,Online,53,Male,Pending,10,No,0.24
C5616-T,P90973-S,Bhamini Chawla,2024-09-18,Property,Property,405989,348195,39032,585427,Kolkata,East,261,Heavy Rain,Hospitalization,Branch,29,Male,Rejected,30,No,0.69
C5714-S,P64282-T,Rati Bhatt,2024-10-17,Health,Health,43546,43546,7890,291458,Delhi,North,141,Light Rain,Flood Damage,Branch,33,Other,Settled,28,No,0.15
C4593-W,P56164-H,Tarini Gade,2024-11-06,Property,Property,135510,135510,48079,336088,Delhi,North,124,Heavy Rain,Flood Damage,Online,31,Male,Settled,15,No,0.4
C8991-R,P62257-Z,Aaryahi Verma,2024-02-20,Health,Agriculture,116151,116151,20768,349334,Pune,West,259,Moderate Rain,Hospitalization,Mobile App,54,Female,Settled,13,No,0.33
C7354-A,P50508-U,Hrishita Vala,2024-12-21,Health,Agriculture,80977,80977,25648,149993,Bangalore,South,146,Light Rain,Road Accident,Online,48,Female,Pending,26,No,0.54
C8133-W,P30271-R,Arnav Roy,2024-01-24,Agriculture,Property,164579,164579,19038,395464,Mumbai,West,275,Flood,Hospitalization,Agent,67,Other,Pending,20,No,0.42
C1480-G,P90404-J,Nitara Ghose,2024-06-14,Health,Agriculture,147382,147382,21578,323650,Mumbai,West,82,Light Rain,Hospitalization,Mobile App,46,Other,Settled,18,No,0.46
C8520-N,P77119-O,Neelofar Basu,2024-03-29,Vehicle,Health,123953,123953,33922,254272,Mumbai,West,281,Moderate Rain,Crop Loss,Online,45,Female,Settled,20,No,0.49
C9831-J,P69895-F,Kashvi Chauhan,2024-05-06,Health,Vehicle,135850,135850,11703,392372,Kolkata,East,147,Flood,House Damage,Agent,60,Female,Settled,15,No,0.35
C6880-G,P97435-Z,Vritika Issac,2024-08-14,Agriculture,Property,51028,51028,11462,171033,Ahmedabad,West,155,Flood,Flood Damage,Branch,31,Other,Settled,23,No,0.3
C2185-N,P95042-X,Tejas Ranganathan,2024-11-18,Health,Life,112212,112212,33104,369112,Mumbai,West,157,Light Rain,Hospitalization,Branch,30,Other,Rejected,17,No,0.3
C5916-Q,P55880-L,Anika Bhagat,2024-12-06,Vehicle,Health,131918,131918,32203,185619,Chennai,South,297,Heavy Rain,House Damage,Agent,50,Female,Settled,27,Yes,0.71
C9952-V,P82438-H,Manjari Dara,2024-02-05,Vehicle,Agriculture,35774,35774,15784,231737,Jaipur,North,279,Heavy Rain,Flood Damage,Agent,23,Male,Settled,30,No,0.15
C2889-B,P47249-E,Ela Kaul,2024-08-05,Agriculture,Health,78928,78928,34717,276175,Hyderabad,South,259,Light Rain,Road Accident,Agent,25,Male,Settled,6,No,0.29
C3742-R,P74787-R,Saira Goel,2024-09-10,Agriculture,Health,113189,113189,10037,226547,Hyderabad,South,84,Moderate Rain,Road Accident,Agent,64,Female,Settled,13,No,0.5
C1648-P,P15561-N,Sara Choudhary,2024-08-03,Health,Life,56822,56822,5625,333867,Kolkata,East,221,Light Rain,Flood Damage,Mobile App,60,Other,Settled,5,No,0.17
C8553-W,P89086-N,Kartik Sampath,2024-09-18,Property,Property,147258,147258,46645,283240,Chennai,South,232,Heavy Rain,Road Accident,Mobile App,39,Other,Pending,12,No,0.52
C5026-Z,P47953-X,Charvi Bajwa,2024-10-24,Health,Property,32886,32886,10221,150147,Delhi,North,278,Light Rain,Hospitalization,Branch,32,Male,Pending,8,Yes,0.22
C6533-R,P62921-T,Adah Seshadri,2024-01-21,Health,Life,115926,115926,30350,383260,Ahmedabad,West,152,Heavy Rain,Flood Damage,Online,70,Other,Pending,13,No,0.3
C5665-R,P67285-F,Hridaan Goyal,2024-03-19,Vehicle,Agriculture,71496,71496,23206,147988,Ahmedabad,West,204,Flood,Flood Damage,Online,56,Other,Settled,7,No,0.48
C4998-B,P17632-Z,Anaya Ganesh,2024-08-26,Health,Property,152613,152613,22132,307108,Kolkata,East,53,Heavy Rain,Hospitalization,Agent,46,Other,Settled,10,No,0.5
C2349-Y,P66578-J,Alia Hegde,2024-08-03,Property,Property,238930,238930,19162,454758,Hyderabad,South,99,Flood,Road Accident,Agent,41,Male,Settled,3,No,0.53
C7135-U,P11887-G,Indranil Vora,2024-12-15,Agriculture,Property,170160,170160,26375,412602,Delhi,North,153,Light Rain,Road Accident,Branch,43,Other,Settled,7,No,0.41
C8449-P,P13111-Z,Veer Ghosh,2024-10-23,Health,Vehicle,111611,110647,12540,189080,Kolkata,East,245,Moderate Rain,Flood Damage,Branch,24,Other,Rejected,5,No,0.59
C3712-C,P61704-B,Amira Keer,2024-05-18,Vehicle,Health,99177,99177,7550,162081,Ahmedabad,West,129,Flood,House Damage,Online,28,Other,Settled,26,No,0.61
C1279-Q,P56219-I,Saira Sankaran,2024-07-10,Health,Health,24664,24664,10088,152418,Lucknow,North,165,Moderate Rain,Crop Loss,Branch,44,Other,Rejected,8,No,0.16
C2539-A,P90196-D,Taimur Dave,2024-08-23,Vehicle,Agriculture,111596,111596,16193,285140,Delhi,North,147,Moderate Rain,Road Accident,Agent,65,Other,Settled,26,No,0.39
C7834-G,P81470-H,Anahi Walia,2024-06-11,Health,Vehicle,38097,38097,17866,272625,Mumbai,West,164,Light Rain,Hospitalization,Mobile App,42,Male,Pending,26,No,0.14
C2454-Z,P82031-T,Elakshi Bhatti,2024-10-23,Health,Health,34616,34616,44896,122782,Kolkata,East,162,Moderate Rain,Hospitalization,Agent,63,Male,Pending,8,No,0.28
C2656-V,P10707-E,Shlok Uppal,2024-05-09,Property,Health,449745,283910,40906,510032,Ahmedabad,West,177,Flood,Road Accident,Branch,70,Other,Pending,21,No,0.88
C7889-I,P28626-A,Ryan Kala,2024-10-21,Vehicle,Life,108293,108293,39502,225565,Hyderabad,South,268,Heavy Rain,Flood Damage,Mobile App,68,Female,Settled,19,No,0.48
C1249-K,P60776-G,Badal Hayre,2024-07-30,Vehicle,Life,136605,87718,22225,355061,Ahmedabad,West,104,Flood,Hospitalization,Mobile App,52,Male,Pending,28,No,0.38
C8078-A,P56343-R,Tejas Dara,2024-02-08,Agriculture,Agriculture,257556,257556,15900,336973,Bangalore,South,197,Moderate Rain,Road Accident,Online,43,Other,Settled,7,No,0.76
C7202-C,P15695-Y,Jiya Bedi,2024-05-07,Vehicle,Vehicle,147136,147136,24346,378017,Ahmedabad,West,214,Light Rain,Crop Loss,Online,21,Other,Settled,4,No,0.39
C4562-P,P11760-L,Prisha Contractor,2024-07-05,Agriculture,Health,82281,82281,19789,164304,Kolkata,East,101,Moderate Rain,Hospitalization,Branch,44,Female,Pending,13,No,0.5
C5667-D,P34658-U,Samiha Rout,2024-01-03,Health,Agriculture,117481,117481,31019,376754,Kolkata,East,162,Light Rain,Flood Damage,Mobile App,63,Other,Pending,26,No,0.31
C1174-M,P20958-H,Raghav Sanghvi,2024-11-12,Health,Property,157878,157878,28335,266441,Hyderabad,South,242,Heavy Rain,Flood Damage,Branch,29,Male,Rejected,8,No,0.59
C2251-J,P88825-Y,Kiara Ghosh,2024-10-19,Agriculture,Life,298403,298403,22761,591076,Hyderabad,South,195,Moderate Rain,Flood Damage,Online,62,Other,Pending,23,No,0.5
C1260-P,P57481-Y,Raghav Bhalla,2024-04-05,Health,Life,54701,54701,49537,107167,Chennai,South,122,Light Rain,Flood Damage,Agent,33,Male,Settled,27,No,0.51
C1603-K,P18139-L,Farhan Bail,2024-08-30,Health,Life,49248,39550,19979,211127,Chennai,South,167,Moderate Rain,Road Accident,Mobile App,46,Other,Settled,21,No,0.23
C8772-Q,P42393-Y,Zara Chakraborty,2024-02-05,Health,Property,76447,49440,5359,141453,Pune,West,157,Light Rain,Crop Loss,Branch,49,Male,Settled,25,No,0.54
C8286-K,P29485-Q,Rasha Chandra,2024-09-24,Health,Life,186717,186717,41813,286686,Kolkata,East,152,Light Rain,Flood Damage,Online,35,Other,Pending,4,No,0.65
C1314-P,P98159-V,Mahika Bhagat,2024-01-25,Property,Life,363673,363673,31689,474006,Lucknow,North,277,Light Rain,Flood Damage,Agent,29,Other,Rejected,3,No,0.77
C9775-G,P87329-A,Riya Gulati,2024-10-22,Health,Health,42693,42693,18185,131172,Ahmedabad,West,287,Flood,Hospitalization,Mobile App,40,Female,Rejected,29,No,0.33
C7858-V,P83737-E,Chirag Tella,2024-11-02,Agriculture,Life,207992,207992,36792,436606,Lucknow,North,100,Heavy Rain,Road Accident,Mobile App,30,Male,Settled,5,Yes,0.48
C5260-S,P56332-R,Vaibhav Madan,2024-12-05,Vehicle,Vehicle,82066,82066,42046,182441,Delhi,North,253,Moderate Rain,Flood Damage,Branch,55,Other,Settled,5,No,0.45
C7678-O,P91790-C,Anahi Wable,2024-01-12,Property,Health,323521,323521,31503,604221,Ahmedabad,West,261,Flood,Flood Damage,Online,66,Other,Pending,11,No,0.54
C6564-O,P23067-A,Eva Hayre,2024-08-29,Property,Health,261284,261284,32800,371834,Hyderabad,South,104,Moderate Rain,Road Accident,Online,60,Male,Rejected,26,No,0.7
C8238-R,P81698-Q,Oorja Mahal,2024-01-08,Agriculture,Life,110667,110667,13343,199818,Pune,West,291,Moderate Rain,Crop Loss,Online,66,Female,Settled,29,Yes,0.55
C1143-O,P26195-M,Ehsaan Kalita,2024-06-05,Health,Agriculture,102712,102712,37877,338987,Lucknow,North,257,Heavy Rain,Hospitalization,Branch,24,Male,Settled,9,No,0.3
C8418-U,P27683-Q,Suhana Jhaveri,2024-08-25,Health,Health,60462,60462,13300,151261,Delhi,North,141,Flood,Hospitalization,Online,63,Other,Pending,11,No,0.4
C7496-B,P48539-M,Shanaya Bahl,2024-01-12,Property,Agriculture,343339,218702,27029,564040,Hyderabad,South,76,Heavy Rain,House Damage,Agent,37,Male,Settled,9,No,0.61
C1755-R,P45209-H,Vidur Ahuja,2024-06-17,Agriculture,Life,175674,166904,7753,280534,Delhi,North,116,Flood,Flood Damage,Branch,46,Female,Rejected,7,No,0.63
C3737-S,P71750-G,Samaira Handa,2024-12-15,Health,Agriculture,70575,40934,9065,200490,Delhi,North,94,Flood,Road Accident,Online,33,Female,Settled,27,No,0.35
C5561-T,P92115-X,Shray Chadha,2024-05-22,Health,Agriculture,156780,156780,38401,387628,Kolkata,East,275,Light Rain,Road Accident,Mobile App,51,Male,Rejected,16,No,0.4
C2269-P,P78024-B,Yuvraj  Kala,2024-12-10,Vehicle,Property,136169,136169,14362,295992,Lucknow,North,275,Heavy Rain,Crop Loss,Agent,27,Male,Pending,6,No,0.46
C1447-O,P88332-T,Vedika Bumb,2024-07-10,Health,Agriculture,104182,104182,19606,260341,Pune,West,223,Moderate Rain,Road Accident,Mobile App,50,Other,Settled,27,No,0.4
C7616-J,P97809-O,Kanav Soman,2024-04-18,Agriculture,Health,106976,106976,9544,254154,Bangalore,South,198,Light Rain,Hospitalization,Branch,70,Female,Settled,17,No,0.42
C7313-F,P53597-V,Himmat Chaudry,2024-06-07,Health,Life,186249,186249,49074,240604,Jaipur,North,113,Heavy Rain,Flood Damage,Online,59,Female,Pending,7,No,0.77
C7611-X,P12225-Y,Dhanuk Seth,2024-10-13,Health,Life,127131,127131,33880,321904,Jaipur,North,186,Flood,House Damage,Branch,46,Female,Settled,29,No,0.39
C1026-P,P61559-R,Shaan Aggarwal,2024-12-28,Property,Life,336784,336784,31455,406807,Lucknow,North,78,Flood,Crop Loss,Branch,37,Other,Settled,17,No,0.83
C9645-M,P38951-F,Priyansh D’Alia,2024-05-07,Agriculture,Health,226548,226548,35935,366318,Mumbai,West,161,Moderate Rain,Flood Damage,Online,27,Male,Settled,24,No,0.62
C9902-O,P16161-N,Jhanvi Basu,2024-08-24,Health,Vehicle,197356,197356,40675,331462,Hyderabad,South,122,Moderate Rain,Road Accident,Agent,58,Other,Pending,21,No,0.6
C5649-O,P88048-N,Tanya Chandra,2024-07-13,Vehicle,Vehicle,43041,43041,43469,328613,Hyderabad,South,243,Light Rain,Hospitalization,Branch,46,Other,Rejected,5,No,0.13
C4082-M,P55088-V,Khushi Kohli,2024-01-31,Health,Health,57153,57153,42663,331811,Bangalore,South,210,Light Rain,Flood Damage,Mobile App,40,Female,Settled,17,No,0.17
C9462-F,P39870-P,Siya Shetty,2024-07-08,Property,Life,307555,307555,16649,479729,Hyderabad,South,192,Heavy Rain,Flood Damage,Agent,68,Male,Settled,26,No,0.64
C9236-B,P28073-J,Ela Sidhu,2024-12-28,Health,Property,53498,53498,12428,245036,Kolkata,East,251,Moderate Rain,Hospitalization,Mobile App,60,Male,Pending,15,No,0.22
C5078-W,P44292-I,Ishita Jain,2024-06-13,Vehicle,Health,85562,85562,12067,365407,Mumbai,West,69,Flood,Road Accident,Branch,49,Male,Settled,20,No,0.23
C5472-M,P31912-W,Sumer Guha,2024-01-10,Health,Property,59862,59862,49779,323413,Lucknow,North,242,Light Rain,Hospitalization,Branch,53,Female,Settled,23,No,0.19
C4558-R,P77702-W,Manikya Garg,2024-06-25,Health,Vehicle,37924,37924,14091,312826,Mumbai,West,241,Light Rain,Crop Loss,Agent,40,Female,Settled,4,No,0.12
C4620-L,P14486-Q,Divyansh Vala,2024-12-14,Agriculture,Vehicle,299960,299960,23837,521592,Bangalore,South,140,Flood,Flood Damage,Online,43,Female,Pending,29,No,0.58
C2417-W,P68367-I,Hunar Sagar,2024-11-18,Property,Property,470916,470916,39853,732739,Delhi,North,165,Heavy Rain,Hospitalization,Mobile App,38,Other,Settled,21,No,0.64
C1151-F,P22143-L,Eva Gade,2024-03-15,Property,Health,286640,286640,34039,522418,Delhi,North,137,Heavy Rain,Flood Damage,Branch,40,Female,Settled,25,No,0.55
C5407-N,P94500-X,Manjari Kumar,2024-06-01,Agriculture,Property,215727,215727,13378,283992,Kolkata,East,100,Heavy Rain,House Damage,Online,20,Female,Settled,24,No,0.76
C2701-U,P53981-W,Azad Dey,2024-03-15,Vehicle,Agriculture,47524,47524,21676,157729,Jaipur,North,92,Flood,Hospitalization,Agent,48,Female,Pending,3,No,0.3
C6512-H,P92070-X,Hridaan Chopra,2024-12-11,Vehicle,Vehicle,51935,51935,30430,170137,Mumbai,West,108,Flood,House Damage,Online,45,Male,Settled,16,Yes,0.31
C8080-W,P82588-C,Rati Barad,2024-06-06,Property,Vehicle,376432,376432,23189,427578,Mumbai,West,198,Flood,House Damage,Mobile App,23,Other,Rejected,29,No,0.88
C3741-H,P35728-Y,Anahi Maharaj,2024-04-15,Agriculture,Agriculture,236936,236936,26062,381972,Chennai,South,267,Flood,House Damage,Agent,68,Male,Settled,12,No,0.62
C7601-K,P31709-P,Madhav Wali,2024-02-23,Agriculture,Property,163150,163150,7666,422440,Delhi,North,56,Heavy Rain,Road Accident,Mobile App,66,Male,Settled,5,No,0.39
C1604-B,P24617-H,Stuvan Kulkarni,2024-01-15,Agriculture,Property,197728,197728,22601,277377,Chennai,South,267,Heavy Rain,Hospitalization,Mobile App,23,Female,Settled,23,No,0.71
C5072-R,P17273-E,Divyansh Sharaf,2024-09-08,Health,Property,81533,71222,12264,324335,Chennai,South,158,Moderate Rain,Crop Loss,Mobile App,41,Male,Settled,27,No,0.25
C4114-G,P77062-E,Manikya De,2024-02-29,Health,Life,88271,88271,23166,320429,Mumbai,West,183,Flood,Flood Damage,Branch,30,Female,Settled,3,No,0.28
C1443-N,P14036-G,Myra Kale,2024-03-24,Agriculture,Vehicle,245172,245172,21822,511684,Hyderabad,South,190,Flood,House Damage,Branch,39,Male,Settled,7,No,0.48
C8151-J,P76061-M,Jivika Dutta,2024-03-13,Vehicle,Health,141038,141038,5197,250694,Mumbai,West,219,Heavy Rain,Crop Loss,Agent,48,Male,Settled,10,No,0.56
C8355-F,P97220-Y,Jivin Contractor,2024-04-22,Vehicle,Agriculture,57661,57661,49499,344031,Pune,West,210,Heavy Rain,Flood Damage,Online,66,Female,Rejected,23,No,0.17
C2927-M,P80071-D,Nirvaan Lad,2024-05-29,Property,Vehicle,372785,372785,21498,479067,Bangalore,South,257,Flood,Road Accident,Mobile App,24,Male,Settled,12,No,0.78
C2999-W,P72043-K,Prisha Bava,2024-06-02,Health,Health,164187,164187,39740,275773,Ahmedabad,West,83,Heavy Rain,House Damage,Online,38,Female,Settled,11,No,0.6
C9467-R,P90970-D,Farhan Dhawan,2024-12-19,Health,Life,71941,60881,37549,133275,Pune,West,91,Moderate Rain,Hospitalization,Mobile App,54,Female,Rejected,22,No,0.54
C1819-V,P26663-B,Pari Bhandari,2024-03-03,Vehicle,Life,117679,75922,49947,318190,Bangalore,South,58,Light Rain,Crop Loss,Branch,34,Female,Rejected,3,Yes,0.37
C3388-R,P11854-D,Ira Mannan,2024-06-21,Health,Property,46723,46723,48811,185946,Jaipur,North,147,Heavy Rain,Crop Loss,Branch,33,Other,Pending,15,No,0.25
C8160-M,P90870-K,Advik Varma,2024-03-01,Agriculture,Property,290390,290390,7161,444951,Mumbai,West,158,Heavy Rain,Road Accident,Branch,38,Female,Settled,11,No,0.65
C9017-Q,P11870-J,Kanav Raman,2024-05-23,Agriculture,Property,203270,203270,46417,416350,Ahmedabad,West,101,Heavy Rain,Road Accident,Agent,32,Female,Settled,15,No,0.49
C4380-A,P91195-S,Zaina Bail,2024-04-27,Vehicle,Vehicle,133102,133102,25339,341430,Kolkata,East,67,Flood,Crop Loss,Mobile App,45,Female,Pending,22,No,0.39
C7060-Q,P62841-H,Baiju Rege,2024-01-07,Vehicle,Agriculture,61066,61066,6425,146299,Kolkata,East,132,Light Rain,Crop Loss,Online,35,Other,Settled,12,No,0.42
C7410-A,P21444-C,Inaaya  Hora,2024-09-05,Property,Vehicle,194801,194801,22547,340025,Mumbai,West,67,Heavy Rain,House Damage,Mobile App,20,Other,Settled,27,No,0.57
C2888-Q,P34760-P,Shaan Kale,2024-12-15,Vehicle,Health,34495,34495,15964,255000,Lucknow,North,216,Flood,Crop Loss,Branch,58,Male,Settled,15,No,0.14
C5577-T,P49422-Q,Veer Kari,2024-04-21,Health,Agriculture,27316,27316,13044,143218,Bangalore,South,267,Light Rain,House Damage,Mobile App,29,Female,Settled,30,No,0.19
C6814-R,P56074-Z,Himmat Balan,2024-04-10,Health,Agriculture,173778,173778,20466,285873,Mumbai,West,222,Moderate Rain,House Damage,Mobile App,27,Male,Pending,17,No,0.61
C9104-P,P51825-W,Anahita Dugal,2024-02-02,Property,Vehicle,257631,257631,38201,377728,Pune,West,81,Flood,Crop Loss,Agent,64,Other,Settled,20,No,0.68
C1108-D,P91531-E,Armaan Kant,2024-10-01,Vehicle,Life,71128,56006,29266,305568,Lucknow,North,86,Moderate Rain,Flood Damage,Online,59,Other,Pending,9,No,0.23
C2684-G,P71074-E,Samaira Subramanian,2024-12-28,Agriculture,Life,146973,146973,49958,201560,Jaipur,North,206,Light Rain,House Damage,Online,50,Other,Settled,28,No,0.73
C9386-S,P41461-E,Vidur Acharya,2024-11-07,Agriculture,Agriculture,187651,106781,8271,432726,Ahmedabad,West,120,Flood,Road Accident,Online,32,Female,Settled,19,No,0.43
C1033-H,P35368-B,Alisha Viswanathan,2024-02-01,Vehicle,Agriculture,85616,85616,36849,302135,Chennai,South,79,Moderate Rain,Crop Loss,Online,21,Other,Settled,11,No,0.28
C5529-Y,P49829-R,Gokul Kumar,2024-05-24,Agriculture,Life,272177,272177,41492,528454,Jaipur,North,165,Moderate Rain,House Damage,Branch,57,Other,Pending,12,No,0.52
C5514-W,P75682-W,Neysa Dugal,2024-01-09,Health,Agriculture,37584,37584,5756,299549,Kolkata,East,93,Heavy Rain,Hospitalization,Agent,54,Other,Rejected,11,No,0.13
C5824-Z,P85299-Y,Samiha Goyal,2024-02-13,Vehicle,Life,34635,34635,38636,273896,Mumbai,West,232,Moderate Rain,Hospitalization,Agent,26,Male,Rejected,4,No,0.13
C7063-H,P57683-J,Yasmin Koshy,2024-11-14,Health,Agriculture,60151,60151,32660,133153,Bangalore,South,265,Heavy Rain,House Damage,Online,43,Male,Pending,9,No,0.45
C1817-X,P96083-G,Yakshit Bhatia,2024-03-28,Property,Health,128756,128756,32565,303874,Chennai,South,291,Flood,Flood Damage,Agent,30,Female,Pending,8,No,0.42
C2310-X,P93455-A,Yuvaan Dhawan,2024-08-08,Agriculture,Vehicle,247284,247284,24180,336126,Kolkata,East,80,Heavy Rain,Flood Damage,Mobile App,58,Female,Settled,19,No,0.74
C5115-Q,P96161-N,Shalv Master,2024-07-14,Health,Agriculture,161542,161542,14022,401232,Bangalore,South,90,Heavy Rain,Flood Damage,Mobile App,58,Female,Settled,19,No,0.4
C7632-C,P32055-S,Dhruv Srivastava,2024-12-24,Vehicle,Property,75164,75164,44644,347422,Mumbai,West,292,Heavy Rain,Road Accident,Online,38,Female,Settled,24,No,0.22
C5216-E,P58293-P,Anay Wagle,2024-08-23,Health,Property,47998,47998,7809,298425,Delhi,North,178,Heavy Rain,Crop Loss,Online,39,Female,Settled,10,No,0.16
C5834-L,P90627-F,Shalv Divan,2024-08-09,Agriculture,Agriculture,156305,156305,28071,279486,Mumbai,West,261,Heavy Rain,Flood Damage,Branch,62,Male,Settled,28,No,0.56
C2864-Y,P87830-Z,Ivana Keer,2024-06-30,Agriculture,Vehicle,170816,170816,5531,244699,Kolkata,East,276,Light Rain,Flood Damage,Mobile App,42,Other,Settled,24,Yes,0.7
C9032-N,P52830-S,Anahi Wagle,2024-03-12,Health,Health,187923,187923,40318,353653,Pune,West,145,Moderate Rain,Crop Loss,Mobile App,37,Female,Settled,5,No,0.53
C9845-S,P28691-N,Divyansh Rana,2024-02-20,Agriculture,Life,275828,275828,12403,465856,Ahmedabad,West,184,Moderate Rain,Hospitalization,Mobile App,56,Other,Settled,29,No,0.59
C1843-N,P38366-K,Samiha Subramanian,2024-08-15,Property,Health,258270,258270,22361,439482,Mumbai,West,140,Light Rain,Road Accident,Mobile App,38,Other,Pending,16,No,0.59
C5112-P,P28418-L,Keya Sachar,2024-10-27,Property,Vehicle,440241,440241,41419,630285,Pune,West,287,Moderate Rain,House Damage,Mobile App,42,Other,Pending,6,No,0.7
C9551-I,P71586-D,Saira Dhaliwal,2024-12-03,Health,Life,102526,102526,17577,287520,Chennai,South,266,Light Rain,House Damage,Mobile App,59,Female,Settled,29,No,0.36
C9922-C,P36247-P,Dhruv Kale,2024-03-15,Agriculture,Vehicle,93957,93957,5655,162141,Delhi,North,101,Flood,Road Accident,Agent,50,Male,Pending,9,No,0.58
C4597-O,P79796-Q,Himmat Khatri,2024-06-27,Health,Agriculture,86275,86275,29004,254642,Hyderabad,South,180,Moderate Rain,Crop Loss,Online,45,Male,Settled,7,No,0.34
C2559-B,P12330-G,Chirag Jani,2024-06-12,Property,Life,238589,238589,37974,372285,Mumbai,West,292,Light Rain,Flood Damage,Branch,52,Other,Rejected,6,No,0.64
C3723-F,P30849-Y,Tara Bajwa,2024-09-18,Agriculture,Vehicle,83900,83900,45047,264399,Mumbai,West,245,Flood,House Damage,Branch,45,Other,Rejected,30,No,0.32
C7709-N,P27879-N,Seher Kapur,2024-07-28,Vehicle,Agriculture,134925,134925,5604,412516,Delhi,North,125,Heavy Rain,Flood Damage,Mobile App,21,Female,Pending,23,No,0.33
C8653-J,P87930-W,Anika Apte,2024-03-26,Vehicle,Property,80733,80733,39424,235993,Delhi,North,155,Heavy Rain,Road Accident,Mobile App,31,Other,Pending,30,No,0.34
C1090-Z,P12253-V,Vardaniya Deep,2024-10-16,Agriculture,Health,278223,278223,38933,406031,Mumbai,West,148,Moderate Rain,Flood Damage,Online,37,Other,Settled,4,Yes,0.69
C1915-X,P17980-W,Kanav Bail,2024-06-29,Property,Health,206477,206477,9549,450315,Mumbai,West,99,Light Rain,Road Accident,Branch,60,Male,Pending,23,Yes,0.46
C9741-G,P94783-P,Dharmajan Srinivas,2024-12-03,Vehicle,Life,57009,57009,42936,196562,Hyderabad,South,294,Flood,House Damage,Agent,22,Female,Settled,24,No,0.29
C8274-A,P41593-C,Hridaan Majumdar,2024-04-10,Health,Life,54964,54964,36828,290167,Kolkata,East,107,Heavy Rain,Flood Damage,Agent,65,Male,Settled,17,No,0.19
C9577-H,P25850-X,Stuvan Kibe,2024-01-15,Property,Agriculture,480369,480369,20735,648873,Jaipur,North,249,Light Rain,House Damage,Branch,38,Male,Settled,16,No,0.74
C5084-R,P75635-T,Neelofar Ahuja,2024-05-17,Health,Health,56741,56741,22138,305822,Ahmedabad,West,217,Moderate Rain,Hospitalization,Branch,37,Female,Pending,26,No,0.19
C1001-E,P55962-T,Amira Banik,2024-02-29,Agriculture,Life,56235,56235,18471,132127,Hyderabad,South,270,Light Rain,Hospitalization,Online,26,Other,Pending,15,No,0.43
C9719-B,P53919-A,Purab Deshmukh,2024-03-13,Health,Property,170051,170051,38370,274994,Delhi,North,128,Light Rain,House Damage,Agent,43,Female,Settled,10,No,0.62
C1407-Y,P47926-B,Ehsaan Dasgupta,2024-05-30,Agriculture,Agriculture,243548,243548,48419,425990,Chennai,South,62,Heavy Rain,Road Accident,Online,38,Other,Pending,21,No,0.57
C2784-Y,P93821-D,Hridaan Sant,2024-09-13,Property,Life,404937,404937,31822,550415,Pune,West,95,Moderate Rain,Hospitalization,Agent,66,Male,Settled,16,Yes,0.74
C7719-I,P32654-A,Kanav Mani,2024-07-07,Property,Life,490082,490082,47631,579290,Jaipur,North,175,Heavy Rain,Hospitalization,Agent,43,Female,Settled,12,No,0.85
C6047-V,P80573-Z,Anahi Datta,2024-09-29,Agriculture,Vehicle,106368,106368,25376,355231,Pune,West,173,Light Rain,House Damage,Agent,55,Male,Pending,18,No,0.3
C9732-C,P48133-W,Ehsaan Khatri,2024-01-25,Health,Property,73674,73674,40216,233559,Lucknow,North,225,Light Rain,House Damage,Online,38,Male,Pending,11,No,0.32
C3122-W,P34954-W,Kartik Wason,2024-08-22,Vehicle,Vehicle,134568,134568,36366,379190,Mumbai,West,98,Heavy Rain,Road Accident,Branch,28,Female,Pending,13,No,0.35
C1486-F,P12721-X,Yashvi Tiwari,2024-03-03,Property,Life,416496,416496,18074,503460,Mumbai,West,112,Moderate Rain,Road Accident,Mobile App,30,Male,Rejected,8,No,0.83
C1549-M,P11240-P,Neysa Choudhury,2024-10-18,Health,Agriculture,191072,191072,32628,463103,Chennai,South,212,Light Rain,House Damage,Online,64,Female,Pending,18,No,0.41
C5762-S,P50146-C,Hiran Baria,2024-01-14,Health,Vehicle,46009,46009,21631,198255,Chennai,South,119,Moderate Rain,Flood Damage,Online,65,Other,Settled,9,No,0.23
C6082-T,P56150-N,Nishith Goda,2024-12-08,Agriculture,Health,193479,157102,25820,455004,Lucknow,North,165,Moderate Rain,Hospitalization,Branch,23,Male,Settled,10,No,0.43
C5478-Z,P12677-U,Onkar Bakshi,2024-11-16,Agriculture,Life,195358,195358,43230,348475,Chennai,South,122,Moderate Rain,Crop Loss,Branch,55,Other,Settled,14,No,0.56
C5963-W,P40493-C,Kismat Rama,2024-04-09,Property,Health,486073,486073,13785,674451,Kolkata,East,127,Flood,Flood Damage,Branch,52,Female,Pending,13,No,0.72
C2293-N,P35741-B,Aradhya Ratti,2024-06-28,Property,Property,128373,128373,45911,233977,Pune,West,100,Light Rain,Flood Damage,Online,30,Female,Pending,8,No,0.55
C1810-D,P77747-K,Kimaya Reddy,2024-06-19,Vehicle,Property,98199,98199,9130,386296,Jaipur,North,255,Flood,Road Accident,Agent,31,Male,Settled,7,No,0.25
C2374-W,P79767-U,Uthkarsh Atwal,2024-09-15,Agriculture,Health,251040,251040,14492,398361,Delhi,North,221,Heavy Rain,Road Accident,Agent,44,Male,Pending,13,No,0.63
C1868-L,P59199-E,Amira Kapur,2024-06-18,Vehicle,Agriculture,138414,138414,12004,354848,Lucknow,North,230,Heavy Rain,Crop Loss,Online,53,Other,Pending,18,No,0.39
C7247-V,P32387-G,Neelofar Bir,2024-04-08,Agriculture,Agriculture,193974,138805,45654,407509,Jaipur,North,122,Light Rain,Hospitalization,Branch,49,Female,Pending,7,No,0.48
C1782-P,P74469-D,Ojas Kant,2024-04-29,Vehicle,Life,99244,99244,6967,327208,Hyderabad,South,200,Flood,Crop Loss,Online,35,Other,Rejected,22,No,0.3
C1284-J,P63454-O,Piya Kala,2024-04-16,Vehicle,Life,76170,76170,26327,339842,Jaipur,North,266,Moderate Rain,Hospitalization,Online,64,Female,Settled,12,No,0.22
C4908-B,P23965-L,Vritika Subramaniam,2024-10-29,Health,Agriculture,27992,27992,31791,191843,Jaipur,North,233,Moderate Rain,House Damage,Agent,29,Female,Settled,25,No,0.15
C5487-C,P22094-K,Dhruv Doctor,2024-03-28,Health,Agriculture,193329,193329,47959,383337,Mumbai,West,217,Moderate Rain,House Damage,Branch,61,Female,Pending,11,No,0.5
C1592-B,P10911-W,Miraan Ramachandran,2024-02-13,Vehicle,Property,96724,96724,34919,219842,Chennai,South,94,Flood,Hospitalization,Online,39,Male,Settled,10,No,0.44
C4658-C,P17799-V,Samaira Chatterjee,2024-04-26,Health,Property,118799,109991,18845,217582,Jaipur,North,70,Flood,Crop Loss,Agent,24,Male,Pending,9,No,0.55
C7258-L,P95659-R,Vritika Dua,2024-06-09,Health,Health,125353,125353,16368,378249,Mumbai,West,87,Heavy Rain,House Damage,Online,65,Other,Pending,18,Yes,0.33
C4566-B,P16084-F,Dhanuk Sathe,2024-01-16,Agriculture,Health,142064,142064,11053,242991,Kolkata,East,198,Flood,Crop Loss,Branch,61,Other,Pending,20,No,0.58
C4955-P,P88256-X,Gokul Dave,2024-05-28,Agriculture,Agriculture,196134,164124,21136,446346,Pune,West,223,Light Rain,House Damage,Agent,69,Female,Settled,5,No,0.44
C8164-Y,P76728-U,Saira Dyal,2024-03-01,Vehicle,Agriculture,70944,70944,12500,361228,Bangalore,South,298,Flood,Road Accident,Online,41,Female,Settled,18,No,0.2
C9603-I,P16833-F,Vivaan Chaudry,2024-08-05,Vehicle,Vehicle,115844,115844,36588,363233,Jaipur,North,294,Heavy Rain,Road Accident,Online,46,Male,Settled,3,No,0.32
C1283-N,P40048-O,Saanvi Shukla,2024-07-04,Health,Vehicle,176814,176814,45183,442579,Mumbai,West,119,Heavy Rain,Hospitalization,Branch,54,Male,Settled,3,No,0.4
C5852-I,P23738-J,Arhaan Dhaliwal,2024-08-05,Agriculture,Property,74066,74066,9275,221782,Jaipur,North,198,Flood,Flood Damage,Agent,19,Male,Pending,13,No,0.33
C7488-X,P67014-M,Myra Dani,2024-05-15,Health,Health,155659,155659,21777,328789,Jaipur,North,72,Moderate Rain,Hospitalization,Agent,60,Male,Settled,6,No,0.47
C1173-A,P63548-P,Krish Sandhu,2024-06-11,Agriculture,Agriculture,228641,228641,23452,466399,Chennai,South,105,Moderate Rain,Flood Damage,Online,61,Other,Settled,5,No,0.49
C4530-I,P40908-U,Abram Gaba,2024-08-26,Agriculture,Agriculture,196634,196634,43830,352903,Kolkata,East,289,Flood,Crop Loss,Mobile App,20,Male,Rejected,21,No,0.56
C4603-B,P28064-N,Ojas Bakshi,2024-08-06,Agriculture,Health,101929,101929,38601,190542,Delhi,North,161,Heavy Rain,Flood Damage,Mobile App,50,Female,Settled,15,No,0.53
C6950-S,P27279-C,Urvi Batta,2024-10-25,Agriculture,Property,256039,256039,41557,363755,Chennai,South,198,Moderate Rain,Crop Loss,Online,21,Female,Rejected,18,No,0.7
C3522-X,P33361-U,Urvi Chacko,2024-09-22,Health,Health,161850,96994,32840,264252,Bangalore,South,79,Flood,Hospitalization,Branch,61,Male,Pending,21,No,0.61
C6083-P,P79723-N,Divij Mannan,2024-08-26,Agriculture,Vehicle,261270,261270,30452,504741,Chennai,South,252,Heavy Rain,Road Accident,Mobile App,52,Other,Pending,21,No,0.52
C8807-V,P27803-D,Shamik Gaba,2024-05-17,Health,Property,29143,29143,29651,195301,Ahmedabad,West,97,Flood,Hospitalization,Agent,31,Male,Settled,24,No,0.15
C6727-C,P13172-S,Aayush Vohra,2024-03-26,Agriculture,Life,158701,158701,17081,400403,Kolkata,East,61,Moderate Rain,House Damage,Mobile App,43,Other,Pending,4,No,0.4
C3408-E,P22165-I,Ojas Ray,2024-12-25,Health,Property,124781,124781,16796,304615,Ahmedabad,West,282,Flood,House Damage,Mobile App,64,Other,Pending,8,No,0.41
C6878-G,P18985-A,Alia Kalita,2024-10-24,Health,Agriculture,84073,84073,29119,240183,Pune,West,186,Heavy Rain,Hospitalization,Agent,62,Female,Settled,26,No,0.35
C7571-Y,P13032-U,Hiran Balan,2024-09-07,Vehicle,Health,36145,36145,35136,159298,Ahmedabad,West,85,Light Rain,Hospitalization,Online,32,Male,Rejected,22,No,0.23
C6726-O,P13327-M,Elakshi Deshmukh,2024-10-07,Vehicle,Life,52768,52768,27131,173471,Kolkata,East,139,Flood,Road Accident,Agent,60,Other,Settled,15,No,0.3
C2489-G,P73610-U,Ela Agarwal,2024-09-10,Agriculture,Vehicle,275652,275652,38677,469177,Kolkata,East,273,Heavy Rain,Road Accident,Online,63,Female,Settled,25,No,0.59
C6008-U,P44435-P,Dharmajan Tripathi,2024-08-18,Agriculture,Life,93336,93336,47734,163314,Mumbai,West,157,Heavy Rain,Flood Damage,Branch,45,Male,Settled,16,No,0.57
C5823-U,P71504-Z,Fateh Hans,2024-10-14,Agriculture,Agriculture,107943,107943,28060,240826,Kolkata,East,118,Light Rain,Hospitalization,Agent,54,Other,Rejected,21,No,0.45
C7106-J,P32787-R,Badal Bail,2024-02-17,Agriculture,Vehicle,261154,261154,22050,315081,Bangalore,South,107,Moderate Rain,Flood Damage,Mobile App,18,Male,Settled,28,No,0.83
C3158-U,P45669-B,Adah Suresh,2024-09-20,Vehicle,Agriculture,76242,76242,45181,370706,Hyderabad,South,264,Moderate Rain,Hospitalization,Online,41,Male,Settled,9,No,0.21
C6693-V,P37676-N,Nehmat Garg,2024-02-29,Vehicle,Vehicle,72905,72905,37510,132997,Mumbai,West,180,Moderate Rain,Flood Damage,Agent,20,Female,Settled,8,No,0.55
C2697-T,P29654-T,Veer Magar,2024-03-23,Vehicle,Health,82081,82081,16362,133322,Bangalore,South,187,Flood,Hospitalization,Branch,37,Female,Settled,17,No,0.62
C8597-O,P16150-D,Nayantara Sarraf,2024-11-21,Agriculture,Vehicle,261980,233559,35114,313402,Hyderabad,South,119,Flood,Flood Damage,Branch,38,Male,Settled,14,No,0.84
C3866-X,P76576-W,Samarth Dada,2024-02-21,Health,Life,119908,119908,29991,257601,Kolkata,East,260,Moderate Rain,Flood Damage,Agent,58,Female,Pending,27,No,0.47
C1301-J,P97426-A,Jiya Bassi,2024-08-19,Agriculture,Vehicle,215452,215452,8777,401191,Chennai,South,117,Light Rain,Crop Loss,Agent,23,Female,Rejected,29,No,0.54
C7981-A,P77646-K,Anya Sharma,2024-09-29,Health,Property,191634,191634,18680,446170,Pune,West,227,Moderate Rain,House Damage,Branch,33,Other,Settled,8,No,0.43
C3763-W,P39429-O,Rania Chaudhary,2024-07-24,Agriculture,Vehicle,208046,208046,16246,479814,Pune,West,158,Light Rain,Hospitalization,Mobile App,67,Other,Settled,13,No,0.43
C8631-J,P53791-H,Aarav Bhat,2024-07-21,Vehicle,Life,126889,82664,37930,247593,Jaipur,North,66,Light Rain,Flood Damage,Mobile App,59,Male,Settled,16,No,0.51
C7784-U,P87437-A,Samar Chaudhuri,2024-10-31,Vehicle,Life,35535,35535,30461,292829,Delhi,North,187,Flood,Road Accident,Branch,38,Other,Pending,23,No,0.12
C2702-R,P90834-P,Samaira Sarna,2024-10-19,Agriculture,Property,84138,84138,49516,294675,Lucknow,North,228,Moderate Rain,House Damage,Agent,25,Male,Settled,16,No,0.29
C1740-S,P12495-M,Bhavin Tank,2024-01-07,Property,Property,274704,274704,43167,448076,Lucknow,North,198,Light Rain,Road Accident,Mobile App,31,Male,Pending,22,No,0.61
C3099-V,P37996-Y,Nakul Balasubramanian,2024-01-01,Vehicle,Agriculture,88165,88165,47516,369617,Pune,West,113,Heavy Rain,Crop Loss,Mobile App,33,Other,Settled,28,No,0.24
C9883-E,P99055-U,Saira Dada,2024-04-13,Vehicle,Life,87270,87270,12500,334933,Ahmedabad,West,197,Light Rain,Flood Damage,Branch,43,Male,Settled,5,No,0.26
C8848-Z,P58343-D,Suhana Chaudhary,2024-04-17,Agriculture,Agriculture,194564,128502,33433,457701,Chennai,South,67,Light Rain,Crop Loss,Mobile App,31,Other,Settled,15,No,0.43
C6059-S,P92295-O,Aarav Choudhry,2024-05-14,Agriculture,Vehicle,292025,238994,10850,468041,Jaipur,North,164,Moderate Rain,Road Accident,Mobile App,32,Other,Pending,24,No,0.62
C1622-B,P75877-O,Seher Bhatnagar,2024-11-30,Agriculture,Agriculture,243087,243087,27491,502301,Ahmedabad,West,53,Heavy Rain,Road Accident,Agent,32,Female,Settled,25,Yes,0.48
C4826-V,P78057-D,Kismat Rama,2024-05-10,Vehicle,Agriculture,131941,131941,27187,297246,Pune,West,263,Heavy Rain,Flood Damage,Branch,25,Female,Settled,30,No,0.44
C2552-I,P27669-Q,Vanya Bava,2024-06-10,Property,Health,117262,117262,24850,378462,Ahmedabad,West,66,Flood,Hospitalization,Online,67,Male,Settled,26,No,0.31
C6227-U,P51212-I,Adah Kadakia,2024-10-16,Vehicle,Agriculture,32013,30145,33334,305301,Lucknow,North,117,Heavy Rain,Hospitalization,Agent,54,Male,Settled,12,Yes,0.1
C6218-K,P21053-X,Anahita Ratti,2024-01-23,Vehicle,Life,103551,103551,39856,274283,Lucknow,North,233,Flood,House Damage,Mobile App,51,Male,Settled,21,No,0.38
C4069-D,P43899-E,Veer Kurian,2024-11-14,Agriculture,Life,108938,108938,21487,380634,Jaipur,North,126,Moderate Rain,Flood Damage,Online,34,Female,Pending,7,No,0.29
C5245-K,P86465-J,Khushi Saran,2024-09-20,Property,Life,201775,201775,18800,399371,Chennai,South,182,Light Rain,House Damage,Agent,44,Female,Pending,15,No,0.51
C4971-D,P89595-G,Arnav Chaudhry,2024-01-24,Vehicle,Agriculture,58893,58893,36440,140889,Chennai,South,229,Flood,Hospitalization,Branch,42,Female,Pending,13,No,0.42
C7027-E,P37485-T,Aarna Sangha,2024-03-12,Property,Property,221284,221284,43177,446808,Chennai,South,222,Light Rain,Hospitalization,Branch,45,Female,Settled,22,No,0.5
C3193-Y,P29983-B,Adira Varty,2024-01-17,Vehicle,Agriculture,103926,103926,8886,358278,Delhi,North,192,Flood,Hospitalization,Online,70,Other,Rejected,18,No,0.29
C2142-O,P25401-R,Tarini Bedi,2024-12-24,Health,Property,80147,80147,35909,131894,Chennai,South,141,Flood,Crop Loss,Branch,37,Other,Settled,16,No,0.61
C8154-O,P29901-B,Rania Wagle,2024-04-13,Property,Life,433783,433783,14743,555590,Kolkata,East,228,Moderate Rain,Road Accident,Agent,31,Male,Settled,20,No,0.78
C6323-R,P36748-S,Shamik Bajwa,2024-04-21,Agriculture,Health,181019,181019,32078,326083,Kolkata,East,51,Moderate Rain,Road Accident,Branch,57,Other,Settled,30,No,0.56
C4717-L,P25948-K,Raunak Babu,2024-08-29,Vehicle,Property,130829,130829,37175,355591,Mumbai,West,128,Light Rain,Road Accident,Mobile App,67,Other,Settled,16,No,0.37
C8662-P,P61877-E,Nayantara Loyal,2024-08-19,Vehicle,Health,111237,111237,9475,294602,Bangalore,South,266,Heavy Rain,House Damage,Mobile App,31,Other,Settled,8,No,0.38
C9766-X,P43221-Q,Yuvaan Singhal,2024-09-13,Property,Life,356402,356402,19420,581155,Lucknow,North,70,Heavy Rain,Road Accident,Mobile App,23,Other,Rejected,20,No,0.61
C4103-H,P30850-N,Neelofar Agarwal,2024-11-23,Vehicle,Vehicle,97742,97742,16875,174885,Delhi,North,253,Flood,Crop Loss,Agent,63,Female,Settled,14,No,0.56
C3213-H,P68850-D,Reyansh Sridhar,2024-02-24,Agriculture,Property,203725,203725,41390,365500,Bangalore,South,229,Heavy Rain,Flood Damage,Branch,62,Male,Rejected,15,No,0.56
C2865-J,P52136-I,Neelofar Saini,2024-03-23,Agriculture,Agriculture,286132,286132,8576,578002,Pune,West,96,Light Rain,Hospitalization,Branch,55,Male,Settled,23,No,0.5
C4082-Y,P53598-R,Zaina Baral,2024-02-17,Health,Agriculture,115692,115692,19016,173791,Delhi,North,268,Moderate Rain,Flood Damage,Branch,66,Other,Pending,7,No,0.67
C7605-W,P36402-S,Akarsh Kashyap,2024-10-30,Agriculture,Vehicle,253861,253861,24864,510411,Bangalore,South,83,Heavy Rain,House Damage,Mobile App,23,Other,Pending,15,No,0.5
C2288-F,P47513-I,Ahana  Venkataraman,2024-11-22,Vehicle,Life,112028,112028,48886,306444,Hyderabad,South,61,Flood,Hospitalization,Online,20,Other,Settled,29,No,0.37
C7735-Y,P73828-V,Khushi Mann,2024-08-18,Property,Life,413681,413681,12070,684870,Pune,West,113,Flood,Hospitalization,Mobile App,20,Male,Settled,25,No,0.6
C2508-B,P53374-W,Sana Bhattacharyya,2024-12-04,Vehicle,Health,133387,133387,46917,285956,Kolkata,East,106,Light Rain,Road Accident,Agent,49,Other,Settled,5,No,0.47
C7577-L,P41783-Q,Nayantara Raman,2024-07-04,Vehicle,Agriculture,63069,63069,33805,173015,Mumbai,West,233,Heavy Rain,Road Accident,Branch,23,Male,Pending,20,No,0.36
C1717-W,P69033-A,Kiara Bains,2024-10-16,Property,Health,254381,254381,16489,394023,Lucknow,North,259,Moderate Rain,Flood Damage,Agent,26,Male,Pending,28,No,0.65
C8129-W,P43565-I,Miraan Bali,2024-12-24,Property,Vehicle,283867,283867,45362,414262,Bangalore,South,235,Heavy Rain,Hospitalization,Agent,23,Other,Rejected,25,No,0.69
C4471-W,P31427-V,Taimur Chahal,2024-10-22,Health,Health,150611,150611,21029,407991,Chennai,South,297,Heavy Rain,Road Accident,Branch,41,Other,Pending,20,No,0.37
C4709-L,P11702-Q,Badal Vohra,2024-06-09,Health,Agriculture,47395,47395,36185,288593,Chennai,South,240,Flood,House Damage,Online,40,Male,Settled,29,No,0.16
C5303-S,P99031-S,Taimur Karnik,2024-09-13,Property,Property,346296,346296,14739,476688,Jaipur,North,106,Flood,Road Accident,Mobile App,18,Other,Settled,5,No,0.73
C7529-L,P74143-X,Amira Barman,2024-11-16,Property,Property,172553,172553,46074,320129,Kolkata,East,86,Moderate Rain,House Damage,Agent,35,Female,Rejected,11,No,0.54
C3038-F,P59690-K,Rhea Manne,2024-01-20,Vehicle,Agriculture,127528,127528,26524,347177,Pune,West,253,Heavy Rain,Hospitalization,Agent,59,Female,Settled,11,No,0.37
C8006-N,P25191-C,Anya Borde,2024-05-11,Agriculture,Agriculture,197365,197365,18258,297661,Delhi,North,246,Moderate Rain,Crop Loss,Agent,49,Female,Settled,14,No,0.66
C4340-A,P13987-J,Damini Babu,2024-08-09,Property,Agriculture,143836,143836,7959,440085,Mumbai,West,177,Moderate Rain,Road Accident,Online,56,Other,Rejected,9,Yes,0.33
C5482-V,P27312-O,Pari Vohra,2024-09-16,Health,Property,65021,65021,18217,160146,Jaipur,North,55,Heavy Rain,House Damage,Online,26,Female,Rejected,24,No,0.41
C2175-W,P62380-K,Uthkarsh Rajagopalan,2024-08-09,Health,Life,190292,190292,39009,487831,Bangalore,South,60,Moderate Rain,Crop Loss,Branch,24,Other,Pending,5,No,0.39
C9061-D,P49175-M,Biju Sagar,2024-05-29,Agriculture,Vehicle,120997,120997,38161,217768,Ahmedabad,West,298,Flood,House Damage,Branch,30,Male,Settled,26,No,0.56
C8921-E,P22417-W,Myra Lala,2024-09-27,Health,Vehicle,52383,52383,5543,198827,Pune,West,124,Heavy Rain,Hospitalization,Online,33,Other,Settled,4,No,0.26
C8026-S,P11073-L,Vardaniya Dhaliwal,2024-10-31,Agriculture,Vehicle,173496,173496,14193,446979,Delhi,North,131,Flood,Hospitalization,Online,40,Female,Pending,13,No,0.39
C1011-X,P59334-P,Raghav Balan,2024-01-11,Health,Health,33928,17144,10231,195694,Pune,West,282,Light Rain,Road Accident,Online,61,Male,Settled,23,No,0.17
C6009-U,P94764-X,Vanya Kara,2024-12-10,Vehicle,Life,101443,101443,36092,382270,Pune,West,199,Flood,Road Accident,Branch,45,Other,Settled,10,No,0.27
C7322-K,P35777-F,Romil Bala,2024-01-31,Vehicle,Health,64086,64086,28779,207413,Jaipur,North,79,Flood,Hospitalization,Branch,45,Other,Settled,4,No,0.31
C2368-Z,P45984-I,Vivaan Hegde,2024-04-21,Health,Life,192261,189190,22867,332607,Jaipur,North,91,Flood,House Damage,Branch,37,Other,Pending,14,No,0.58
C8165-J,P73165-U,Umang Bath,2024-08-29,Property,Property,303307,303307,5461,562196,Mumbai,West,52,Light Rain,Road Accident,Agent,62,Male,Settled,4,No,0.54
C3350-F,P18783-T,Damini Dar,2024-07-19,Property,Agriculture,173393,173393,43267,443802,Delhi,North,183,Flood,House Damage,Mobile App,69,Female,Pending,15,No,0.39
C2724-P,P51416-Z,Akarsh Singh,2024-11-11,Property,Property,113639,113639,42614,294602,Hyderabad,South,58,Light Rain,House Damage,Mobile App,51,Male,Pending,27,No,0.39
C1252-M,P77518-N,Ishaan Saraf,2024-04-05,Health,Property,135647,135647,12602,302050,Lucknow,North,142,Heavy Rain,Crop Loss,Branch,42,Male,Settled,11,No,0.45
C1351-W,P17891-L,Keya Dugal,2024-08-02,Vehicle,Health,75421,75421,20407,222815,Hyderabad,South,274,Light Rain,House Damage,Mobile App,27,Male,Pending,27,Yes,0.34
C9148-N,P30601-K,Abram Bhatia,2024-09-15,Health,Vehicle,72841,52888,49283,126296,Ahmedabad,West,166,Moderate Rain,House Damage,Online,18,Female,Pending,16,No,0.58
C1329-J,P28343-I,Kiaan Tara,2024-11-26,Agriculture,Agriculture,78173,78173,44234,160298,Jaipur,North,181,Moderate Rain,Crop Loss,Online,51,Female,Settled,19,No,0.49
C9809-M,P50713-S,Divij Dey,2024-12-11,Health,Vehicle,30955,18837,35977,194769,Lucknow,North,117,Flood,Hospitalization,Branch,19,Male,Settled,28,No,0.16
C3292-B,P76616-N,Bhavin Jayaraman,2024-04-06,Agriculture,Life,240440,240440,35460,320728,Chennai,South,283,Moderate Rain,Hospitalization,Online,52,Female,Pending,7,No,0.75
C1250-P,P17194-G,Kimaya Agrawal,2024-03-08,Agriculture,Agriculture,193610,193610,31751,258153,Mumbai,West,66,Flood,Crop Loss,Mobile App,24,Female,Settled,8,No,0.75
C7262-C,P98272-Z,Veer Vyas,2024-03-01,Agriculture,Agriculture,245799,245799,23644,443696,Jaipur,North,203,Light Rain,Crop Loss,Online,25,Male,Pending,3,No,0.55
C9589-B,P66462-K,Alisha Ratta,2024-11-08,Health,Agriculture,87328,87328,27577,236521,Bangalore,South,171,Flood,Crop Loss,Online,25,Female,Settled,18,No,0.37
C6766-D,P90291-A,Advika Bhavsar,2024-11-15,Agriculture,Health,118693,77793,49225,357889,Bangalore,South,202,Light Rain,Hospitalization,Mobile App,64,Male,Settled,27,No,0.33
C5926-W,P73147-S,Shray Gulati,2024-10-07,Property,Life,192638,192638,49881,408454,Chennai,South,101,Moderate Rain,Crop Loss,Online,33,Male,Settled,22,No,0.47
C9807-D,P51073-M,Anika Dani,2024-11-02,Property,Property,246844,246844,33197,437909,Ahmedabad,West,145,Heavy Rain,Crop Loss,Agent,55,Male,Settled,12,No,0.56
C1411-F,P81684-F,Samarth Ben,2024-08-12,Property,Property,178135,178135,27292,400387,Delhi,North,267,Heavy Rain,Road Accident,Agent,33,Female,Settled,4,No,0.44
C2563-F,P22606-U,Vritika Rana,2024-07-08,Agriculture,Vehicle,68699,68699,11673,296478,Ahmedabad,West,129,Moderate Rain,Hospitalization,Online,70,Male,Pending,6,No,0.23
C6804-X,P55256-W,Bhavin Bahri,2024-12-29,Vehicle,Vehicle,124836,81893,45207,270189,Delhi,North,133,Flood,House Damage,Agent,65,Female,Rejected,13,No,0.46
C5322-T,P57061-K,Ira Acharya,2024-04-08,Vehicle,Health,56191,56191,25310,139749,Pune,West,160,Light Rain,House Damage,Mobile App,43,Female,Settled,4,No,0.4
C2215-E,P90898-B,Samaira Bhandari,2024-10-14,Vehicle,Property,117010,117010,6763,356434,Bangalore,South,77,Moderate Rain,Crop Loss,Mobile App,20,Male,Rejected,12,No,0.33
C4958-J,P69864-G,Khushi Tailor,2024-08-30,Vehicle,Health,113523,113523,16788,407998,Hyderabad,South,238,Moderate Rain,Hospitalization,Online,48,Other,Pending,18,No,0.28
C2442-M,P76772-N,Vedika Dani,2024-09-01,Agriculture,Agriculture,151428,151428,5298,347020,Chennai,South,153,Moderate Rain,Crop Loss,Agent,63,Other,Settled,5,No,0.44
C9285-H,P52092-V,Prerak Ramakrishnan,2024-11-13,Property,Vehicle,208273,208273,39389,365631,Delhi,North,271,Heavy Rain,Crop Loss,Online,36,Female,Settled,8,No,0.57
C2766-X,P32441-R,Ranbir Aggarwal,2024-04-27,Property,Life,312816,312816,18675,610988,Hyderabad,South,153,Heavy Rain,House Damage,Mobile App,19,Other,Pending,26,No,0.51
C3024-V,P54528-N,Eva Date,2024-01-03,Agriculture,Agriculture,144320,144320,22298,216591,Bangalore,South,124,Moderate Rain,Flood Damage,Online,62,Other,Settled,3,No,0.67
C2936-G,P43155-E,Myra Dalal,2024-04-09,Health,Life,22881,22881,22705,177919,Jaipur,North,149,Flood,Hospitalization,Agent,29,Other,Settled,18,No,0.13
C1991-W,P44476-J,Advika Kohli,2024-04-08,Property,Agriculture,198186,198186,41105,409234,Kolkata,East,164,Moderate Rain,House Damage,Branch,31,Female,Pending,12,No,0.48
C5595-N,P92482-C,Gokul Sodhi,2024-03-03,Vehicle,Agriculture,131873,131873,38913,320133,Mumbai,West,92,Heavy Rain,Crop Loss,Online,49,Male,Pending,15,No,0.41
C4612-G,P16989-T,Lakshay Dhillon,2024-11-05,Property,Property,305973,305973,7439,536745,Kolkata,East,161,Heavy Rain,Crop Loss,Agent,18,Female,Settled,11,No,0.57
C4605-L,P12051-N,Tejas Srivastava,2024-09-20,Vehicle,Agriculture,32527,32527,12871,130974,Lucknow,North,266,Flood,House Damage,Online,60,Other,Settled,11,No,0.25
C8199-O,P74868-V,Faiyaz Sule,2024-05-08,Vehicle,Life,53031,53031,44688,305589,Lucknow,North,87,Moderate Rain,Hospitalization,Mobile App,61,Other,Pending,6,No,0.17
C6348-T,P55589-N,Saanvi Gokhale,2024-11-08,Vehicle,Health,57470,57470,28544,319609,Mumbai,West,236,Moderate Rain,Flood Damage,Branch,61,Female,Pending,9,No,0.18
C6921-W,P35650-L,Sara Chanda,2024-07-06,Property,Vehicle,327585,327585,36954,485336,Hyderabad,South,83,Light Rain,Hospitalization,Mobile App,49,Male,Settled,18,No,0.67
C8378-T,P17526-O,Miraan Viswanathan,2024-04-29,Agriculture,Life,281921,281921,22224,351875,Ahmedabad,West,68,Moderate Rain,Crop Loss,Mobile App,65,Male,Settled,26,Yes,0.8
C3748-F,P54117-Y,Vihaan Kaur,2024-06-05,Property,Vehicle,483104,330205,40000,564933,Mumbai,West,82,Light Rain,Road Accident,Mobile App,21,Female,Settled,16,No,0.86
C6962-P,P22518-S,Zoya Contractor,2024-05-08,Health,Agriculture,73400,73400,49143,267785,Jaipur,North,234,Moderate Rain,Road Accident,Agent,40,Female,Pending,23,No,0.27
C1347-S,P63890-V,Faiyaz Soni,2024-03-06,Agriculture,Property,92960,92960,13573,173751,Kolkata,East,128,Moderate Rain,Crop Loss,Branch,58,Male,Rejected,18,No,0.54
C8439-T,P81673-I,Ishaan Choudhry,2024-11-21,Vehicle,Vehicle,92325,92325,6889,178858,Hyderabad,South,167,Light Rain,Hospitalization,Mobile App,41,Male,Settled,17,No,0.52
C7676-D,P55486-L,Hunar Shenoy,2024-11-13,Health,Property,153423,153423,15113,342760,Bangalore,South,172,Heavy Rain,House Damage,Agent,19,Male,Rejected,4,No,0.45
C6819-P,P21698-O,Piya Sur,2024-11-22,Property,Health,366719,366719,9948,518631,Jaipur,North,146,Heavy Rain,Hospitalization,Branch,62,Male,Rejected,24,Yes,0.71
C5079-T,P62545-D,Tarini Korpal,2024-12-04,Health,Health,94796,94796,47006,215503,Delhi,North,227,Flood,Crop Loss,Branch,28,Other,Settled,6,No,0.44
C8643-G,P62292-T,Ivana Ramachandran,2024-10-01,Property,Agriculture,191013,191013,28762,444587,Chennai,South,189,Light Rain,Crop Loss,Branch,30,Other,Settled,16,No,0.43
C6948-C,P76429-V,Biju Sodhi,2024-11-07,Property,Property,495195,495195,17233,758414,Kolkata,East,259,Heavy Rain,Road Accident,Agent,65,Male,Pending,14,No,0.65
C4561-G,P38363-C,Manikya Bhargava,2024-06-02,Property,Life,234239,234239,6955,290897,Kolkata,East,65,Light Rain,Flood Damage,Online,47,Male,Settled,3,No,0.81
C5537-Z,P74644-G,Neysa Datta,2024-06-28,Vehicle,Health,53696,53696,40717,108393,Bangalore,South,55,Moderate Rain,Road Accident,Mobile App,34,Female,Settled,14,No,0.5
C8922-P,P17759-C,Mishti Chand,2024-03-06,Vehicle,Vehicle,114133,114133,21883,260182,Delhi,North,144,Heavy Rain,Hospitalization,Mobile App,45,Other,Pending,14,No,0.44
C8941-S,P18488-H,Heer Kadakia,2024-07-18,Vehicle,Vehicle,64563,64563,9693,284886,Ahmedabad,West,283,Moderate Rain,Crop Loss,Agent,31,Male,Pending,18,No,0.23
C2023-A,P56706-S,Jayant Krish,2024-03-13,Agriculture,Vehicle,112366,112366,16101,199860,Hyderabad,South,225,Flood,Hospitalization,Agent,33,Female,Settled,10,No,0.56
C5548-A,P78687-K,Mehul Mander,2024-11-25,Health,Life,93874,93874,48588,337769,Bangalore,South,211,Flood,Crop Loss,Agent,33,Male,Settled,29,No,0.28
C7394-K,P28585-Z,Diya Badami,2024-09-24,Agriculture,Property,112574,112574,23710,246369,Jaipur,North,268,Moderate Rain,Flood Damage,Agent,19,Other,Settled,10,No,0.46
C4099-B,P35600-K,Badal Sandal,2024-04-12,Health,Agriculture,132461,132461,45374,311310,Pune,West,239,Heavy Rain,House Damage,Online,45,Other,Settled,13,No,0.43
C9698-I,P15719-F,Kavya Doctor,2024-05-02,Health,Health,51790,50797,17963,194648,Chennai,South,184,Heavy Rain,Hospitalization,Agent,61,Male,Settled,16,No,0.27
C9094-H,P76153-P,Oorja Bobal,2024-08-26,Agriculture,Property,159750,155294,34547,357192,Lucknow,North,119,Light Rain,House Damage,Online,48,Female,Settled,16,No,0.45
C2478-X,P78766-O,Yasmin Khatri,2024-08-26,Vehicle,Vehicle,49625,44778,28701,349415,Bangalore,South,119,Moderate Rain,Hospitalization,Online,56,Other,Settled,15,No,0.14
C2491-U,P37745-R,Prerak Sami,2024-10-22,Property,Agriculture,418065,418065,46207,694013,Kolkata,East,278,Heavy Rain,House Damage,Agent,54,Female,Pending,29,No,0.6
C1652-Y,P79660-P,Manjari Korpal,2024-07-31,Property,Vehicle,468258,468258,26232,591919,Jaipur,North,143,Heavy Rain,Flood Damage,Agent,60,Other,Settled,5,No,0.79
C4560-H,P96392-E,Dhruv Karan,2024-10-12,Property,Vehicle,314733,314733,23845,499141,Hyderabad,South,51,Heavy Rain,Crop Loss,Online,67,Female,Rejected,10,No,0.63
C9742-U,P41168-D,Biju Dhar,2024-06-03,Vehicle,Agriculture,102801,102801,47414,212426,Hyderabad,South,53,Moderate Rain,Road Accident,Mobile App,45,Female,Settled,14,No,0.48
C5325-G,P12133-X,Nirvi Khare,2024-11-12,Property,Life,238660,238660,25520,331852,Jaipur,North,79,Moderate Rain,House Damage,Agent,52,Male,Settled,11,No,0.72
C4371-S,P96652-B,Darshit Kara,2024-02-08,Health,Health,108881,62497,47916,329932,Delhi,North,184,Heavy Rain,Hospitalization,Agent,19,Other,Settled,5,No,0.33
C4986-B,P20545-Q,Inaaya  Buch,2024-11-10,Property,Life,376679,376679,37654,676406,Kolkata,East,126,Light Rain,House Damage,Online,68,Female,Pending,4,No,0.56
C9188-O,P96671-T,Ojas Kibe,2024-01-04,Health,Life,64177,64177,25078,314867,Chennai,South,270,Heavy Rain,Hospitalization,Agent,57,Male,Settled,26,No,0.2
C2017-X,P23581-A,Charvi Bhargava,2024-04-04,Vehicle,Agriculture,52691,45652,43981,226450,Hyderabad,South,144,Flood,Flood Damage,Mobile App,31,Female,Settled,21,Yes,0.23
C4357-W,P69231-Z,Samarth Warrior,2024-10-14,Vehicle,Property,145172,145172,23258,283965,Kolkata,East,166,Light Rain,Flood Damage,Online,34,Male,Pending,14,No,0.51
C2890-F,P77819-J,Umang Warrior,2024-10-12,Health,Property,157697,157697,12940,267495,Kolkata,East,242,Flood,Hospitalization,Online,58,Female,Settled,18,No,0.59
C9212-P,P85672-C,Pihu Maharaj,2024-10-10,Property,Vehicle,454546,428307,43044,522149,Hyderabad,South,214,Flood,Road Accident,Online,22,Female,Pending,3,No,0.87
C2860-E,P90292-N,Indranil Rege,2024-02-16,Agriculture,Property,222765,222765,32392,429430,Mumbai,West,195,Flood,Crop Loss,Mobile App,21,Male,Pending,5,No,0.52
C8011-M,P97312-V,Manjari Bhalla,2024-10-01,Health,Property,44786,44786,38602,136994,Bangalore,South,154,Light Rain,Road Accident,Online,24,Male,Settled,12,No,0.33
C4378-J,P38985-Q,Advika Barman,2024-01-31,Health,Property,128693,128693,13847,409776,Pune,West,63,Heavy Rain,Crop Loss,Branch,52,Male,Settled,14,No,0.31
C1338-C,P69752-V,Uthkarsh Ghose,2024-12-28,Vehicle,Life,131105,131105,30103,362183,Pune,West,278,Heavy Rain,Crop Loss,Online,37,Male,Pending,6,No,0.36
C5425-Q,P73256-T,Mannat Chahal,2024-03-28,Health,Vehicle,43121,43121,27127,156529,Jaipur,North,263,Light Rain,House Damage,Online,25,Female,Pending,4,No,0.28
C2115-E,P41306-U,Aarna Kurian,2024-04-12,Vehicle,Life,80397,80397,24718,277699,Hyderabad,South,248,Light Rain,Crop Loss,Online,57,Male,Settled,30,No,0.29
C9292-U,P51243-B,Arhaan Sawhney,2024-08-16,Agriculture,Life,195838,195838,23282,482314,Delhi,North,194,Heavy Rain,Hospitalization,Mobile App,57,Other,Pending,26,No,0.41
C5486-I,P40399-Y,Hiran Ramesh,2024-10-07,Vehicle,Health,71425,71425,9727,175843,Bangalore,South,250,Light Rain,Road Accident,Branch,26,Female,Settled,18,No,0.41
C2083-N,P56468-Z,Nitara Buch,2024-05-11,Health,Health,136243,136243,18907,416480,Jaipur,North,224,Heavy Rain,Flood Damage,Online,27,Other,Pending,3,No,0.33
C7036-R,P93550-C,Shlok Kumer,2024-04-27,Vehicle,Vehicle,100606,100606,37899,186700,Ahmedabad,West,111,Flood,Crop Loss,Branch,48,Male,Settled,5,No,0.54
C5834-T,P38956-A,Biju Kurian,2024-07-15,Health,Vehicle,48146,29283,10176,174732,Mumbai,West,210,Heavy Rain,Road Accident,Online,61,Female,Settled,24,No,0.28
C8778-C,P16710-S,Mahika Rana,2024-05-15,Health,Life,157432,157432,7225,301381,Bangalore,South,101,Light Rain,Hospitalization,Mobile App,70,Male,Pending,11,No,0.52
C1244-R,P31255-G,Amani Dara,2024-08-26,Property,Property,184167,184167,16589,307576,Chennai,South,197,Heavy Rain,Crop Loss,Agent,29,Male,Settled,12,No,0.6
C3864-A,P29077-I,Shlok Varughese,2024-09-25,Agriculture,Property,201614,201614,10576,344102,Lucknow,North,63,Moderate Rain,Crop Loss,Online,24,Other,Settled,5,No,0.59
C8749-F,P74967-G,Alia Chada,2024-03-03,Property,Property,384084,384084,38454,485762,Delhi,North,170,Light Rain,Hospitalization,Agent,52,Female,Pending,19,No,0.79
C6530-Y,P69610-J,Ehsaan Uppal,2024-03-21,Health,Agriculture,53298,53298,38879,341674,Ahmedabad,West,66,Light Rain,Road Accident,Branch,37,Male,Pending,13,No,0.16
C5768-A,P72425-S,Tara Khatri,2024-06-29,Agriculture,Property,258800,258800,24639,463921,Mumbai,West,300,Flood,Road Accident,Agent,53,Other,Pending,5,No,0.56
C2155-Z,P83580-Y,Ishaan Bahri,2024-09-25,Vehicle,Agriculture,71635,71635,27698,138342,Jaipur,North,268,Flood,House Damage,Online,45,Female,Settled,12,No,0.52
C9129-D,P62655-Y,Shlok Ravi,2024-03-26,Health,Agriculture,68141,68141,42416,312496,Jaipur,North,261,Light Rain,House Damage,Mobile App,28,Male,Pending,4,No,0.22
C9441-O,P90465-H,Ishita Samra,2024-10-08,Vehicle,Agriculture,81735,81735,48016,231873,Kolkata,East,177,Moderate Rain,Hospitalization,Mobile App,39,Female,Pending,8,No,0.35
C8269-T,P93755-G,Kartik Deol,2024-07-25,Property,Agriculture,485281,485281,47150,595050,Lucknow,North,262,Light Rain,House Damage,Agent,35,Female,Pending,7,No,0.82
C4369-G,P84130-F,Vanya Date,2024-07-03,Health,Life,138706,138706,14695,329151,Pune,West,214,Heavy Rain,Flood Damage,Branch,41,Male,Settled,5,No,0.42
C4424-V,P83094-Z,Manjari Kumar,2024-10-17,Property,Health,359989,359989,43012,546745,Bangalore,South,193,Light Rain,Hospitalization,Branch,34,Female,Pending,25,No,0.66
C4977-X,P40123-X,Hazel Raj,2024-09-14,Vehicle,Vehicle,61234,61234,43230,114508,Jaipur,North,126,Flood,House Damage,Agent,47,Female,Pending,5,No,0.53
C2375-C,P80867-D,Trisha Kade,2024-01-26,Vehicle,Life,102222,102222,26922,375076,Ahmedabad,West,89,Heavy Rain,Hospitalization,Branch,61,Other,Pending,30,No,0.27
C3540-C,P45500-O,Vritika Joshi,2024-03-16,Property,Vehicle,423779,423779,17415,602678,Lucknow,North,235,Moderate Rain,House Damage,Branch,33,Male,Settled,17,No,0.7
C9263-H,P75544-U,Ryan Borra,2024-11-09,Health,Vehicle,143653,143653,8136,385878,Pune,West,114,Light Rain,House Damage,Mobile App,25,Female,Settled,5,Yes,0.37
C8720-V,P36420-Y,Eshani Basu,2024-12-09,Agriculture,Health,173207,173207,48785,422719,Delhi,North,84,Heavy Rain,House Damage,Agent,70,Female,Pending,23,No,0.41
C7643-C,P72353-W,Zain Hegde,2024-01-12,Vehicle,Health,73361,73361,29115,152589,Lucknow,North,107,Heavy Rain,House Damage,Online,63,Male,Settled,4,No,0.48
C9993-B,P52292-I,Raghav Khanna,2024-05-23,Health,Property,150913,150913,30773,357412,Kolkata,East,65,Heavy Rain,Crop Loss,Online,69,Other,Settled,11,No,0.42
C6601-D,P74684-Z,Neelofar Rout,2024-06-01,Agriculture,Property,212425,212425,14273,427811,Lucknow,North,143,Light Rain,Flood Damage,Branch,41,Female,Settled,15,No,0.5
C4980-I,P96725-M,Ishaan Mann,2024-01-29,Agriculture,Agriculture,211919,211919,42360,511297,Lucknow,North,251,Heavy Rain,Flood Damage,Agent,25,Female,Settled,11,No,0.41
C2709-G,P34742-W,Shanaya Deshmukh,2024-11-06,Health,Health,42114,30533,28722,103097,Jaipur,North,73,Moderate Rain,Hospitalization,Online,23,Female,Pending,9,No,0.41
C6177-U,P49893-Q,Divit Setty,2024-06-24,Vehicle,Life,140780,140780,22134,354681,Hyderabad,South,55,Heavy Rain,Flood Damage,Online,67,Other,Settled,11,No,0.4
C9757-B,P87963-L,Emir Chauhan,2024-12-25,Vehicle,Health,40689,40689,26933,175274,Kolkata,East,130,Light Rain,Hospitalization,Branch,32,Male,Rejected,29,No,0.23
C2818-K,P94813-C,Inaaya  Barad,2024-09-28,Property,Life,348799,348799,30933,476366,Chennai,South,59,Moderate Rain,Flood Damage,Mobile App,59,Female,Settled,26,No,0.73
C4058-K,P51391-T,Zara Chana,2024-04-22,Agriculture,Property,119387,119387,45429,399860,Delhi,North,273,Moderate Rain,Flood Damage,Branch,36,Female,Pending,18,No,0.3
C2801-T,P81013-O,Eshani Chada,2024-04-22,Agriculture,Life,88007,88007,17640,156110,Bangalore,South,58,Light Rain,Crop Loss,Mobile App,55,Other,Settled,15,No,0.56
C8399-U,P29781-F,Taimur Badal,2024-02-21,Property,Agriculture,270517,270517,23175,391940,Mumbai,West,160,Moderate Rain,House Damage,Branch,37,Male,Settled,6,No,0.69
C4279-P,P84926-F,Ayesha Bhakta,2024-02-26,Vehicle,Property,86986,86986,34409,354322,Bangalore,South,228,Light Rain,Crop Loss,Online,70,Male,Pending,29,No,0.25
C5849-G,P48152-N,Mannat Kar,2024-04-23,Vehicle,Vehicle,89802,89802,44997,163981,Chennai,South,104,Light Rain,House Damage,Online,33,Other,Settled,12,No,0.55
C2602-X,P55867-C,Prerak Gala,2024-11-09,Agriculture,Agriculture,293495,293495,24678,479565,Lucknow,North,236,Moderate Rain,House Damage,Branch,57,Female,Rejected,14,No,0.61
C3108-A,P55258-N,Gatik Barad,2024-03-06,Agriculture,Property,125313,125313,7890,238404,Lucknow,North,83,Flood,Flood Damage,Branch,20,Other,Settled,15,No,0.53
C1305-F,P26113-R,Kiara Choudhury,2024-06-20,Vehicle,Vehicle,87267,87267,36632,373257,Pune,West,83,Flood,Hospitalization,Mobile App,23,Female,Pending,20,No,0.23
C6697-V,P24706-M,Priyansh Ranganathan,2024-12-27,Health,Vehicle,174875,174875,13267,330227,Kolkata,East,291,Flood,House Damage,Agent,31,Other,Settled,18,No,0.53
C5853-J,P30712-A,Adah Soman,2024-12-06,Agriculture,Vehicle,248061,248061,32153,342851,Jaipur,North,61,Moderate Rain,House Damage,Branch,65,Male,Pending,8,No,0.72
C6476-X,P93654-L,Anya Sharaf,2024-02-22,Health,Life,184406,184406,12545,235363,Delhi,North,218,Flood,Crop Loss,Online,49,Other,Pending,7,No,0.78
C9178-H,P19940-P,Pihu Ghosh,2024-07-08,Vehicle,Agriculture,141015,141015,49757,233017,Ahmedabad,West,99,Flood,Road Accident,Branch,47,Male,Settled,21,No,0.61
C1426-K,P70460-K,Lakshay D’Alia,2024-05-28,Vehicle,Health,47906,47906,24245,161811,Lucknow,North,167,Heavy Rain,Road Accident,Agent,29,Other,Settled,8,No,0.3
C1197-R,P87111-T,Damini Sarma,2024-12-22,Health,Agriculture,56575,56575,8485,346893,Chennai,South,275,Moderate Rain,Hospitalization,Agent,22,Female,Settled,19,No,0.16
C5456-T,P62556-W,Mohanlal Gera,2024-02-02,Health,Life,38896,38896,34994,149583,Pune,West,133,Heavy Rain,Road Accident,Mobile App,51,Female,Settled,13,No,0.26
C2306-Z,P17241-N,Kiara De,2024-02-10,Health,Property,185291,114361,8177,415743,Jaipur,North,278,Light Rain,Hospitalization,Online,37,Female,Rejected,11,No,0.45
C1668-B,P74990-U,Emir Sidhu,2024-05-04,Vehicle,Health,122557,122557,17855,240247,Kolkata,East,172,Heavy Rain,House Damage,Agent,63,Male,Settled,23,No,0.51
C8590-Z,P27424-L,Elakshi Karnik,2024-07-01,Health,Vehicle,140433,140433,13122,392495,Mumbai,West,135,Heavy Rain,Hospitalization,Mobile App,27,Male,Settled,27,No,0.36
C3472-H,P37444-W,Shalv Kapur,2024-08-17,Property,Health,137958,137958,32538,309286,Mumbai,West,205,Moderate Rain,House Damage,Agent,35,Female,Pending,22,No,0.45
C8046-D,P94398-A,Pari Venkatesh,2024-09-27,Agriculture,Health,55083,55083,25462,181034,Chennai,South,69,Heavy Rain,Crop Loss,Branch,27,Other,Settled,10,No,0.3
C7529-P,P16682-M,Samarth Kata,2024-05-25,Health,Vehicle,74592,74592,9886,333656,Mumbai,West,207,Flood,Hospitalization,Online,62,Male,Pending,18,No,0.22
C1451-H,P58084-J,Mehul Brar,2024-08-06,Vehicle,Agriculture,128978,128978,5856,332386,Ahmedabad,West,289,Light Rain,Crop Loss,Mobile App,31,Male,Pending,17,No,0.39
C1344-A,P46718-F,Mehul Dua,2024-06-25,Health,Agriculture,99759,99759,27778,395716,Jaipur,North,56,Light Rain,House Damage,Agent,27,Female,Settled,25,No,0.25
C7661-W,P42156-Q,Jayan Bala,2024-12-27,Vehicle,Property,40054,40054,28414,132522,Pune,West,92,Light Rain,Road Accident,Online,70,Other,Pending,15,Yes,0.3
C6015-F,P77537-H,Aarav Goda,2024-04-09,Health,Life,105573,105573,13659,249435,Delhi,North,86,Light Rain,Road Accident,Agent,54,Male,Settled,10,No,0.42
C6463-W,P32829-P,Hazel Kala,2024-01-03,Property,Agriculture,247074,247074,28528,358231,Mumbai,West,84,Flood,House Damage,Agent,31,Male,Pending,16,No,0.69
C7198-J,P56421-B,Kiara Jha,2024-12-25,Agriculture,Property,51844,51844,40088,321418,Jaipur,North,52,Flood,House Damage,Branch,26,Male,Rejected,20,No,0.16
C7876-K,P13457-W,Anvi Kata,2024-03-23,Vehicle,Vehicle,39048,39048,43477,303328,Mumbai,West,61,Heavy Rain,Crop Loss,Agent,66,Female,Settled,6,No,0.13
C5350-U,P70084-J,Armaan Edwin,2024-12-06,Agriculture,Life,77457,77457,11272,342621,Lucknow,North,201,Moderate Rain,Hospitalization,Branch,58,Male,Settled,20,No,0.23
C2601-U,P96250-F,Damini Suresh,2024-07-25,Health,Vehicle,23609,23609,17815,180757,Mumbai,West,161,Light Rain,House Damage,Branch,59,Male,Settled,24,No,0.13
C4362-A,P38246-Y,Pranay Sidhu,2024-01-17,Vehicle,Life,40869,40869,19119,234415,Hyderabad,South,125,Moderate Rain,Crop Loss,Branch,52,Other,Settled,22,No,0.17
C9426-R,P16764-A,Lakshay Bava,2024-05-31,Agriculture,Property,225396,225396,44308,308255,Ahmedabad,West,65,Flood,House Damage,Online,52,Other,Settled,6,No,0.73
C6139-O,P51967-B,Misha Karnik,2024-12-19,Vehicle,Agriculture,114463,114463,48385,375868,Bangalore,South,143,Flood,Hospitalization,Branch,67,Male,Settled,22,No,0.3
C1559-P,P42093-Y,Renee Sehgal,2024-07-20,Agriculture,Health,73171,73171,47746,209947,Mumbai,West,288,Heavy Rain,House Damage,Online,62,Female,Pending,16,No,0.35
C2585-O,P42309-R,Eshani Deo,2024-02-14,Health,Vehicle,117313,117313,24795,314256,Bangalore,South,294,Flood,Flood Damage,Agent,51,Male,Settled,17,No,0.37
C5104-Y,P70433-Y,Piya Mangat,2024-03-29,Agriculture,Property,218852,218852,46728,470282,Mumbai,West,300,Moderate Rain,Flood Damage,Online,69,Female,Settled,29,No,0.47
C4687-D,P58466-K,Shaan Sundaram,2024-12-30,Agriculture,Health,158920,158920,30072,380087,Bangalore,South,143,Flood,Road Accident,Agent,54,Male,Rejected,24,No,0.42
C2541-U,P77116-S,Shray Khosla,2024-09-05,Vehicle,Property,131270,109442,22094,314030,Mumbai,West,152,Light Rain,Flood Damage,Agent,34,Other,Pending,13,No,0.42
C1486-A,P30155-B,Tanya Sundaram,2024-12-18,Property,Property,413158,413158,35769,673466,Chennai,South,128,Flood,Road Accident,Agent,64,Male,Settled,24,No,0.61
C9617-J,P90534-Y,Yasmin Saran,2024-03-26,Vehicle,Health,32180,32180,31362,236417,Kolkata,East,148,Moderate Rain,Crop Loss,Online,23,Female,Settled,28,No,0.14
C3420-E,P18034-W,Jhanvi Tank,2024-04-07,Property,Vehicle,159093,159093,11795,383644,Chennai,South,150,Heavy Rain,Crop Loss,Agent,58,Male,Pending,14,No,0.41
C1883-F,P84447-W,Hridaan Keer,2024-05-31,Agriculture,Life,195925,195925,12226,302281,Ahmedabad,West,288,Moderate Rain,Road Accident,Online,28,Female,Settled,4,No,0.65
C3573-I,P46866-F,Neysa Vala,2024-08-23,Agriculture,Property,256263,256263,39064,543007,Bangalore,South,147,Flood,Road Accident,Mobile App,18,Male,Settled,3,No,0.47
C2548-N,P63592-F,Kaira Jain,2024-11-20,Property,Health,175986,175986,21087,385136,Bangalore,South,62,Light Rain,House Damage,Online,38,Female,Settled,28,No,0.46
C4179-A,P88016-D,Akarsh Rajagopalan,2024-01-22,Agriculture,Vehicle,259891,259891,28312,499694,Chennai,South,277,Moderate Rain,Flood Damage,Branch,64,Male,Settled,30,No,0.52
C9395-N,P75124-Y,Rati Savant,2024-01-22,Vehicle,Agriculture,40783,40783,23365,216059,Jaipur,North,272,Flood,Crop Loss,Branch,31,Other,Settled,10,No,0.19
C3461-T,P42821-A,Dharmajan Varma,2024-08-25,Vehicle,Health,122277,73494,19564,222221,Hyderabad,South,291,Moderate Rain,Hospitalization,Online,30,Male,Settled,21,No,0.55
C2371-C,P62910-M,Stuvan Konda,2024-04-13,Health,Health,82075,82075,11500,148805,Hyderabad,South,276,Heavy Rain,House Damage,Mobile App,47,Other,Pending,23,No,0.55
C4563-R,P64953-P,Aaina Buch,2024-07-06,Agriculture,Vehicle,218326,218326,34553,286283,Jaipur,North,104,Light Rain,Road Accident,Online,38,Other,Settled,6,No,0.76
C5935-J,P97532-T,Yasmin Bal,2024-03-17,Agriculture,Life,261090,261090,35214,540184,Jaipur,North,133,Flood,Crop Loss,Agent,31,Female,Settled,17,No,0.48
C5613-E,P15200-E,Rasha Gera,2024-09-15,Vehicle,Life,135167,135167,23947,306313,Chennai,South,128,Moderate Rain,Road Accident,Agent,26,Other,Pending,22,No,0.44
C2375-U,P17430-Z,Amira Saraf,2024-03-09,Health,Vehicle,21123,21123,29320,148966,Bangalore,South,165,Flood,Crop Loss,Online,49,Other,Settled,13,No,0.14
C9427-D,P25877-E,Ivana Apte,2024-04-18,Health,Property,157947,157947,49255,244035,Hyderabad,South,238,Moderate Rain,Flood Damage,Branch,49,Other,Settled,9,No,0.65
C4275-V,P65439-B,Madhav Ranganathan,2024-05-10,Agriculture,Agriculture,191243,111643,13005,373721,Kolkata,East,299,Flood,House Damage,Online,68,Other,Pending,27,Yes,0.51
C3011-D,P79396-U,Badal Mane,2024-03-26,Property,Health,422749,213816,45026,716163,Ahmedabad,West,183,Heavy Rain,Flood Damage,Online,18,Male,Settled,11,No,0.59
C8104-K,P65140-E,Alisha Talwar,2024-03-03,Property,Property,123349,123349,10607,368304,Bangalore,South,146,Flood,Crop Loss,Branch,64,Other,Pending,26,No,0.33
C7077-V,P67235-I,Damini Madan,2024-01-16,Vehicle,Vehicle,66120,66120,48617,297484,Chennai,South,178,Flood,House Damage,Online,41,Male,Settled,21,No,0.22
C3154-T,P36240-B,Yasmin Bobal,2024-04-11,Health,Agriculture,36453,36453,48791,98596,Bangalore,South,231,Heavy Rain,Road Accident,Mobile App,33,Female,Pending,16,No,0.37
C9631-O,P58827-H,Tushar Bumb,2024-01-21,Vehicle,Agriculture,63587,63587,38132,336497,Ahmedabad,West,275,Light Rain,Flood Damage,Mobile App,49,Male,Pending,18,No,0.19
C7651-B,P96717-N,Gokul Shukla,2024-01-30,Agriculture,Vehicle,180150,180150,42285,363880,Jaipur,North,117,Moderate Rain,Crop Loss,Online,59,Female,Pending,20,No,0.5
C9431-X,P59374-V,Jhanvi Rama,2024-12-23,Property,Property,443243,443243,21243,553150,Bangalore,South,151,Heavy Rain,Hospitalization,Mobile App,25,Male,Settled,25,No,0.8
C9945-R,P85854-P,Suhana Dugal,2024-04-04,Vehicle,Vehicle,63415,63415,9786,340959,Mumbai,West,260,Light Rain,Road Accident,Branch,38,Other,Settled,23,No,0.19
C2597-O,P74434-T,Divit Gandhi,2024-02-19,Health,Agriculture,56752,56752,27739,269893,Jaipur,North,115,Light Rain,Hospitalization,Mobile App,52,Male,Pending,20,No,0.21
C3456-D,P33594-S,Samaira Balasubramanian,2024-10-27,Property,Vehicle,496216,496216,30687,756928,Hyderabad,South,92,Light Rain,Flood Damage,Branch,65,Other,Settled,22,No,0.66
C9916-J,P71583-U,Raghav Dash,2024-01-30,Agriculture,Life,281073,281073,26494,438102,Pune,West,74,Flood,House Damage,Agent,24,Female,Pending,15,No,0.64
C9792-G,P78861-Z,Himmat Subramaniam,2024-11-28,Vehicle,Vehicle,90365,90365,23584,326232,Chennai,South,194,Moderate Rain,Flood Damage,Online,54,Female,Settled,23,No,0.28
C6687-X,P10871-P,Zain Shere,2024-03-29,Health,Life,112295,112295,45421,404945,Hyderabad,South,91,Heavy Rain,Flood Damage,Branch,66,Male,Settled,28,No,0.28
C7514-U,P61587-A,Advika Iyengar,2024-10-23,Health,Life,142692,142692,35679,241151,Ahmedabad,West,54,Flood,Road Accident,Branch,39,Female,Settled,12,No,0.59
C2039-M,P48351-T,Aaryahi Srinivasan,2024-03-14,Vehicle,Agriculture,85557,85557,24907,241728,Bangalore,South,143,Light Rain,Flood Damage,Agent,49,Male,Pending,14,No,0.35
C3214-S,P92296-R,Nitya Sant,2024-09-30,Agriculture,Agriculture,123483,123483,45783,301493,Kolkata,East,267,Light Rain,Hospitalization,Online,21,Male,Settled,3,No,0.41
C3606-E,P71402-R,Sumer Manne,2024-05-26,Health,Life,87358,87358,41015,152118,Lucknow,North,158,Moderate Rain,Road Accident,Mobile App,53,Male,Rejected,22,No,0.57
C4524-K,P71375-F,Rhea Krishnan,2024-10-19,Property,Property,463190,463190,45177,650441,Jaipur,North,105,Moderate Rain,Road Accident,Online,20,Male,Pending,29,No,0.71
C3435-E,P15512-B,Kaira Bains,2024-01-22,Health,Property,140961,140961,12135,243067,Jaipur,North,81,Heavy Rain,Road Accident,Agent,51,Female,Pending,6,No,0.58
C3144-S,P83101-Z,Madhav Sachar,2024-07-16,Vehicle,Health,63011,63011,30261,298996,Lucknow,North,67,Light Rain,Crop Loss,Branch,27,Female,Settled,10,No,0.21
C7057-X,P16332-W,Divij Koshy,2024-10-17,Health,Property,101189,101189,40317,290834,Jaipur,North,154,Heavy Rain,Crop Loss,Mobile App,46,Other,Pending,24,No,0.35
C5956-E,P10230-Y,Lakshit Ray,2024-04-09,Health,Life,37690,37690,14375,268934,Ahmedabad,West,103,Moderate Rain,Road Accident,Online,29,Female,Settled,28,No,0.14
C8767-T,P80675-A,Saanvi Wali,2024-09-11,Vehicle,Health,85579,85579,13828,365313,Ahmedabad,West,262,Heavy Rain,Crop Loss,Mobile App,68,Male,Pending,25,No,0.23
C8315-J,P90510-A,Hridaan Verma,2024-12-20,Property,Vehicle,449804,384812,18507,744014,Kolkata,East,241,Heavy Rain,House Damage,Branch,43,Other,Settled,25,No,0.6
C5084-I,P62183-P,Yuvaan Chaudry,2024-09-14,Agriculture,Agriculture,149860,149860,41698,200846,Delhi,North,234,Heavy Rain,Hospitalization,Agent,50,Female,Settled,29,No,0.75
C9659-R,P15346-C,Kiara Jha,2024-09-18,Property,Life,137419,137419,37749,361892,Hyderabad,South,76,Moderate Rain,Crop Loss,Agent,32,Female,Rejected,29,No,0.38
C1690-E,P97053-R,Kashvi Divan,2024-04-14,Vehicle,Vehicle,119309,119309,11858,365566,Kolkata,East,77,Heavy Rain,House Damage,Branch,28,Other,Pending,11,No,0.33
C3306-J,P42921-J,Rati Magar,2024-08-07,Vehicle,Agriculture,64813,64813,32514,284577,Lucknow,North,249,Light Rain,Flood Damage,Mobile App,31,Other,Settled,27,No,0.23
C6368-E,P33317-K,Ira Kant,2024-09-27,Property,Vehicle,363374,363374,45347,420058,Hyderabad,South,91,Light Rain,Crop Loss,Branch,51,Male,Settled,23,No,0.87
C8661-G,P14671-M,Shaan Kapoor,2024-01-03,Agriculture,Vehicle,191598,170992,20971,423237,Pune,West,280,Moderate Rain,Crop Loss,Online,40,Female,Rejected,8,No,0.45
C6440-O,P99333-I,Miraan Verma,2024-09-29,Property,Health,312751,312751,47848,519207,Mumbai,West,233,Flood,Road Accident,Branch,34,Female,Settled,17,No,0.6
C6055-X,P84146-I,Lakshit Setty,2024-06-06,Vehicle,Vehicle,75481,75481,28314,249241,Kolkata,East,122,Heavy Rain,Road Accident,Agent,69,Male,Rejected,6,No,0.3
C7842-S,P69875-Y,Jayant Iyengar,2024-07-03,Vehicle,Health,84105,84105,42265,194206,Kolkata,East,190,Light Rain,Flood Damage,Branch,67,Other,Settled,22,No,0.43
C7828-R,P84727-B,Alisha Sami,2024-03-28,Health,Property,127439,127439,15126,411015,Bangalore,South,195,Moderate Rain,Hospitalization,Mobile App,29,Other,Settled,27,No,0.31
C1062-J,P76870-U,Mishti Bhargava,2024-04-25,Health,Property,159879,159879,17852,257324,Kolkata,East,187,Moderate Rain,Crop Loss,Agent,57,Female,Settled,20,No,0.62
C2448-E,P32421-C,Ishita Suri,2024-10-14,Property,Life,226509,127537,10314,484301,Hyderabad,South,199,Flood,Road Accident,Branch,64,Male,Rejected,17,No,0.47
C2267-C,P95426-I,Tarini Sekhon,2024-09-23,Property,Life,351975,351975,6202,508418,Mumbai,West,189,Light Rain,Road Accident,Branch,43,Male,Pending,25,No,0.69
C8094-U,P11874-Y,Abram Kala,2024-08-29,Agriculture,Life,272618,272618,24129,359010,Mumbai,West,56,Flood,House Damage,Mobile App,41,Female,Pending,20,No,0.76
C8566-H,P73564-X,Biju Dewan,2024-06-09,Agriculture,Life,62782,62782,47801,289107,Pune,West,226,Heavy Rain,Crop Loss,Online,40,Other,Settled,9,No,0.22
C1849-R,P20538-O,Eshani Raval,2024-12-23,Agriculture,Agriculture,123504,107482,23702,234074,Pune,West,100,Heavy Rain,Road Accident,Online,47,Female,Settled,7,No,0.53
C7981-P,P24370-E,Saanvi Bhandari,2024-05-14,Health,Agriculture,46041,25659,38118,187137,Chennai,South,116,Heavy Rain,Flood Damage,Branch,59,Other,Pending,18,No,0.25
C4902-Y,P96224-I,Aarush Sachdev,2024-08-11,Vehicle,Health,34875,34875,35614,305779,Pune,West,287,Light Rain,House Damage,Mobile App,58,Male,Settled,30,No,0.11
C3425-D,P79416-C,Misha Dani,2024-04-19,Vehicle,Health,142636,142636,46347,316151,Mumbai,West,235,Flood,Flood Damage,Online,24,Female,Pending,28,No,0.45
C1292-H,P19910-S,Neelofar Edwin,2024-07-13,Vehicle,Agriculture,126737,126737,14978,351714,Pune,West,281,Moderate Rain,Hospitalization,Online,19,Female,Settled,18,No,0.36
C5003-W,P70795-X,Diya Saini,2024-09-18,Agriculture,Life,126970,74662,42814,318552,Chennai,South,294,Light Rain,Flood Damage,Mobile App,19,Other,Pending,10,No,0.4
C1099-V,P28408-T,Aradhya Singh,2024-01-06,Property,Property,440140,440140,38979,506156,Mumbai,West,267,Moderate Rain,Road Accident,Mobile App,69,Female,Settled,18,No,0.87
C2214-D,P51703-J,Emir Loke,2024-05-17,Health,Vehicle,151293,151293,9812,263781,Ahmedabad,West,93,Heavy Rain,Road Accident,Mobile App,18,Male,Settled,5,No,0.57
C9468-K,P11101-X,Rohan Chakrabarti,2024-01-27,Agriculture,Property,272033,272033,7750,516134,Mumbai,West,61,Moderate Rain,House Damage,Agent,54,Female,Settled,7,No,0.53
C6706-I,P74981-V,Eva Chawla,2024-08-12,Property,Agriculture,245500,245500,37098,379543,Jaipur,North,143,Light Rain,Flood Damage,Online,57,Male,Rejected,20,No,0.65
C7857-L,P55682-Y,Saanvi Bail,2024-05-30,Property,Agriculture,264305,264305,21195,326308,Kolkata,East,108,Flood,Road Accident,Online,18,Other,Settled,5,No,0.81
C9182-N,P10186-V,Rasha Sura,2024-09-03,Vehicle,Vehicle,49183,49183,36107,151990,Bangalore,South,160,Flood,Crop Loss,Branch,35,Male,Settled,11,No,0.32
C9159-M,P15097-I,Hansh Rege,2024-11-26,Vehicle,Life,49425,49425,33104,337362,Kolkata,East,253,Flood,Flood Damage,Branch,52,Other,Pending,17,No,0.15
C1349-R,P45121-H,Nitya Chowdhury,2024-11-14,Agriculture,Agriculture,131151,131151,7587,192255,Chennai,South,267,Heavy Rain,Hospitalization,Mobile App,44,Other,Settled,10,No,0.68
C4195-Y,P94352-H,Hazel Dugal,2024-11-22,Health,Agriculture,76277,76277,20730,234265,Pune,West,92,Heavy Rain,House Damage,Branch,28,Female,Pending,20,No,0.33
C8784-M,P92070-P,Pari Keer,2024-08-03,Property,Agriculture,350031,350031,47152,607263,Lucknow,North,267,Moderate Rain,Road Accident,Agent,21,Other,Settled,15,No,0.58
C4050-O,P18103-D,Jhanvi Varghese,2024-01-22,Health,Agriculture,136548,136548,33560,362511,Hyderabad,South,193,Moderate Rain,House Damage,Branch,50,Male,Pending,18,No,0.38
C9973-Y,P87530-D,Vidur Mall,2024-11-10,Property,Health,170113,170113,21535,448738,Mumbai,West,179,Light Rain,Crop Loss,Online,42,Other,Pending,15,No,0.38
C2249-F,P70202-T,Aarush Sane,2024-05-13,Vehicle,Health,110527,110527,8326,178656,Lucknow,North,254,Flood,Road Accident,Branch,49,Other,Pending,22,No,0.62
C7201-M,P48637-T,Madhup Thaman,2024-05-10,Vehicle,Life,115062,80287,38258,303066,Kolkata,East,92,Heavy Rain,Crop Loss,Mobile App,23,Other,Pending,16,No,0.38
C5565-Y,P29473-O,Adira Bose,2024-01-27,Property,Health,449310,268493,13674,618672,Jaipur,North,183,Heavy Rain,Road Accident,Branch,68,Other,Settled,25,No,0.73
C9119-X,P78705-E,Aarav Raval,2024-01-21,Property,Vehicle,232910,232910,34531,373025,Ahmedabad,West,217,Flood,Road Accident,Mobile App,58,Female,Rejected,29,No,0.62
C1738-J,P43239-N,Heer Ben,2024-09-08,Vehicle,Health,40229,40229,17160,187952,Chennai,South,137,Heavy Rain,Flood Damage,Branch,21,Male,Settled,28,No,0.21
C2230-C,P44232-M,Ayesha Khatri,2024-03-10,Property,Health,436294,436294,15748,680902,Pune,West,246,Light Rain,Crop Loss,Online,45,Other,Settled,9,No,0.64
C5848-V,P94129-Y,Jayant Sarkar,2024-05-02,Vehicle,Health,106515,106515,18026,366544,Mumbai,West,74,Flood,Flood Damage,Mobile App,52,Female,Settled,3,No,0.29
C2648-Z,P65292-Z,Hrishita Balasubramanian,2024-05-25,Health,Vehicle,153396,153396,45931,349776,Delhi,North,262,Moderate Rain,Crop Loss,Online,64,Male,Settled,4,No,0.44
C9073-E,P68930-J,Advika Bhargava,2024-01-04,Health,Health,83203,83203,24621,243122,Ahmedabad,West,74,Moderate Rain,Crop Loss,Online,41,Other,Pending,11,No,0.34
C9615-D,P92908-V,Akarsh Bhattacharyya,2024-08-16,Agriculture,Life,282778,282778,31488,505711,Mumbai,West,74,Flood,Flood Damage,Online,19,Male,Settled,12,No,0.56
C5325-W,P53612-O,Lagan Bassi,2024-04-19,Vehicle,Agriculture,42391,42391,27889,267221,Bangalore,South,124,Heavy Rain,Flood Damage,Agent,30,Male,Settled,30,No,0.16
C7429-X,P37210-A,Aaryahi Buch,2024-05-15,Vehicle,Agriculture,46301,46301,18976,165583,Ahmedabad,West,300,Heavy Rain,Crop Loss,Branch,20,Male,Pending,10,No,0.28
C5326-C,P90678-X,Ranbir Shanker,2024-03-28,Agriculture,Vehicle,113957,113957,7065,196589,Ahmedabad,West,105,Moderate Rain,Hospitalization,Online,45,Male,Settled,18,No,0.58
C4419-Y,P10076-F,Shamik Raju,2024-02-25,Agriculture,Vehicle,81704,81704,7530,296691,Mumbai,West,216,Light Rain,Road Accident,Online,61,Male,Pending,21,Yes,0.28
C5702-Q,P99325-P,Prisha Bora,2024-11-05,Vehicle,Vehicle,133721,73502,46777,232333,Kolkata,East,195,Light Rain,Crop Loss,Agent,46,Female,Settled,4,No,0.58
C4509-V,P81422-D,Manikya Madan,2024-09-25,Health,Vehicle,129302,129302,24880,375356,Ahmedabad,West,229,Light Rain,Flood Damage,Mobile App,36,Other,Pending,6,No,0.34
C6919-V,P17359-R,Neelofar Dewan,2024-09-09,Vehicle,Property,102010,102010,40791,331525,Pune,West,62,Light Rain,House Damage,Online,23,Other,Settled,26,No,0.31
C3345-S,P67070-N,Samarth Saran,2024-03-09,Agriculture,Vehicle,80261,80261,40105,287350,Mumbai,West,170,Moderate Rain,Road Accident,Agent,46,Male,Settled,12,No,0.28
C7471-J,P74194-G,Shray Sekhon,2024-09-05,Property,Health,409303,409303,25917,558515,Bangalore,South,225,Flood,Hospitalization,Mobile App,60,Male,Pending,27,No,0.73
C1883-W,P94824-P,Sahil Kalita,2024-01-01,Health,Health,53679,38758,26493,256149,Lucknow,North,226,Light Rain,Road Accident,Branch,31,Male,Pending,16,No,0.21
C9548-S,P16746-C,Fateh Varkey,2024-07-04,Agriculture,Agriculture,128047,118112,28256,318834,Delhi,North,121,Flood,Crop Loss,Agent,40,Other,Settled,19,No,0.4
C2421-V,P79075-F,Hazel Mannan,2024-07-21,Agriculture,Vehicle,166537,166537,22860,281228,Pune,West,56,Flood,Hospitalization,Mobile App,27,Male,Settled,8,No,0.59
C5065-N,P13174-H,Ritvik Sinha,2024-08-28,Property,Life,416943,416943,25142,652581,Hyderabad,South,129,Heavy Rain,Hospitalization,Agent,28,Other,Settled,21,No,0.64
C3234-D,P66466-A,Tiya Agrawal,2024-06-16,Property,Life,369135,369135,28255,464442,Hyderabad,South,118,Moderate Rain,Hospitalization,Branch,39,Other,Settled,21,No,0.79
C4384-H,P45317-L,Zoya Deshmukh,2024-05-23,Vehicle,Vehicle,143094,143094,46176,413370,Jaipur,North,211,Light Rain,Crop Loss,Mobile App,29,Female,Rejected,6,No,0.35
C8957-S,P16792-R,Prerak Suri,2024-10-22,Property,Life,189995,189995,17429,409311,Delhi,North,273,Flood,House Damage,Online,57,Other,Settled,9,No,0.46
C2552-I,P34997-N,Kiaan Kannan,2024-05-08,Health,Vehicle,95589,95589,17015,350417,Jaipur,North,272,Flood,Crop Loss,Agent,68,Other,Settled,4,No,0.27
C8112-S,P69019-I,Himmat Sani,2024-02-15,Property,Agriculture,158722,158722,35235,245776,Bangalore,South,68,Heavy Rain,Flood Damage,Mobile App,65,Other,Pending,11,No,0.65
C4460-T,P58560-Q,Manjari Dugar,2024-04-18,Health,Health,101425,101425,22241,163009,Hyderabad,South,191,Moderate Rain,House Damage,Online,34,Female,Settled,10,No,0.62
C7756-A,P80073-B,Tushar Datta,2024-11-21,Health,Health,103052,103052,44880,213898,Bangalore,South,82,Light Rain,House Damage,Mobile App,19,Male,Settled,16,No,0.48
C5949-I,P59323-Q,Shlok Brahmbhatt,2024-02-01,Agriculture,Vehicle,213569,213569,38824,454755,Lucknow,North,282,Flood,Flood Damage,Agent,47,Male,Rejected,19,No,0.47
C8781-S,P59837-S,Pranay Lanka,2024-09-22,Vehicle,Health,105708,105708,38773,179829,Hyderabad,South,264,Flood,Crop Loss,Agent,59,Other,Settled,8,No,0.59
C6850-M,P52245-Y,Shanaya Talwar,2024-02-29,Agriculture,Health,178073,178073,34010,441287,Kolkata,East,194,Flood,Crop Loss,Agent,65,Male,Settled,3,No,0.4
C4772-K,P40644-U,Yuvraj  Walla,2024-10-31,Vehicle,Health,48331,35927,47230,231238,Hyderabad,South,89,Flood,Crop Loss,Branch,25,Female,Pending,20,No,0.21
C6017-N,P87842-G,Jivika Sood,2024-06-06,Health,Health,124775,70281,45153,362881,Hyderabad,South,119,Moderate Rain,Flood Damage,Mobile App,42,Female,Settled,18,No,0.34
C1607-L,P69613-M,Yashvi Sinha,2024-12-08,Vehicle,Agriculture,137651,137651,13194,379824,Delhi,North,259,Light Rain,Road Accident,Agent,35,Male,Pending,6,No,0.36
C6932-S,P54416-R,Ayesha Datta,2024-02-16,Property,Vehicle,400776,400776,17644,494452,Hyderabad,South,79,Light Rain,Crop Loss,Branch,20,Male,Settled,10,No,0.81
C7415-R,P65476-A,Yakshit Varma,2024-05-16,Property,Life,204955,204955,9898,392756,Chennai,South,153,Moderate Rain,Road Accident,Branch,68,Other,Settled,8,No,0.52
C7689-T,P27155-R,Taimur Sandal,2024-05-05,Property,Vehicle,278519,278519,9750,491570,Pune,West,300,Heavy Rain,Hospitalization,Branch,52,Other,Settled,22,No,0.57
C3659-L,P80044-Q,Baiju Apte,2024-08-27,Vehicle,Health,68601,45517,43659,177053,Lucknow,North,150,Flood,House Damage,Agent,40,Male,Rejected,14,Yes,0.39
C4294-J,P52271-C,Shalv Aurora,2024-06-03,Health,Health,37333,37333,36729,305643,Kolkata,East,69,Moderate Rain,Hospitalization,Branch,29,Other,Pending,22,No,0.12
C4987-M,P96929-L,Bhamini Deshpande,2024-05-28,Property,Property,155588,155588,31202,224851,Lucknow,North,223,Moderate Rain,Road Accident,Agent,51,Other,Settled,11,No,0.69
C3526-W,P96827-V,Elakshi Bhandari,2024-08-22,Vehicle,Life,37558,37558,21946,269366,Mumbai,West,201,Moderate Rain,Crop Loss,Branch,24,Male,Pending,9,No,0.14
C3631-B,P14133-H,Shayak Kashyap,2024-10-20,Vehicle,Life,114132,114132,32123,338681,Jaipur,North,262,Light Rain,Flood Damage,Online,41,Female,Settled,26,No,0.34
C3480-W,P15476-Q,Vihaan Johal,2024-11-12,Property,Life,297961,297961,9338,392613,Mumbai,West,94,Light Rain,Road Accident,Mobile App,65,Male,Pending,7,No,0.76
C4253-K,P30468-Y,Heer Sidhu,2024-10-27,Vehicle,Life,63441,63441,11258,137674,Delhi,North,138,Light Rain,Crop Loss,Mobile App,18,Male,Settled,19,No,0.46
C1014-I,P52326-T,Hiran Mani,2024-06-07,Property,Health,278912,278912,6664,459324,Delhi,North,74,Flood,Hospitalization,Branch,56,Other,Pending,4,No,0.61
C2765-Y,P24810-S,Bhavin Badal,2024-10-26,Health,Agriculture,191417,191417,26524,332659,Jaipur,North,197,Flood,Flood Damage,Online,52,Female,Settled,25,No,0.58
C4925-O,P35425-B,Purab Bobal,2024-02-15,Agriculture,Property,167662,167662,26049,407649,Lucknow,North,208,Light Rain,Flood Damage,Branch,27,Male,Pending,8,No,0.41
C6286-D,P69422-Z,Dharmajan Aurora,2024-03-15,Health,Life,174681,174681,11333,264235,Mumbai,West,215,Flood,Road Accident,Branch,54,Male,Pending,26,No,0.66
C9854-E,P40596-J,Aayush Chowdhury,2024-03-09,Agriculture,Agriculture,121649,121649,29836,411244,Bangalore,South,112,Heavy Rain,Road Accident,Branch,19,Female,Pending,7,No,0.3
C1659-T,P54604-Y,Parinaaz Ramanathan,2024-11-19,Vehicle,Life,146522,117798,5851,250096,Hyderabad,South,63,Flood,Crop Loss,Branch,33,Other,Rejected,25,No,0.59
C1612-C,P56647-P,Anahi Krishna,2024-07-27,Vehicle,Agriculture,88189,88189,44166,352322,Bangalore,South,153,Moderate Rain,Road Accident,Mobile App,63,Female,Settled,3,No,0.25
C3354-X,P81473-E,Jivin Basu,2024-04-29,Property,Agriculture,402460,402460,18254,655672,Bangalore,South,128,Light Rain,House Damage,Mobile App,57,Other,Settled,26,No,0.61
C1992-B,P64257-Z,Anaya Chada,2024-09-23,Vehicle,Vehicle,142899,142899,25488,240777,Delhi,North,54,Light Rain,House Damage,Online,31,Male,Pending,26,No,0.59
C7882-B,P98832-Q,Riya Agarwal,2024-08-29,Health,Property,44857,23769,28891,301505,Hyderabad,South,215,Moderate Rain,Hospitalization,Agent,32,Male,Pending,7,No,0.15
C9040-L,P49571-K,Priyansh Dar,2024-06-23,Property,Life,377409,324480,40813,667327,Hyderabad,South,167,Heavy Rain,House Damage,Agent,42,Female,Rejected,16,No,0.57
C8873-Z,P76137-I,Indrans Tella,2024-02-13,Vehicle,Health,76914,76914,37263,320760,Mumbai,West,71,Moderate Rain,Crop Loss,Agent,20,Other,Settled,27,No,0.24
C3859-H,P29374-R,Miraan Randhawa,2024-08-17,Vehicle,Vehicle,85969,85969,49451,262423,Mumbai,West,298,Moderate Rain,Road Accident,Agent,53,Female,Pending,12,No,0.33
C1144-T,P32646-P,Vihaan Datta,2024-03-10,Vehicle,Health,89588,69799,23239,287882,Mumbai,West,211,Light Rain,Crop Loss,Agent,56,Female,Settled,4,No,0.31
C9495-P,P48779-H,Bhamini Edwin,2024-01-20,Health,Vehicle,32981,32981,47710,306475,Lucknow,North,71,Moderate Rain,House Damage,Branch,63,Female,Settled,7,No,0.11
C2438-P,P28430-T,Renee Krishna,2024-02-18,Agriculture,Health,170428,146269,23869,286740,Pune,West,198,Light Rain,House Damage,Mobile App,46,Male,Pending,25,No,0.59
C7982-I,P28441-M,Eva Chowdhury,2024-08-18,Agriculture,Agriculture,139115,93363,8411,274856,Pune,West,291,Flood,House Damage,Online,48,Other,Settled,30,No,0.51
C1996-D,P35248-A,Vihaan Tak,2024-01-31,Health,Agriculture,135863,135863,47009,335834,Hyderabad,South,238,Heavy Rain,Road Accident,Branch,65,Male,Settled,25,No,0.4
C5399-A,P73805-I,Divyansh Ganesan,2024-04-03,Vehicle,Agriculture,138384,138384,42755,263176,Mumbai,West,144,Light Rain,House Damage,Agent,21,Female,Settled,7,No,0.53
C8067-A,P59143-E,Neysa Borde,2024-12-11,Health,Agriculture,160040,122729,5240,310412,Hyderabad,South,241,Light Rain,Road Accident,Online,68,Male,Pending,13,No,0.52
C4576-P,P80723-R,Kartik Bains,2024-02-04,Health,Health,154992,154992,33982,398436,Delhi,North,210,Flood,Crop Loss,Online,40,Other,Settled,15,No,0.39
C1195-Q,P62310-A,Kavya Hans,2024-05-06,Property,Agriculture,394775,394775,21788,543762,Kolkata,East,263,Moderate Rain,Hospitalization,Agent,53,Male,Pending,14,No,0.73
C1224-A,P40581-O,Nayantara Golla,2024-01-18,Health,Property,99939,99939,15257,369311,Hyderabad,South,297,Moderate Rain,Hospitalization,Online,42,Male,Pending,4,No,0.27
C7060-R,P43588-E,Darshit Hans,2024-02-29,Agriculture,Life,201070,119520,45926,266577,Delhi,North,208,Moderate Rain,Crop Loss,Agent,51,Female,Settled,16,No,0.75
C2824-A,P41254-R,Lavanya Anne,2024-06-23,Health,Life,37576,37576,17918,229268,Jaipur,North,169,Flood,House Damage,Branch,30,Female,Pending,16,No,0.16
C7667-N,P31472-Y,Anahi Khatri,2024-08-27,Property,Health,449078,449078,35821,663897,Bangalore,South,146,Moderate Rain,Crop Loss,Mobile App,50,Female,Settled,23,No,0.68
C8619-A,P73054-M,Divit Bhalla,2024-06-07,Property,Vehicle,306879,306879,29391,409357,Delhi,North,219,Heavy Rain,Crop Loss,Agent,46,Other,Settled,4,No,0.75
C8139-A,P35225-G,Dhanush Jani,2024-10-24,Property,Agriculture,199916,199916,43583,393351,Mumbai,West,85,Moderate Rain,Road Accident,Mobile App,19,Female,Pending,14,No,0.51
C3108-L,P70281-B,Zain Chopra,2024-02-17,Vehicle,Health,52077,52077,14627,212478,Mumbai,West,60,Light Rain,Road Accident,Branch,30,Male,Settled,16,No,0.25
C9356-K,P23901-E,Aaryahi Guha,2024-03-07,Property,Agriculture,103773,103773,18913,179036,Hyderabad,South,198,Light Rain,Flood Damage,Branch,42,Female,Rejected,12,No,0.58
C3483-Q,P31957-B,Mamooty Shenoy,2024-07-30,Agriculture,Vehicle,270151,270151,18821,369628,Chennai,South,133,Light Rain,Road Accident,Branch,65,Other,Pending,24,Yes,0.73
C7901-N,P80745-S,Ivana Ratta,2024-09-04,Vehicle,Property,78869,78869,5068,335341,Jaipur,North,278,Heavy Rain,Hospitalization,Mobile App,42,Female,Settled,13,No,0.24
C8668-U,P24962-L,Alisha Joshi,2024-02-08,Agriculture,Vehicle,105408,105408,9702,278263,Pune,West,149,Flood,Flood Damage,Mobile App,34,Other,Settled,17,No,0.38
C6399-V,P96192-M,Inaaya  Chada,2024-10-20,Vehicle,Life,60102,60102,30887,190943,Kolkata,East,122,Flood,Crop Loss,Online,33,Other,Pending,28,No,0.31
C2610-E,P36812-W,Saanvi Shenoy,2024-11-03,Vehicle,Vehicle,44569,44569,41020,117985,Jaipur,North,66,Heavy Rain,Crop Loss,Mobile App,36,Other,Settled,12,No,0.38
C7408-U,P67914-S,Damini Sanghvi,2024-02-28,Property,Health,152945,152945,49703,366133,Mumbai,West,105,Flood,Flood Damage,Branch,21,Male,Settled,21,No,0.42
C7314-F,P22685-B,Suhana Krishnan,2024-04-07,Agriculture,Health,113311,113311,43316,374403,Kolkata,East,68,Moderate Rain,Hospitalization,Mobile App,52,Female,Settled,27,No,0.3
C2307-H,P36402-A,Gokul Sahni,2024-02-25,Agriculture,Agriculture,204396,204396,49054,478721,Chennai,South,122,Moderate Rain,Road Accident,Branch,34,Male,Settled,25,No,0.43
C8293-Z,P87821-O,Bhamini Bhagat,2024-09-16,Vehicle,Property,98803,98803,9322,376378,Ahmedabad,West,58,Light Rain,Crop Loss,Agent,34,Other,Settled,16,No,0.26
C4592-Q,P50771-D,Arhaan Sama,2024-05-05,Health,Property,67089,67089,39388,142518,Lucknow,North,279,Flood,Road Accident,Agent,22,Male,Settled,11,No,0.47
C9853-I,P73549-M,Kanav Chakrabarti,2024-10-14,Property,Health,140331,140331,29583,359936,Bangalore,South,222,Moderate Rain,Flood Damage,Mobile App,64,Other,Pending,21,No,0.39
C4664-C,P30929-I,Baiju Kurian,2024-07-02,Vehicle,Vehicle,113930,113930,40374,251577,Delhi,North,98,Heavy Rain,Hospitalization,Online,34,Female,Pending,3,No,0.45
C1852-W,P88342-Q,Tara Chakraborty,2024-08-02,Property,Health,492860,492860,5429,630503,Lucknow,North,300,Moderate Rain,Hospitalization,Online,63,Female,Settled,4,No,0.78
C2206-Y,P10964-H,Sara Chauhan,2024-06-05,Property,Agriculture,271298,271298,38371,485466,Ahmedabad,West,206,Light Rain,Road Accident,Mobile App,46,Female,Settled,7,No,0.56
C8898-H,P60994-B,Armaan Iyer,2024-01-23,Health,Agriculture,121520,121520,39328,396094,Pune,West,92,Heavy Rain,Crop Loss,Agent,41,Female,Settled,13,No,0.31
C4322-F,P78693-T,Baiju Toor,2024-06-11,Vehicle,Health,42424,42424,16941,105517,Mumbai,West,176,Heavy Rain,Flood Damage,Online,47,Male,Settled,13,No,0.4
C1972-G,P96211-D,Lakshit Buch,2024-07-05,Vehicle,Vehicle,79451,79451,39653,351285,Jaipur,North,103,Flood,Road Accident,Agent,42,Male,Settled,28,No,0.23
C8233-N,P26375-P,Ira Chanda,2024-01-28,Agriculture,Agriculture,273475,273475,26293,423159,Kolkata,East,133,Flood,Flood Damage,Agent,49,Female,Settled,24,No,0.65
C8135-C,P39207-K,Vidur Desai,2024-11-22,Property,Agriculture,174129,174129,25071,398854,Hyderabad,South,66,Moderate Rain,Crop Loss,Agent,68,Male,Settled,6,No,0.44
C6355-I,P15736-V,Arnav Sarma,2024-02-28,Vehicle,Property,123312,123312,38749,408715,Chennai,South,296,Flood,House Damage,Online,26,Male,Settled,29,No,0.3
C2631-V,P21313-G,Vedika Vyas,2024-12-23,Property,Health,258766,258766,16307,480916,Chennai,South,164,Flood,House Damage,Agent,24,Male,Settled,14,No,0.54
C1796-O,P90714-E,Samaira Samra,2024-11-22,Property,Life,197475,197475,10092,341891,Ahmedabad,West,236,Light Rain,Flood Damage,Branch,58,Other,Settled,13,No,0.58
C3105-Q,P62599-Z,Badal Kakar,2024-05-14,Property,Life,111112,111112,46808,359748,Ahmedabad,West,139,Heavy Rain,Crop Loss,Mobile App,50,Other,Pending,18,No,0.31
C6283-T,P77168-U,Shalv Dugar,2024-06-08,Health,Agriculture,196533,196533,24369,314908,Delhi,North,291,Heavy Rain,Flood Damage,Mobile App,63,Other,Rejected,14,No,0.62
C2160-U,P16625-S,Divyansh Jani,2024-11-28,Vehicle,Property,56880,56880,6374,190868,Chennai,South,50,Flood,House Damage,Branch,40,Male,Pending,5,No,0.3
C2682-K,P92335-D,Lakshay Bera,2024-11-03,Agriculture,Vehicle,282970,282970,37180,535380,Pune,West,257,Heavy Rain,Crop Loss,Mobile App,30,Female,Settled,7,Yes,0.53
C7249-C,P66797-K,Amira Gole,2024-12-16,Agriculture,Life,51876,51876,23347,350409,Mumbai,West,201,Heavy Rain,Road Accident,Mobile App,47,Male,Settled,19,No,0.15
C6127-Q,P14308-Z,Nehmat Rege,2024-05-03,Agriculture,Agriculture,284818,284818,44098,356879,Hyderabad,South,135,Flood,Hospitalization,Online,48,Female,Settled,9,No,0.8
C9750-Q,P19958-O,Vedika Sawhney,2024-10-04,Health,Vehicle,116771,116771,31436,307605,Lucknow,North,201,Flood,House Damage,Online,38,Female,Pending,29,No,0.38
C5894-W,P15796-O,Adah Loke,2024-11-04,Agriculture,Property,273061,243352,20085,417601,Delhi,North,165,Heavy Rain,Road Accident,Agent,69,Male,Settled,9,No,0.65
C1528-T,P93059-Z,Keya Agrawal,2024-06-29,Vehicle,Health,99762,96115,20356,208382,Mumbai,West,284,Moderate Rain,Crop Loss,Branch,33,Male,Settled,11,No,0.48
C4287-Q,P47953-V,Arhaan Sidhu,2024-06-09,Agriculture,Vehicle,283014,283014,24331,423637,Pune,West,209,Light Rain,Hospitalization,Agent,19,Female,Pending,15,No,0.67
C1019-Y,P27429-N,Yashvi Dugar,2024-03-19,Agriculture,Life,172748,172748,10528,446541,Pune,West,180,Moderate Rain,Hospitalization,Online,59,Other,Pending,12,No,0.39
C9679-P,P45275-B,Eva Sibal,2024-05-17,Vehicle,Life,115846,115846,14679,188361,Jaipur,North,172,Moderate Rain,Road Accident,Branch,22,Other,Settled,8,No,0.62
C4553-E,P81536-H,Hunar Seth,2024-10-24,Health,Life,41276,41276,8749,92188,Lucknow,North,148,Flood,Hospitalization,Online,38,Other,Settled,7,Yes,0.45
C8629-U,P20650-X,Eva Din,2024-06-12,Health,Agriculture,35648,35648,20543,274031,Lucknow,North,106,Heavy Rain,Flood Damage,Branch,41,Male,Pending,16,No,0.13
C8599-L,P64313-Q,Vanya Sha,2024-04-24,Health,Property,116988,116988,34776,398667,Mumbai,West,173,Moderate Rain,Flood Damage,Online,34,Female,Pending,4,No,0.29
C1659-X,P30521-A,Ryan Bora,2024-10-09,Agriculture,Agriculture,287285,287285,9911,433604,Bangalore,South,257,Light Rain,Flood Damage,Online,18,Male,Pending,8,No,0.66
C4861-E,P65806-E,Advika Sahota,2024-02-25,Agriculture,Property,256014,256014,40919,544391,Delhi,North,278,Flood,Hospitalization,Agent,50,Male,Settled,14,Yes,0.47
C7093-N,P46573-C,Aarna Mahal,2024-09-23,Agriculture,Health,175079,158421,34009,342524,Kolkata,East,253,Moderate Rain,Crop Loss,Branch,31,Male,Settled,17,No,0.51
C1424-B,P57261-P,Amira Sur,2024-06-05,Health,Health,178510,178510,27530,251303,Ahmedabad,West,277,Light Rain,Hospitalization,Agent,24,Male,Settled,19,No,0.71
C1868-R,P33674-P,Arnav Gopal,2024-12-01,Vehicle,Vehicle,78328,78328,9543,236471,Jaipur,North,262,Heavy Rain,Flood Damage,Branch,54,Male,Rejected,22,No,0.33
C2082-F,P91959-E,Devansh Din,2024-04-30,Health,Vehicle,129177,129177,29261,254986,Delhi,North,197,Heavy Rain,Road Accident,Online,69,Other,Pending,17,No,0.51
C9074-Y,P13098-C,Vihaan Devan,2024-06-26,Agriculture,Property,218651,160618,6430,393927,Mumbai,West,63,Moderate Rain,Flood Damage,Online,32,Other,Settled,9,No,0.56
C4313-J,P37716-O,Miraan Choudhury,2024-08-10,Agriculture,Agriculture,137038,137038,41254,290103,Ahmedabad,West,184,Heavy Rain,Hospitalization,Agent,53,Other,Pending,8,Yes,0.47
C5865-N,P32329-V,Darshit Sama,2024-06-11,Health,Property,126227,126227,7120,382084,Mumbai,West,188,Flood,House Damage,Mobile App,32,Female,Settled,10,No,0.33
C1539-K,P84984-J,Jayesh Dasgupta,2024-01-03,Agriculture,Agriculture,213114,213114,29355,501268,Chennai,South,171,Heavy Rain,Flood Damage,Online,48,Other,Pending,28,Yes,0.43
C8357-E,P60844-P,Akarsh Singh,2024-11-26,Agriculture,Agriculture,126560,126560,44820,368009,Ahmedabad,West,145,Heavy Rain,Hospitalization,Branch,66,Other,Settled,15,No,0.34
C3852-I,P63905-Z,Myra Khurana,2024-04-11,Health,Vehicle,185912,147931,24444,423881,Lucknow,North,248,Flood,Hospitalization,Branch,54,Male,Settled,9,No,0.44
C1346-V,P62637-N,Rati Bhavsar,2024-01-24,Agriculture,Health,240372,240372,20861,354509,Kolkata,East,112,Heavy Rain,House Damage,Online,48,Male,Settled,3,No,0.68
C8401-R,P80836-Q,Reyansh Handa,2024-02-01,Vehicle,Health,54670,54670,21753,236036,Jaipur,North,155,Moderate Rain,Crop Loss,Agent,67,Other,Settled,14,No,0.23
C8150-A,P60185-G,Nirvi Doctor,2024-04-18,Property,Health,307849,307849,40808,564925,Delhi,North,168,Flood,Crop Loss,Agent,40,Female,Pending,25,No,0.54
C5096-Y,P61770-Z,Gokul Khare,2024-07-28,Property,Vehicle,265733,265733,5667,527124,Lucknow,North,166,Moderate Rain,Hospitalization,Online,47,Male,Pending,13,No,0.5
C9701-N,P77575-M,Anaya Barad,2024-01-11,Health,Life,37894,37894,20236,206759,Chennai,South,54,Flood,Crop Loss,Branch,22,Other,Settled,18,No,0.18
C7347-F,P80341-H,Aaryahi Krish,2024-04-05,Agriculture,Health,74533,51606,36580,266360,Pune,West,91,Light Rain,Hospitalization,Agent,49,Male,Settled,12,No,0.28
C9085-K,P66540-Q,Tarini Deep,2024-07-15,Agriculture,Vehicle,73845,73845,16919,288133,Bangalore,South,177,Flood,Road Accident,Mobile App,57,Other,Settled,27,No,0.26
C2833-G,P66047-G,Baiju Kibe,2024-08-22,Agriculture,Life,225793,225793,42840,328154,Kolkata,East,75,Light Rain,Crop Loss,Online,41,Male,Rejected,26,No,0.69
C4490-M,P57964-L,Vedika Koshy,2024-09-27,Property,Agriculture,135527,135527,29985,342298,Kolkata,East,272,Flood,Crop Loss,Agent,58,Other,Rejected,10,No,0.4
C4262-U,P41721-H,Sara Issac,2024-03-25,Vehicle,Vehicle,90249,90249,32013,176609,Delhi,North,129,Flood,Hospitalization,Branch,39,Other,Settled,5,No,0.51
C6641-U,P84303-Q,Shlok Rau,2024-09-11,Agriculture,Agriculture,224955,224955,22695,460535,Pune,West,221,Flood,House Damage,Agent,22,Other,Settled,3,No,0.49
C9035-X,P73283-H,Eshani Ram,2024-01-12,Health,Life,78380,78380,14500,378205,Bangalore,South,185,Light Rain,House Damage,Mobile App,28,Other,Pending,12,No,0.21
C8298-Z,P20468-Y,Vidur Gour,2024-09-24,Health,Property,156159,156159,19193,230862,Delhi,North,298,Moderate Rain,Crop Loss,Mobile App,20,Male,Settled,8,No,0.68
C7261-J,P95045-H,Badal Sidhu,2024-12-26,Agriculture,Vehicle,276078,276078,48422,533223,Bangalore,South,94,Light Rain,Hospitalization,Mobile App,34,Female,Settled,20,No,0.52
C3460-I,P53442-N,Saksham Bahl,2024-06-12,Property,Life,361904,361904,7268,618187,Lucknow,North,259,Light Rain,House Damage,Online,24,Female,Settled,22,No,0.59
C2422-R,P77236-T,Hrishita Ghose,2024-08-23,Health,Vehicle,144559,144559,19733,236308,Ahmedabad,West,74,Flood,Flood Damage,Online,68,Male,Pending,6,No,0.61
C2939-P,P89496-P,Alia Koshy,2024-08-03,Health,Life,65434,65434,6366,147363,Ahmedabad,West,229,Heavy Rain,Road Accident,Mobile App,27,Other,Pending,21,No,0.44
C4952-F,P84113-X,Manikya Khurana,2024-02-24,Agriculture,Property,83224,83224,21056,253323,Hyderabad,South,153,Moderate Rain,Flood Damage,Branch,48,Female,Rejected,8,No,0.33
C8086-M,P14094-I,Badal Gill,2024-10-04,Agriculture,Agriculture,237830,237830,6005,307763,Jaipur,North,56,Light Rain,Crop Loss,Agent,26,Female,Pending,5,No,0.77
C1511-D,P83570-B,Samiha Guha,2024-04-28,Vehicle,Health,72090,72090,44943,206365,Kolkata,East,199,Light Rain,Road Accident,Branch,24,Male,Settled,18,No,0.35
C8368-M,P99888-G,Veer Rau,2024-04-16,Health,Agriculture,93914,93914,29637,150803,Delhi,North,187,Heavy Rain,Crop Loss,Mobile App,22,Other,Settled,26,No,0.62
C3822-Q,P79896-Y,Advik Anne,2024-07-31,Health,Agriculture,50083,50083,43683,318780,Chennai,South,89,Light Rain,Crop Loss,Branch,65,Female,Settled,6,No,0.16
C7186-Y,P85028-W,Nitara Rastogi,2024-02-14,Property,Property,174817,159024,14111,363899,Mumbai,West,249,Heavy Rain,Flood Damage,Online,55,Male,Settled,16,No,0.48
C1632-G,P49747-U,Sana Barad,2024-07-06,Health,Agriculture,172394,172394,46663,303685,Pune,West,272,Moderate Rain,House Damage,Online,36,Other,Settled,7,No,0.57
C6873-E,P25544-T,Shaan Lalla,2024-09-05,Agriculture,Agriculture,291010,291010,25550,397724,Kolkata,East,276,Heavy Rain,House Damage,Agent,52,Male,Settled,6,No,0.73
C1767-Y,P80781-V,Hrishita Basu,2024-06-23,Property,Vehicle,146756,91081,29413,396545,Kolkata,East,218,Flood,Road Accident,Branch,47,Male,Pending,17,No,0.37
C1212-D,P67164-T,Jivika Gole,2024-06-23,Health,Agriculture,29958,29958,28777,138502,Lucknow,North,296,Heavy Rain,Crop Loss,Online,28,Female,Pending,13,No,0.22
C4242-Z,P72309-J,Abram Bakshi,2024-05-02,Vehicle,Agriculture,102409,102409,7673,279339,Ahmedabad,West,114,Flood,Road Accident,Mobile App,48,Female,Rejected,10,No,0.37
C5209-X,P37817-M,Emir Subramaniam,2024-11-13,Agriculture,Life,255551,255551,45568,553950,Chennai,South,229,Flood,Crop Loss,Branch,64,Male,Settled,23,No,0.46
C7046-V,P19346-L,Ryan Subramaniam,2024-01-05,Property,Property,349054,349054,27095,489583,Hyderabad,South,208,Light Rain,Road Accident,Agent,57,Male,Settled,28,No,0.71
C5581-X,P80808-A,Tejas Bhat,2024-03-04,Health,Life,46741,46741,46995,251747,Kolkata,East,143,Heavy Rain,Crop Loss,Mobile App,41,Other,Settled,5,No,0.19
C3825-M,P73349-B,Madhav Varty,2024-06-22,Property,Property,419161,419161,42493,509560,Jaipur,North,241,Light Rain,Crop Loss,Mobile App,20,Male,Settled,30,No,0.82
C1721-K,P91936-K,Tanya Loyal,2024-12-13,Agriculture,Property,250864,250864,48600,543305,Mumbai,West,213,Flood,Crop Loss,Branch,37,Male,Settled,12,No,0.46
C5131-K,P95782-V,Keya Raja,2024-11-21,Property,Property,473645,473645,15660,564789,Mumbai,West,248,Light Rain,Flood Damage,Mobile App,62,Female,Settled,20,No,0.84
C7928-C,P28924-O,Farhan Ranganathan,2024-02-01,Agriculture,Vehicle,89143,89143,12035,274957,Chennai,South,249,Moderate Rain,House Damage,Mobile App,47,Other,Pending,22,No,0.32
C5800-H,P13357-U,Sana Vasa,2024-05-11,Property,Life,182336,182336,31177,384380,Ahmedabad,West,261,Moderate Rain,Crop Loss,Online,22,Other,Pending,23,No,0.47
C5012-I,P80586-X,Tarini Sathe,2024-05-11,Property,Life,108894,108894,40729,319283,Mumbai,West,92,Flood,Road Accident,Online,34,Other,Settled,12,No,0.34
C8553-F,P35448-G,Ira Ram,2024-04-18,Health,Health,97331,97331,34128,215023,Hyderabad,South,184,Light Rain,Road Accident,Online,42,Other,Pending,21,No,0.45
C4531-W,P64372-V,Divyansh Kar,2024-05-09,Agriculture,Vehicle,256649,256649,23009,309461,Delhi,North,64,Moderate Rain,Flood Damage,Mobile App,27,Male,Pending,15,No,0.83
C7686-X,P60647-Y,Tarini Sane,2024-07-10,Agriculture,Health,199805,199805,42963,492805,Ahmedabad,West,238,Light Rain,Hospitalization,Agent,65,Male,Settled,26,No,0.41
C4327-I,P85126-K,Misha Brahmbhatt,2024-05-04,Property,Life,476337,476337,29683,607210,Chennai,South,91,Heavy Rain,Crop Loss,Mobile App,37,Other,Settled,18,No,0.78
C7803-G,P43512-B,Rati Sahota,2024-10-19,Property,Agriculture,314706,314706,48606,482696,Mumbai,West,204,Heavy Rain,Crop Loss,Online,52,Female,Settled,10,No,0.65
C4202-A,P80189-E,Ishaan Chand,2024-12-20,Vehicle,Vehicle,50213,50213,12214,225943,Mumbai,West,123,Moderate Rain,Hospitalization,Online,58,Female,Settled,3,No,0.22
C6169-B,P83330-H,Advika Gola,2024-11-09,Agriculture,Vehicle,63686,63686,36353,225232,Jaipur,North,50,Heavy Rain,Flood Damage,Mobile App,43,Male,Pending,15,No,0.28
C3768-B,P22634-J,Rati Sangha,2024-12-01,Property,Health,247145,247145,8787,302600,Chennai,South,214,Light Rain,Road Accident,Mobile App,49,Other,Pending,23,No,0.82
C1956-B,P97976-V,Vardaniya Saha,2024-10-05,Agriculture,Health,186109,186109,34029,396741,Bangalore,South,278,Flood,Hospitalization,Branch,34,Female,Settled,28,No,0.47
C5612-X,P95830-H,Anvi Kapoor,2024-06-08,Health,Agriculture,165502,165502,17248,218529,Delhi,North,255,Flood,Crop Loss,Mobile App,20,Other,Pending,8,No,0.76
C1630-G,P97411-O,Pari Dyal,2024-11-11,Health,Health,120085,60729,16204,273049,Pune,West,232,Flood,Flood Damage,Branch,67,Male,Settled,28,No,0.44
C2533-C,P89898-O,Samarth Dara,2024-08-22,Health,Vehicle,62193,38544,43836,287874,Ahmedabad,West,136,Flood,House Damage,Branch,66,Female,Pending,29,No,0.22
C9576-F,P90842-V,Kavya Sagar,2024-10-21,Health,Health,104334,104334,44556,341685,Hyderabad,South,121,Light Rain,House Damage,Agent,69,Male,Settled,17,No,0.31
C4712-F,P45041-R,Stuvan Gaba,2024-05-29,Vehicle,Vehicle,38921,38921,12754,317057,Pune,West,58,Moderate Rain,Hospitalization,Mobile App,50,Female,Settled,8,No,0.12
C4490-L,P62431-D,Miraan Mani,2024-09-22,Health,Agriculture,43426,43426,24070,330237,Kolkata,East,57,Moderate Rain,Crop Loss,Agent,68,Male,Pending,11,No,0.13
C6512-Z,P24245-T,Inaaya  Warrior,2024-10-05,Vehicle,Vehicle,79938,79938,44823,138717,Jaipur,North,141,Heavy Rain,Flood Damage,Online,18,Male,Settled,14,No,0.58
C3019-K,P81139-P,Ritvik Bali,2024-08-03,Agriculture,Property,53060,53060,8548,247839,Jaipur,North,54,Light Rain,Hospitalization,Online,42,Male,Settled,8,No,0.21
C2174-F,P69968-S,Anahi Sandal,2024-06-13,Health,Life,87525,87525,8727,161777,Pune,West,233,Heavy Rain,Flood Damage,Branch,47,Other,Pending,18,No,0.54
C2100-S,P37773-N,Adira Shenoy,2024-12-30,Health,Life,56293,56293,44120,235822,Kolkata,East,103,Flood,Crop Loss,Mobile App,66,Other,Pending,17,No,0.24
C2735-C,P43664-B,Heer Chandra,2024-05-28,Property,Agriculture,450096,450096,27791,640426,Jaipur,North,270,Heavy Rain,Flood Damage,Mobile App,48,Female,Settled,14,No,0.7
C9853-I,P95202-X,Armaan Sahota,2024-06-25,Property,Vehicle,214311,214311,19921,439331,Mumbai,West,142,Light Rain,Crop Loss,Agent,70,Other,Settled,27,No,0.49
C2343-J,P45621-P,Aarna Sidhu,2024-11-12,Vehicle,Vehicle,148506,148506,5623,389815,Chennai,South,123,Moderate Rain,Road Accident,Online,42,Male,Rejected,11,No,0.38
C8751-D,P96682-N,Aaina Sachdeva,2024-09-01,Property,Life,206605,206605,45472,267157,Kolkata,East,133,Moderate Rain,Road Accident,Branch,48,Other,Pending,23,No,0.77
C1774-V,P15280-F,Umang Sha,2024-05-29,Vehicle,Agriculture,78601,78601,32767,275748,Chennai,South,146,Heavy Rain,Crop Loss,Agent,33,Female,Settled,30,Yes,0.29
C4222-N,P30174-B,Shamik Sarna,2024-04-27,Health,Agriculture,150517,150517,5038,313640,Chennai,South,239,Moderate Rain,Hospitalization,Branch,43,Other,Settled,23,No,0.48
C7150-G,P57173-U,Rati Bava,2024-02-12,Health,Agriculture,175690,116055,33247,473132,Hyderabad,South,286,Moderate Rain,House Damage,Mobile App,38,Male,Rejected,11,No,0.37
C1115-S,P87567-M,Abram Borra,2024-03-16,Vehicle,Agriculture,99263,99263,20512,184366,Hyderabad,South,50,Moderate Rain,House Damage,Mobile App,20,Other,Pending,11,No,0.54
C3092-O,P92161-V,Anvi Bhattacharyya,2024-03-02,Agriculture,Property,212986,212986,22961,391020,Ahmedabad,West,171,Moderate Rain,Flood Damage,Online,29,Other,Pending,27,No,0.54
C1491-K,P34896-C,Ela Sarin,2024-08-26,Health,Property,166141,166141,48289,377380,Bangalore,South,174,Moderate Rain,Hospitalization,Agent,63,Male,Settled,5,No,0.44
C7837-S,P96780-W,Hiran Kalla,2024-05-16,Vehicle,Health,73109,73109,35857,286178,Bangalore,South,231,Light Rain,Flood Damage,Agent,29,Male,Settled,24,No,0.26
C4509-U,P74116-P,Romil Raval,2024-06-27,Property,Agriculture,158240,114697,24525,445519,Delhi,North,68,Heavy Rain,Hospitalization,Mobile App,44,Male,Settled,23,No,0.36
C2468-M,P26692-Q,Mannat Chakraborty,2024-03-07,Agriculture,Agriculture,274820,274820,38875,401981,Jaipur,North,229,Flood,Road Accident,Mobile App,59,Female,Settled,12,No,0.68
C8428-Q,P24328-E,Aarna Mander,2024-11-22,Agriculture,Agriculture,254938,254938,11367,423288,Ahmedabad,West,231,Heavy Rain,Crop Loss,Branch,19,Female,Settled,5,No,0.6
C1128-W,P36151-D,Devansh Balay,2024-06-20,Agriculture,Life,215581,215581,7500,396033,Ahmedabad,West,137,Light Rain,Road Accident,Agent,65,Female,Pending,22,No,0.54
C4607-I,P19014-B,Fateh Dyal,2024-04-16,Health,Health,36407,36407,7771,213150,Delhi,North,101,Light Rain,Flood Damage,Mobile App,62,Male,Pending,30,No,0.17
C4771-H,P73036-A,Aayush Dugar,2024-10-07,Agriculture,Health,143615,143615,37246,309444,Delhi,North,284,Heavy Rain,Flood Damage,Online,30,Other,Settled,25,No,0.46
C2259-P,P71327-G,Taran Sheth,2024-06-01,Agriculture,Health,79041,79041,38783,141063,Jaipur,North,212,Heavy Rain,Road Accident,Branch,62,Male,Pending,19,Yes,0.56
C5095-Z,P85591-B,Dhruv Deep,2024-02-22,Property,Health,391459,391459,6247,608770,Chennai,South,68,Moderate Rain,Hospitalization,Branch,18,Male,Settled,22,No,0.64
C7685-A,P79275-W,Raghav Shukla,2024-08-14,Vehicle,Property,99263,99263,34047,261330,Jaipur,North,123,Light Rain,Hospitalization,Agent,39,Female,Pending,12,No,0.38
C9965-T,P99079-A,Priyansh Virk,2024-06-28,Vehicle,Agriculture,81684,81684,39909,242878,Jaipur,North,161,Moderate Rain,Hospitalization,Branch,69,Female,Settled,16,No,0.34
C7535-H,P63093-Q,Badal Rau,2024-02-25,Property,Property,349613,349613,12851,647527,Delhi,North,242,Flood,House Damage,Agent,30,Other,Pending,26,No,0.54
C2216-V,P99833-U,Nakul Gill,2024-12-29,Property,Agriculture,104255,104255,39591,383314,Pune,West,75,Moderate Rain,House Damage,Agent,44,Female,Pending,14,No,0.27
C3801-M,P96561-L,Vidur Apte,2024-01-06,Agriculture,Life,150094,107232,15939,357166,Kolkata,East,158,Flood,Flood Damage,Online,31,Male,Rejected,24,Yes,0.42
C9341-M,P66629-G,Samarth Agate,2024-07-20,Health,Life,104515,104515,43163,182264,Ahmedabad,West,244,Moderate Rain,House Damage,Branch,68,Female,Settled,5,No,0.57
C1414-G,P21047-P,Shalv Bajwa,2024-05-30,Health,Agriculture,87789,87789,9750,299119,Delhi,North,125,Flood,House Damage,Agent,23,Other,Settled,27,No,0.29
C6325-N,P75500-I,Abram Warrior,2024-11-09,Vehicle,Vehicle,72197,72197,11467,365714,Mumbai,West,95,Flood,House Damage,Mobile App,57,Other,Rejected,29,No,0.2
C8903-X,P98072-P,Hunar Sengupta,2024-09-19,Vehicle,Vehicle,88133,88133,18722,183657,Kolkata,East,189,Moderate Rain,Flood Damage,Online,52,Other,Pending,20,No,0.48
C3455-I,P91085-E,Keya Iyer,2024-04-01,Property,Vehicle,163442,163442,37133,459126,Chennai,South,78,Flood,Crop Loss,Mobile App,54,Male,Settled,16,No,0.36
C5552-N,P56437-Q,Trisha Dave,2024-08-03,Vehicle,Vehicle,86733,86733,45567,233911,Ahmedabad,West,176,Flood,Flood Damage,Mobile App,25,Female,Pending,15,No,0.37
C8043-P,P58626-V,Lagan Baria,2024-06-20,Property,Agriculture,489020,489020,19117,710889,Pune,West,210,Light Rain,Crop Loss,Online,42,Male,Settled,20,No,0.69
C5777-I,P76650-H,Bhamini Bhardwaj,2024-08-10,Health,Life,156224,156224,36399,287355,Delhi,North,249,Flood,Crop Loss,Branch,35,Female,Pending,29,No,0.54
C5417-X,P67924-A,Misha Deo,2024-01-13,Property,Property,150542,150542,33582,202834,Bangalore,South,258,Moderate Rain,Flood Damage,Online,18,Other,Pending,8,Yes,0.74
C2526-K,P98929-Q,Renee Sandhu,2024-04-19,Property,Life,168383,168383,16234,393381,Pune,West,248,Moderate Rain,Crop Loss,Branch,36,Other,Settled,24,No,0.43
C8004-H,P86661-T,Samaira Ratta,2024-01-07,Health,Vehicle,110953,110953,16717,251795,Kolkata,East,292,Flood,House Damage,Online,51,Other,Settled,18,No,0.44
C1911-N,P11481-L,Mohanlal Som,2024-02-23,Vehicle,Vehicle,99991,99991,28514,298639,Chennai,South,52,Moderate Rain,House Damage,Agent,60,Male,Rejected,10,No,0.33
C2104-A,P59378-A,Adah Khare,2024-12-30,Health,Life,133261,133261,49810,198581,Ahmedabad,West,110,Heavy Rain,Crop Loss,Online,35,Other,Settled,25,No,0.67
C4129-H,P38209-G,Parinaaz Koshy,2024-04-23,Property,Life,415988,415988,42326,676499,Chennai,South,52,Flood,Hospitalization,Mobile App,39,Other,Settled,28,No,0.61
C4075-L,P26728-N,Seher Keer,2024-11-20,Property,Agriculture,358832,308657,31737,496576,Mumbai,West,288,Light Rain,Flood Damage,Agent,30,Female,Pending,16,No,0.72
C9597-F,P95989-W,Nitara Bhatnagar,2024-06-23,Property,Agriculture,453039,453039,16321,535813,Lucknow,North,207,Moderate Rain,Road Accident,Branch,44,Other,Settled,21,No,0.85
C9190-P,P90264-F,Tarini Banerjee,2024-10-11,Vehicle,Life,47697,47697,37505,111710,Mumbai,West,284,Moderate Rain,Hospitalization,Branch,49,Male,Settled,25,Yes,0.43
C9439-D,P58082-G,Hrishita Amble,2024-07-24,Property,Vehicle,230031,230031,21522,441222,Delhi,North,120,Flood,Flood Damage,Agent,23,Other,Settled,7,No,0.52
C9399-Z,P64637-F,Rania Mander,2024-04-27,Property,Health,291213,291213,27807,497110,Delhi,North,134,Flood,Hospitalization,Agent,49,Male,Settled,10,No,0.59
C4272-D,P84580-U,Stuvan Sarma,2024-03-23,Health,Vehicle,34165,34165,22438,206537,Bangalore,South,139,Light Rain,Road Accident,Agent,20,Female,Settled,24,No,0.17
C2959-D,P60799-W,Hiran Dasgupta,2024-08-27,Property,Health,412401,412401,21341,576755,Ahmedabad,West,221,Moderate Rain,Flood Damage,Agent,24,Other,Pending,25,No,0.72
C5478-U,P79430-P,Ishaan Ram,2024-07-30,Property,Health,465457,465457,49676,636716,Pune,West,90,Light Rain,Road Accident,Online,66,Female,Settled,29,No,0.73
C6314-W,P21863-X,Diya Dara,2024-05-19,Health,Property,80608,79752,44123,256134,Kolkata,East,201,Moderate Rain,House Damage,Mobile App,35,Other,Settled,18,No,0.31
C7619-Q,P20389-V,Madhav Brahmbhatt,2024-12-23,Property,Vehicle,418652,418652,12648,586820,Kolkata,East,278,Moderate Rain,Hospitalization,Online,24,Female,Settled,25,No,0.71
C4219-T,P23163-Q,Navya Sangha,2024-03-09,Property,Agriculture,401547,401547,42732,553146,Hyderabad,South,103,Flood,House Damage,Agent,41,Male,Settled,3,No,0.73
C4506-P,P30714-N,Riaan Bahl,2024-05-14,Health,Life,45353,45353,9646,271539,Jaipur,North,290,Moderate Rain,Hospitalization,Branch,26,Other,Pending,15,No,0.17
C8678-A,P11471-C,Uthkarsh Jayaraman,2024-05-17,Vehicle,Property,108401,108401,44205,264246,Delhi,North,122,Heavy Rain,Road Accident,Branch,31,Male,Settled,4,No,0.41
C1072-D,P15289-R,Nirvaan De,2024-02-01,Property,Life,428713,428713,49933,616168,Bangalore,South,198,Heavy Rain,Road Accident,Online,24,Female,Settled,21,No,0.7
C6950-D,P33530-L,Mishti Bedi,2024-06-15,Agriculture,Agriculture,208173,208173,19313,308455,Hyderabad,South,177,Flood,House Damage,Branch,42,Male,Pending,25,No,0.67
C2912-M,P84468-B,Ivana Bala,2024-02-05,Health,Property,153009,153009,21063,278978,Bangalore,South,280,Flood,Road Accident,Mobile App,23,Female,Settled,6,No,0.55
C1192-B,P77529-F,Kashvi Dugar,2024-08-25,Vehicle,Property,126068,126068,31573,411652,Chennai,South,201,Moderate Rain,Hospitalization,Mobile App,57,Female,Pending,15,No,0.31
C9856-F,P10252-H,Ehsaan Swaminathan,2024-05-03,Property,Property,443780,443780,26075,618911,Pune,West,219,Light Rain,Crop Loss,Branch,22,Male,Pending,29,No,0.72
C9494-H,P44690-R,Rania Bera,2024-08-17,Vehicle,Property,126462,126462,8615,270547,Jaipur,North,107,Flood,Crop Loss,Branch,34,Female,Pending,8,No,0.47
C2319-I,P89733-O,Shlok Singh,2024-08-13,Vehicle,Property,140994,140994,17126,387584,Jaipur,North,161,Flood,Crop Loss,Agent,67,Other,Settled,30,No,0.36
C1267-H,P31492-S,Misha Gara,2024-05-03,Health,Vehicle,81742,81742,24714,321176,Bangalore,South,134,Light Rain,Road Accident,Branch,61,Female,Pending,18,No,0.25
C1115-C,P86980-N,Pihu Khatri,2024-01-02,Health,Property,146741,146741,25198,408118,Ahmedabad,West,250,Flood,Hospitalization,Online,54,Male,Settled,27,No,0.36
C9924-M,P60999-R,Heer Bhat,2024-07-26,Health,Property,159175,159175,49005,411241,Kolkata,East,122,Light Rain,Crop Loss,Online,52,Female,Settled,17,No,0.39
C1869-X,P50955-Z,Vedika Chand,2024-11-17,Vehicle,Agriculture,139270,139270,42735,302380,Jaipur,North,202,Heavy Rain,House Damage,Mobile App,60,Other,Rejected,9,No,0.46
C9534-D,P40951-Z,Diya Sagar,2024-07-04,Vehicle,Agriculture,89340,62256,14834,329498,Hyderabad,South,120,Light Rain,Flood Damage,Agent,33,Female,Settled,16,No,0.27
C6259-B,P43186-A,Nayantara Thaker,2024-03-17,Vehicle,Health,74436,74436,42133,231109,Ahmedabad,West,50,Heavy Rain,Road Accident,Branch,37,Male,Settled,9,No,0.32
C1613-W,P76481-M,Lakshit Brahmbhatt,2024-03-13,Health,Property,57169,57169,39450,335906,Ahmedabad,West,68,Light Rain,Crop Loss,Agent,25,Male,Settled,17,No,0.17
C8180-H,P26214-H,Zain Kapoor,2024-10-07,Agriculture,Property,257321,257321,35441,315733,Lucknow,North,89,Flood,Crop Loss,Mobile App,56,Male,Settled,23,No,0.81
C7688-G,P75586-E,Tara Walia,2024-02-09,Property,Health,371441,371441,37550,645225,Ahmedabad,West,93,Light Rain,Hospitalization,Online,39,Female,Pending,5,No,0.58
C8780-T,P50323-V,Jiya Sharma,2024-01-10,Health,Property,168522,168522,46480,381327,Pune,West,183,Light Rain,Hospitalization,Agent,61,Female,Settled,27,No,0.44
C3728-L,P37127-B,Heer Randhawa,2024-09-21,Agriculture,Health,102239,102239,16355,187675,Lucknow,North,267,Moderate Rain,Hospitalization,Branch,53,Female,Settled,20,No,0.54
C6556-V,P99507-V,Lavanya Salvi,2024-06-20,Health,Vehicle,37859,30960,19517,194820,Bangalore,South,126,Flood,Hospitalization,Online,34,Male,Settled,9,No,0.19
C1792-O,P95496-Z,Hunar Aggarwal,2024-06-12,Agriculture,Property,58570,58570,32525,345008,Kolkata,East,244,Light Rain,Hospitalization,Online,43,Other,Pending,14,Yes,0.17
C1267-J,P80615-S,Yasmin Bains,2024-06-16,Property,Property,104957,104957,35381,243353,Ahmedabad,West,228,Light Rain,Hospitalization,Online,22,Female,Settled,16,No,0.43
C5235-K,P78963-K,Ryan Bahri,2024-04-08,Vehicle,Vehicle,125071,125071,35335,415773,Jaipur,North,272,Heavy Rain,Flood Damage,Mobile App,25,Female,Settled,19,No,0.3
C9470-C,P61847-K,Kavya Saha,2024-09-12,Vehicle,Vehicle,110057,110057,32773,213946,Kolkata,East,88,Light Rain,Crop Loss,Online,48,Female,Settled,4,Yes,0.51
C6803-Z,P19409-Q,Stuvan Bakshi,2024-01-26,Agriculture,Agriculture,234279,234279,36399,399842,Hyderabad,South,273,Light Rain,Road Accident,Agent,49,Other,Settled,4,No,0.59
C2424-Q,P24712-P,Divyansh Jhaveri,2024-04-20,Agriculture,Property,271657,271657,23553,357227,Mumbai,West,299,Moderate Rain,House Damage,Branch,48,Female,Settled,16,Yes,0.76
C5267-L,P66784-J,Advik Ben,2024-05-01,Agriculture,Property,153912,153912,45492,325512,Delhi,North,88,Moderate Rain,Crop Loss,Mobile App,54,Male,Rejected,8,No,0.47
C4013-I,P83320-M,Nitya Koshy,2024-08-17,Property,Vehicle,155559,155559,5548,272950,Bangalore,South,242,Heavy Rain,Hospitalization,Branch,54,Male,Rejected,23,No,0.57
C6342-B,P68933-G,Zeeshan Madan,2024-11-05,Vehicle,Health,40625,40625,19078,244436,Pune,West,132,Heavy Rain,House Damage,Branch,70,Female,Settled,26,No,0.17
C9134-B,P76056-B,Kartik Jhaveri,2024-02-25,Health,Health,77310,77310,31815,274178,Delhi,North,231,Heavy Rain,Hospitalization,Mobile App,54,Female,Pending,20,Yes,0.28
C1066-I,P94894-E,Jayesh Thakkar,2024-01-23,Property,Life,457355,457355,36658,543484,Ahmedabad,West,290,Light Rain,Crop Loss,Branch,58,Other,Settled,5,No,0.84
C4678-M,P98067-K,Divij Tara,2024-12-11,Health,Life,39800,39800,39767,234360,Delhi,North,178,Heavy Rain,Crop Loss,Agent,43,Female,Settled,25,Yes,0.17
C2695-U,P43741-A,Eshani Jha,2024-08-30,Agriculture,Life,170891,170891,24286,468580,Jaipur,North,285,Moderate Rain,Road Accident,Mobile App,54,Female,Settled,14,No,0.36
C9555-S,P59993-F,Keya Deshmukh,2024-10-23,Agriculture,Agriculture,169651,169651,37148,421855,Chennai,South,163,Flood,Crop Loss,Mobile App,36,Male,Settled,23,Yes,0.4
C4089-T,P37300-B,Akarsh Sawhney,2024-06-07,Agriculture,Life,142217,142217,6562,427434,Jaipur,North,119,Moderate Rain,Flood Damage,Branch,60,Female,Settled,13,No,0.33
C5031-M,P15791-L,Shayak Bandi,2024-04-23,Agriculture,Vehicle,179846,179846,9330,285448,Bangalore,South,208,Flood,Crop Loss,Agent,18,Male,Settled,21,No,0.63
C9986-Y,P14501-D,Dharmajan Sarraf,2024-02-04,Vehicle,Vehicle,145134,145134,16236,400052,Kolkata,East,197,Moderate Rain,Crop Loss,Mobile App,64,Male,Settled,17,No,0.36
C4219-B,P67937-E,Nayantara Chacko,2024-11-11,Property,Agriculture,116482,116482,37557,252817,Pune,West,215,Light Rain,Road Accident,Online,18,Male,Settled,11,No,0.46
C5192-H,P66146-T,Ojas Khalsa,2024-09-23,Agriculture,Agriculture,184279,175025,23573,481625,Kolkata,East,151,Flood,House Damage,Mobile App,51,Male,Pending,17,No,0.38
C3298-M,P44132-D,Miraan Ahuja,2024-07-30,Health,Life,176781,176781,10027,369287,Ahmedabad,West,159,Heavy Rain,Crop Loss,Online,65,Female,Settled,26,No,0.48
C1740-T,P56584-D,Inaaya  Sandal,2024-08-28,Health,Agriculture,79095,79095,18218,271567,Lucknow,North,146,Moderate Rain,Hospitalization,Branch,62,Female,Settled,5,No,0.29
C8559-B,P99538-W,Ela Upadhyay,2024-03-30,Vehicle,Life,98171,98171,17389,161151,Mumbai,West,266,Flood,Crop Loss,Agent,53,Female,Settled,10,No,0.61
C4244-H,P19798-P,Kimaya Mahajan,2024-12-29,Agriculture,Vehicle,103229,103229,42896,231219,Mumbai,West,181,Heavy Rain,Hospitalization,Agent,58,Other,Rejected,27,No,0.45
C5928-S,P92968-I,Jayan Bhandari,2024-02-08,Agriculture,Health,230724,197667,31538,280778,Mumbai,West,66,Flood,Road Accident,Agent,30,Male,Pending,18,No,0.82
C5779-S,P89022-Q,Shray Sibal,2024-01-25,Property,Property,189561,189561,12557,472051,Lucknow,North,72,Flood,Flood Damage,Mobile App,34,Female,Pending,3,No,0.4
C2998-P,P72155-D,Hunar Garg,2024-10-05,Vehicle,Vehicle,56814,56814,35152,108837,Delhi,North,96,Heavy Rain,Road Accident,Agent,52,Female,Settled,18,No,0.52
C5000-C,P22707-J,Anay Rege,2024-12-15,Vehicle,Health,36668,36668,18179,282538,Delhi,North,299,Moderate Rain,Crop Loss,Branch,21,Female,Settled,29,No,0.13
C1402-I,P26846-A,Aayush Khanna,2024-09-05,Agriculture,Life,189299,189299,23921,254062,Hyderabad,South,68,Light Rain,House Damage,Branch,29,Female,Settled,15,Yes,0.75
C2271-H,P18633-D,Raghav Krishnamurthy,2024-02-11,Vehicle,Health,146457,146457,40119,391196,Lucknow,North,270,Flood,Flood Damage,Mobile App,67,Female,Settled,4,No,0.37
C3432-P,P56884-Y,Manikya Vaidya,2024-03-09,Agriculture,Health,66696,66696,27659,124656,Chennai,South,109,Flood,Road Accident,Mobile App,66,Male,Settled,9,No,0.54
C6484-Y,P86736-N,Amani Mall,2024-01-11,Agriculture,Agriculture,149246,149246,43615,302381,Jaipur,North,72,Heavy Rain,House Damage,Agent,68,Male,Pending,22,No,0.49
C9937-N,P45788-O,Anaya Chawla,2024-02-16,Agriculture,Property,262998,262998,44206,429913,Mumbai,West,273,Light Rain,Road Accident,Online,27,Male,Pending,12,No,0.61
C7089-D,P83501-T,Advika Choudhury,2024-08-11,Health,Health,171688,171688,14208,228283,Mumbai,West,272,Heavy Rain,Flood Damage,Agent,46,Other,Settled,10,No,0.75
C6846-V,P55280-F,Yakshit Chahal,2024-02-06,Property,Life,364730,364730,25884,517898,Kolkata,East,116,Heavy Rain,Hospitalization,Branch,25,Other,Settled,8,No,0.7
C5824-K,P67256-O,Arhaan Sur,2024-08-04,Agriculture,Life,80516,50686,11025,234092,Pune,West,152,Heavy Rain,Crop Loss,Mobile App,60,Other,Settled,3,No,0.34
C8263-A,P19336-X,Ishita Datta,2024-05-10,Vehicle,Health,45055,25022,7601,215610,Delhi,North,263,Light Rain,Hospitalization,Online,19,Other,Settled,7,No,0.21
C8729-C,P82863-D,Parinaaz Varghese,2024-01-22,Property,Vehicle,288081,288081,15215,510951,Pune,West,205,Heavy Rain,Hospitalization,Online,68,Male,Settled,12,No,0.56
C1811-E,P53083-E,Charvi Garde,2024-06-12,Vehicle,Vehicle,79908,79908,9634,178472,Lucknow,North,154,Flood,Flood Damage,Branch,67,Male,Pending,3,No,0.45
C9363-T,P13036-G,Aaina Sheth,2024-06-04,Agriculture,Agriculture,103244,103244,11650,264267,Lucknow,North,90,Light Rain,Hospitalization,Mobile App,22,Male,Pending,11,No,0.39
C8925-X,P51453-U,Veer Sawhney,2024-01-30,Vehicle,Life,61250,61250,44780,341793,Kolkata,East,174,Heavy Rain,Road Accident,Mobile App,59,Male,Pending,21,No,0.18
C5977-W,P47678-E,Gokul Bala,2024-10-31,Agriculture,Vehicle,85275,85275,23035,266069,Hyderabad,South,260,Heavy Rain,House Damage,Online,51,Male,Settled,12,No,0.32
C7080-U,P39087-K,Jivin Kalla,2024-01-08,Health,Agriculture,63300,63300,26556,322542,Pune,West,129,Moderate Rain,Hospitalization,Agent,19,Female,Rejected,28,No,0.2
C6824-Y,P74836-H,Lakshay Sibal,2024-09-30,Health,Agriculture,122873,122873,8211,369730,Chennai,South,237,Flood,House Damage,Agent,60,Male,Pending,14,No,0.33
C2897-T,P56891-T,Azad Kothari,2024-09-30,Health,Health,115729,115729,39902,183087,Lucknow,North,229,Light Rain,Crop Loss,Agent,32,Female,Settled,20,No,0.63
C7947-Z,P39042-O,Yakshit Hayre,2024-02-06,Vehicle,Agriculture,97637,97637,27130,262976,Ahmedabad,West,162,Light Rain,Flood Damage,Branch,43,Female,Settled,6,No,0.37
C5787-C,P34843-Q,Adah Bajwa,2024-06-10,Agriculture,Property,242025,231980,6762,322102,Ahmedabad,West,123,Heavy Rain,Crop Loss,Online,25,Female,Pending,19,No,0.75
C3974-P,P64864-O,Taran Sarna,2024-06-06,Property,Vehicle,249104,249104,44717,497759,Mumbai,West,125,Heavy Rain,Crop Loss,Branch,55,Male,Pending,17,No,0.5
C9371-Q,P58643-W,Inaaya  Agrawal,2024-10-05,Agriculture,Property,138894,138894,19808,242735,Pune,West,56,Moderate Rain,Road Accident,Online,58,Other,Settled,15,No,0.57
C5183-D,P49359-F,Pranay Malhotra,2024-09-14,Vehicle,Property,95592,95592,49140,260894,Kolkata,East,138,Light Rain,Road Accident,Mobile App,23,Female,Rejected,24,No,0.37
C2045-F,P29916-G,Yakshit Chacko,2024-11-05,Property,Agriculture,136585,136585,30236,245764,Lucknow,North,175,Light Rain,Hospitalization,Agent,33,Male,Settled,4,No,0.56
C3437-I,P26956-E,Shalv Swaminathan,2024-08-21,Property,Agriculture,192842,169081,31221,347235,Lucknow,North,76,Moderate Rain,Crop Loss,Agent,54,Other,Pending,5,No,0.56
C9448-S,P52710-T,Devansh Dani,2024-01-25,Property,Vehicle,189704,189704,26397,409872,Hyderabad,South,117,Light Rain,Road Accident,Online,51,Male,Pending,11,No,0.46
C4839-Z,P40666-P,Arhaan Balakrishnan,2024-07-23,Vehicle,Health,137624,137624,25978,282410,Kolkata,East,55,Heavy Rain,Crop Loss,Agent,70,Male,Settled,5,No,0.49
C4866-D,P51162-V,Devansh Zacharia,2024-05-31,Property,Vehicle,379932,379932,31595,517084,Ahmedabad,West,119,Moderate Rain,Flood Damage,Mobile App,31,Other,Pending,25,No,0.73
C4994-Z,P26058-A,Advika Hari,2024-05-18,Property,Life,175401,175401,46362,425121,Bangalore,South,159,Moderate Rain,House Damage,Online,38,Other,Pending,5,No,0.41
C6506-Z,P38790-F,Lakshay Srinivasan,2024-12-08,Health,Vehicle,148626,148626,33724,326155,Mumbai,West,50,Moderate Rain,House Damage,Online,40,Other,Settled,26,No,0.46
C8152-D,P28663-U,Hrishita Madan,2024-02-22,Health,Property,28829,28829,47328,191799,Jaipur,North,56,Moderate Rain,Hospitalization,Online,31,Male,Settled,22,No,0.15
C5116-T,P46027-H,Divij Srinivasan,2024-06-27,Vehicle,Life,141870,141870,48690,222743,Kolkata,East,115,Flood,House Damage,Branch,25,Male,Settled,9,No,0.64
C5879-V,P85100-B,Shlok Bala,2024-08-28,Health,Health,88728,88728,12377,321586,Mumbai,West,81,Light Rain,House Damage,Online,53,Male,Settled,11,Yes,0.28
C8228-U,P55204-H,Vanya Yadav,2024-03-27,Agriculture,Vehicle,246111,246111,22056,353359,Delhi,North,91,Moderate Rain,Flood Damage,Online,28,Male,Settled,5,No,0.7
C6501-T,P38450-A,Sumer Deshpande,2024-05-20,Property,Agriculture,373164,373164,32719,473317,Jaipur,North,294,Light Rain,House Damage,Agent,50,Other,Settled,5,No,0.79
C3162-C,P65702-Z,Zain Dyal,2024-06-08,Vehicle,Health,148594,148594,18652,290136,Lucknow,North,219,Flood,House Damage,Online,70,Other,Settled,25,No,0.51
C2376-C,P39408-L,Shanaya Sawhney,2024-07-27,Health,Health,33559,33559,10784,247073,Mumbai,West,50,Flood,House Damage,Online,56,Other,Pending,13,No,0.14
C2515-L,P23368-R,Nirvaan Kaur,2024-02-03,Vehicle,Life,113939,113939,22153,289519,Jaipur,North,165,Heavy Rain,Hospitalization,Branch,48,Male,Pending,28,No,0.39
C6835-B,P66085-X,Pihu Dhaliwal,2024-11-01,Agriculture,Health,239716,239716,26207,513453,Bangalore,South,95,Heavy Rain,Hospitalization,Online,30,Male,Settled,15,No,0.47
C1006-T,P13548-Z,Gatik Das,2024-03-21,Vehicle,Health,107864,107864,24805,405303,Bangalore,South,110,Light Rain,House Damage,Agent,57,Female,Settled,21,No,0.27
C9435-L,P31137-B,Shalv Raval,2024-12-14,Property,Life,400820,400820,17501,681680,Delhi,North,55,Flood,House Damage,Agent,18,Male,Settled,30,No,0.59
C1707-O,P29867-J,Raghav Bora,2024-08-21,Health,Health,117053,68582,39614,357423,Lucknow,North,132,Moderate Rain,House Damage,Online,24,Female,Rejected,9,No,0.33
C5659-G,P44848-H,Jayesh Kunda,2024-08-08,Health,Life,161805,161805,13650,426267,Kolkata,East,125,Heavy Rain,Hospitalization,Agent,55,Female,Pending,22,No,0.38
C9102-Z,P37240-R,Ranbir Garde,2024-02-03,Vehicle,Property,131046,131046,24437,267736,Pune,West,159,Heavy Rain,Hospitalization,Branch,23,Male,Settled,8,No,0.49
C2570-L,P27652-A,Kismat Buch,2024-07-13,Vehicle,Health,111694,111694,37391,316826,Chennai,South,200,Flood,Road Accident,Mobile App,34,Male,Pending,16,No,0.35
C1074-K,P66774-F,Navya Varghese,2024-11-19,Vehicle,Property,60321,60321,41136,325472,Kolkata,East,248,Light Rain,Crop Loss,Agent,47,Female,Pending,26,No,0.19
C1842-L,P48896-P,Vritika Mallick,2024-09-07,Health,Life,36249,36249,24025,299267,Mumbai,West,153,Heavy Rain,Crop Loss,Online,68,Male,Settled,29,No,0.12
C2080-J,P65423-H,Lagan Raman,2024-02-01,Vehicle,Agriculture,86111,86111,22662,300650,Pune,West,202,Light Rain,Crop Loss,Online,36,Other,Settled,18,No,0.29
C8623-C,P75500-U,Ela Jani,2024-03-26,Agriculture,Vehicle,149344,149344,48766,262043,Mumbai,West,140,Moderate Rain,Road Accident,Online,35,Female,Settled,21,No,0.57
C2974-Y,P72203-Z,Jayant Kaur,2024-01-24,Agriculture,Health,138935,138935,44051,265834,Jaipur,North,144,Flood,Flood Damage,Branch,55,Other,Settled,27,No,0.52
C1598-X,P17649-O,Badal Ravi,2024-05-21,Property,Health,204508,204508,12737,460124,Pune,West,133,Heavy Rain,Hospitalization,Mobile App,39,Female,Settled,16,No,0.44
C2928-G,P33877-Z,Seher Dhar,2024-03-18,Vehicle,Health,49559,49559,36854,263908,Kolkata,East,83,Flood,Road Accident,Branch,62,Female,Pending,14,No,0.19
C3241-S,P98243-O,Krish Borah,2024-05-23,Health,Health,168757,167378,36830,461155,Pune,West,102,Flood,Crop Loss,Branch,62,Female,Settled,28,No,0.37
C1772-E,P26652-K,Zaina Thaman,2024-08-21,Property,Vehicle,414431,414431,14797,477751,Kolkata,East,266,Flood,Crop Loss,Agent,51,Male,Settled,14,No,0.87
C9919-H,P39191-C,Damini Cherian,2024-05-10,Property,Life,217091,217091,15525,425045,Mumbai,West,156,Flood,Road Accident,Mobile App,24,Female,Pending,20,No,0.51
C2968-Z,P89602-K,Kiaan Sarraf,2024-07-10,Property,Property,322554,322554,46942,387806,Mumbai,West,259,Moderate Rain,Crop Loss,Branch,52,Other,Settled,4,No,0.83
C2593-R,P62213-U,Tarini Kaur,2024-08-03,Vehicle,Life,30365,30365,19882,102987,Mumbai,West,218,Moderate Rain,Road Accident,Agent,56,Male,Pending,7,No,0.29
C3213-V,P21200-J,Dhanuk Dutt,2024-05-05,Property,Agriculture,337638,337638,12319,527671,Pune,West,86,Flood,Crop Loss,Mobile App,30,Male,Settled,21,No,0.64
C7738-M,P95569-B,Advika Sahota,2024-06-14,Vehicle,Health,121562,121562,23363,361699,Lucknow,North,251,Moderate Rain,Road Accident,Mobile App,69,Other,Pending,18,No,0.34
C5659-K,P98777-B,Arhaan Rajagopal,2024-05-09,Property,Life,384028,384028,36684,439937,Pune,West,97,Light Rain,Flood Damage,Online,26,Male,Settled,9,No,0.87
C1320-J,P89443-V,Divyansh Jayaraman,2024-11-01,Health,Vehicle,141779,141779,27085,303830,Lucknow,North,243,Flood,Hospitalization,Online,38,Male,Settled,26,No,0.47
C6506-P,P23162-H,Divyansh Raval,2024-01-02,Agriculture,Property,113497,113497,8435,251376,Jaipur,North,117,Moderate Rain,House Damage,Mobile App,24,Female,Pending,26,No,0.45
C3560-O,P79019-R,Ahana  Varma,2024-06-02,Health,Agriculture,34559,34559,24472,238431,Bangalore,South,62,Heavy Rain,Crop Loss,Branch,54,Female,Settled,23,No,0.14
C1080-J,P67556-D,Piya Kothari,2024-08-27,Property,Agriculture,432286,432286,39693,597677,Delhi,North,59,Light Rain,Road Accident,Agent,36,Female,Settled,27,No,0.72
C2528-S,P66008-W,Neysa Kumer,2024-04-04,Property,Health,488593,488593,15490,612881,Mumbai,West,92,Flood,Flood Damage,Mobile App,43,Other,Rejected,8,No,0.8
C6958-Q,P61123-Q,Darshit Hegde,2024-06-03,Property,Vehicle,232217,150422,27224,393183,Hyderabad,South,280,Heavy Rain,Road Accident,Branch,21,Female,Pending,12,No,0.59
C4224-P,P61259-V,Jayant Subramaniam,2024-08-24,Property,Property,476157,476157,7994,763004,Delhi,North,206,Light Rain,Crop Loss,Branch,18,Other,Pending,7,No,0.62
C9649-L,P15832-A,Tarini Gupta,2024-05-29,Health,Life,132182,132182,43982,350304,Mumbai,West,108,Flood,House Damage,Online,48,Male,Pending,6,No,0.38
C5554-O,P53458-G,Vihaan Vyas,2024-02-06,Property,Agriculture,380803,380803,37080,535936,Mumbai,West,134,Light Rain,Hospitalization,Branch,52,Male,Pending,18,No,0.71
C6486-N,P22463-L,Inaaya  Sule,2024-02-07,Property,Vehicle,127337,127337,37990,187635,Bangalore,South,147,Flood,House Damage,Online,29,Female,Settled,4,No,0.68
C6491-W,P86483-R,Neysa Tailor,2024-07-04,Vehicle,Vehicle,42131,42131,7574,290870,Delhi,North,178,Flood,House Damage,Agent,32,Female,Settled,3,No,0.14
C6062-K,P52221-N,Rati Borra,2024-12-08,Property,Life,465901,465901,37797,701213,Lucknow,North,212,Light Rain,Road Accident,Branch,60,Female,Settled,13,No,0.66
C1362-M,P45203-I,Lakshit Krishnamurthy,2024-11-26,Health,Property,142344,142344,12870,219925,Ahmedabad,West,234,Flood,House Damage,Branch,67,Male,Pending,9,No,0.65
C8084-I,P41738-I,Anahita Mann,2024-11-25,Health,Life,32685,32685,47160,272868,Delhi,North,222,Flood,House Damage,Mobile App,50,Male,Pending,17,No,0.12
C9741-H,P60397-W,Yuvraj  Chaudhry,2024-11-05,Property,Property,150883,150883,6036,316921,Lucknow,North,92,Heavy Rain,Hospitalization,Branch,20,Male,Settled,24,No,0.48
C1947-X,P51394-J,Jhanvi Bhargava,2024-12-02,Property,Vehicle,356619,356619,5441,650560,Pune,West,277,Light Rain,House Damage,Branch,21,Female,Settled,28,No,0.55
C7030-Q,P97942-J,Samaira Mahajan,2024-06-23,Property,Property,358670,358670,25024,445150,Delhi,North,201,Flood,Road Accident,Agent,43,Male,Settled,10,No,0.81
C8642-H,P72741-F,Nishith Chauhan,2024-09-12,Property,Agriculture,486841,486841,23055,729988,Hyderabad,South,62,Heavy Rain,Crop Loss,Branch,54,Female,Settled,10,No,0.67
C8985-V,P82546-L,Badal Kala,2024-07-30,Health,Vehicle,112998,112998,5483,365602,Jaipur,North,261,Moderate Rain,House Damage,Branch,20,Male,Settled,24,No,0.31
C3965-Y,P58824-R,Azad Chander,2024-01-05,Vehicle,Life,139565,139565,15101,367803,Hyderabad,South,67,Moderate Rain,Flood Damage,Agent,25,Other,Pending,14,No,0.38
C7720-Z,P35437-K,Hazel Tak,2024-09-05,Vehicle,Life,121099,121099,20659,210641,Hyderabad,South,66,Moderate Rain,Flood Damage,Mobile App,39,Female,Settled,20,No,0.57
C6278-Q,P84107-W,Gatik Reddy,2024-12-19,Health,Life,138036,138036,34993,198961,Mumbai,West,235,Moderate Rain,Hospitalization,Mobile App,64,Female,Settled,24,No,0.69
C2756-T,P50797-M,Ayesha Tandon,2024-02-03,Health,Health,159292,116730,20604,362240,Lucknow,North,179,Moderate Rain,Flood Damage,Online,33,Other,Pending,12,No,0.44
C7196-I,P11191-H,Rhea Rege,2024-02-14,Health,Vehicle,100833,100833,46373,154125,Kolkata,East,170,Heavy Rain,Hospitalization,Branch,18,Female,Pending,15,No,0.65
C3410-O,P55063-U,Kabir Hora,2024-10-16,Vehicle,Agriculture,109377,109377,47106,198067,Hyderabad,South,148,Light Rain,Hospitalization,Mobile App,39,Other,Pending,8,No,0.55
C6746-V,P70503-Z,Saira Mane,2024-04-06,Property,Health,203551,203551,25650,271682,Kolkata,East,109,Heavy Rain,Flood Damage,Online,42,Male,Settled,30,No,0.75
C8640-J,P93068-T,Indrans Madan,2024-10-08,Property,Health,266371,266371,24238,417459,Hyderabad,South,232,Heavy Rain,Road Accident,Mobile App,35,Female,Settled,8,Yes,0.64
C1357-T,P33323-T,Faiyaz Swaminathan,2024-09-14,Agriculture,Health,146044,146044,43175,326915,Bangalore,South,106,Flood,Road Accident,Online,42,Other,Pending,7,No,0.45
C8152-B,P20473-N,Keya Brar,2024-04-29,Vehicle,Vehicle,58481,58481,47619,266295,Hyderabad,South,198,Flood,House Damage,Branch,30,Female,Pending,17,No,0.22
C2642-A,P66279-F,Baiju Chaudhary,2024-05-23,Agriculture,Health,66065,39360,12033,261883,Bangalore,South,198,Heavy Rain,Road Accident,Agent,45,Female,Pending,26,Yes,0.25
C8623-I,P80130-S,Nakul Krishnan,2024-11-23,Vehicle,Vehicle,70364,70364,30642,220674,Kolkata,East,136,Heavy Rain,House Damage,Branch,43,Female,Settled,16,No,0.32
C8196-A,P52326-K,Madhav Banerjee,2024-03-22,Agriculture,Health,277611,277611,42693,451847,Ahmedabad,West,78,Heavy Rain,Flood Damage,Branch,26,Other,Settled,8,Yes,0.61
C7912-V,P24349-D,Jayesh Mandal,2024-01-30,Health,Property,33193,33193,36363,104182,Kolkata,East,240,Light Rain,Hospitalization,Mobile App,46,Male,Pending,10,No,0.32
C3945-J,P86419-D,Adah Divan,2024-09-29,Property,Vehicle,287893,287893,22496,374808,Jaipur,North,206,Moderate Rain,House Damage,Branch,66,Other,Settled,25,No,0.77
C2663-I,P22613-O,Anahita Manda,2024-10-15,Agriculture,Health,52675,52675,41230,241445,Jaipur,North,240,Light Rain,Flood Damage,Online,68,Female,Settled,14,No,0.22
C5459-C,P16971-F,Hridaan Tailor,2024-10-13,Property,Vehicle,293461,293461,17708,396401,Lucknow,North,225,Moderate Rain,House Damage,Branch,31,Male,Settled,8,No,0.74
C1712-S,P92713-A,Yashvi Chaudhari,2024-10-23,Property,Health,211767,133927,48753,324567,Bangalore,South,132,Heavy Rain,Crop Loss,Mobile App,49,Male,Settled,12,No,0.65
C1151-Q,P64340-A,Armaan Borde,2024-06-24,Property,Agriculture,463160,463160,36056,614877,Kolkata,East,135,Flood,Road Accident,Agent,26,Female,Settled,21,No,0.75
C5088-L,P88250-G,Kimaya Chaudhary,2024-01-16,Vehicle,Property,59898,59898,19080,114974,Chennai,South,289,Heavy Rain,House Damage,Mobile App,40,Female,Settled,27,No,0.52
C5632-K,P63540-M,Rasha Uppal,2024-06-13,Agriculture,Agriculture,158023,121553,28681,278315,Hyderabad,South,192,Flood,Flood Damage,Branch,21,Male,Settled,12,No,0.57
C6516-H,P60709-H,Ayesha Divan,2024-07-28,Vehicle,Agriculture,53974,53974,6589,220437,Pune,West,235,Light Rain,Hospitalization,Agent,44,Other,Pending,4,No,0.24
C9434-E,P10051-W,Kismat Johal,2024-11-08,Agriculture,Vehicle,193959,193959,41770,318278,Pune,West,274,Flood,Crop Loss,Mobile App,47,Other,Settled,5,No,0.61
C4512-L,P15240-F,Faiyaz Dutta,2024-12-13,Property,Health,462732,462732,8894,661203,Mumbai,West,239,Moderate Rain,Hospitalization,Online,43,Female,Settled,10,No,0.7
C1031-T,P39136-M,Kartik Bhakta,2024-04-12,Property,Vehicle,423302,423302,30123,631284,Delhi,North,58,Flood,Crop Loss,Agent,60,Male,Rejected,16,No,0.67
C6507-V,P58931-K,Divyansh Balasubramanian,2024-10-15,Vehicle,Agriculture,115487,115487,29766,203957,Lucknow,North,92,Moderate Rain,House Damage,Branch,40,Male,Settled,8,No,0.57
C1448-B,P40247-E,Jayesh Dugal,2024-08-28,Vehicle,Property,80056,80056,9125,281532,Pune,West,264,Flood,Road Accident,Mobile App,54,Other,Settled,5,No,0.28
C2508-G,P38310-U,Aaina Choudhary,2024-04-29,Agriculture,Vehicle,232497,232497,17565,417823,Chennai,South,220,Moderate Rain,Crop Loss,Agent,19,Other,Pending,22,No,0.56
C1687-B,P38561-Q,Jayant Kumer,2024-08-28,Health,Vehicle,160905,117156,11894,422753,Kolkata,East,282,Flood,Road Accident,Mobile App,47,Female,Settled,30,No,0.38
C3579-U,P98749-L,Anika Walla,2024-09-14,Property,Vehicle,168435,91680,20826,403254,Chennai,South,63,Moderate Rain,Hospitalization,Agent,58,Female,Settled,27,No,0.42
C7085-S,P61686-K,Ishita Khare,2024-11-12,Health,Agriculture,52612,52612,41682,350518,Ahmedabad,West,184,Moderate Rain,Road Accident,Online,51,Male,Settled,12,Yes,0.15
C1138-C,P92014-G,Nitara Amble,2024-09-13,Vehicle,Health,127257,127257,25785,329982,Chennai,South,296,Flood,Flood Damage,Agent,30,Other,Pending,18,No,0.39
C8398-H,P75691-X,Ehsaan Wadhwa,2024-01-27,Agriculture,Vehicle,83677,83677,44139,247185,Chennai,South,161,Heavy Rain,House Damage,Agent,65,Male,Settled,12,No,0.34
C7392-M,P22337-Q,Hansh Chana,2024-11-18,Health,Health,185040,185040,45144,255001,Delhi,North,210,Light Rain,House Damage,Online,57,Male,Rejected,10,No,0.73
C6720-M,P38683-C,Mahika Grover,2024-10-27,Vehicle,Health,68795,68795,47749,317931,Mumbai,West,78,Moderate Rain,Hospitalization,Branch,52,Male,Settled,15,No,0.22
C2880-T,P67842-J,Eva Yadav,2024-10-27,Property,Vehicle,188988,188988,39747,443613,Lucknow,North,300,Moderate Rain,Flood Damage,Online,31,Other,Pending,9,No,0.43
C7594-S,P36335-V,Lakshit Gupta,2024-07-30,Vehicle,Property,44075,44075,12450,249474,Hyderabad,South,266,Flood,Crop Loss,Branch,48,Other,Rejected,3,No,0.18
C1684-K,P73846-I,Indranil Luthra,2024-03-01,Agriculture,Agriculture,219517,219517,41164,465447,Jaipur,North,126,Moderate Rain,Hospitalization,Branch,46,Other,Rejected,30,No,0.47
C9739-L,P19913-V,Saira Grover,2024-01-23,Agriculture,Property,268855,268855,6363,513429,Bangalore,South,107,Moderate Rain,Flood Damage,Online,45,Male,Settled,7,No,0.52
C8814-J,P60102-D,Rhea Bhatnagar,2024-09-02,Health,Vehicle,75908,45716,6103,253586,Kolkata,East,52,Heavy Rain,Flood Damage,Branch,66,Male,Settled,10,No,0.3
C1834-A,P92311-Z,Shamik Saraf,2024-09-27,Property,Health,220304,220304,25679,432559,Chennai,South,255,Light Rain,Crop Loss,Branch,70,Other,Pending,4,No,0.51
C6685-T,P88168-C,Suhana Sani,2024-04-16,Vehicle,Agriculture,57326,29299,6147,200082,Kolkata,East,208,Moderate Rain,Crop Loss,Agent,56,Female,Pending,5,No,0.29
C9195-O,P92407-D,Drishya Vora,2024-02-04,Health,Property,191553,191553,5227,394194,Hyderabad,South,193,Flood,Crop Loss,Branch,35,Other,Pending,5,No,0.49
C2976-S,P48496-W,Emir Ramachandran,2024-02-10,Property,Life,236710,236710,19145,416528,Bangalore,South,127,Moderate Rain,Crop Loss,Branch,49,Male,Settled,29,No,0.57
C1415-K,P83231-Z,Adah Gole,2024-03-29,Property,Health,131135,131135,37804,268877,Ahmedabad,West,191,Light Rain,Crop Loss,Branch,38,Other,Pending,3,No,0.49
C3440-K,P86742-J,Gatik Ratti,2024-10-26,Agriculture,Vehicle,271847,271847,9240,551540,Delhi,North,60,Flood,Flood Damage,Branch,38,Male,Settled,7,No,0.49
C8085-F,P48390-O,Biju Tata,2024-10-31,Vehicle,Agriculture,83649,83649,11233,155883,Pune,West,95,Flood,Crop Loss,Branch,43,Female,Rejected,10,No,0.54
C7102-I,P76732-T,Jayan Ram,2024-11-24,Health,Property,137111,137111,30074,190581,Jaipur,North,244,Heavy Rain,Crop Loss,Agent,46,Female,Pending,5,No,0.72
C9136-N,P84184-E,Elakshi Baral,2024-04-27,Agriculture,Life,237274,237274,8782,292568,Jaipur,North,287,Flood,Flood Damage,Agent,39,Other,Settled,7,No,0.81
C6412-B,P68369-A,Riya Sem,2024-06-17,Property,Life,118769,118769,30540,209732,Hyderabad,South,187,Light Rain,Crop Loss,Mobile App,67,Male,Settled,20,No,0.57
C6748-D,P26514-C,Kismat Raj,2024-04-29,Health,Vehicle,86389,86389,45451,166267,Lucknow,North,209,Flood,Flood Damage,Mobile App,57,Female,Settled,23,No,0.52
C5681-Y,P17410-S,Kiara Talwar,2024-06-07,Agriculture,Life,198054,198054,9632,420225,Kolkata,East,55,Moderate Rain,Road Accident,Agent,47,Male,Pending,10,No,0.47
C8415-E,P23828-R,Darshit Das,2024-10-30,Vehicle,Property,128203,128203,48183,350544,Delhi,North,130,Light Rain,Flood Damage,Mobile App,35,Female,Settled,28,No,0.37
C7085-K,P28153-A,Nakul Dora,2024-04-01,Health,Property,63792,63792,27775,295127,Ahmedabad,West,241,Moderate Rain,Road Accident,Branch,53,Female,Settled,20,No,0.22
C7260-Y,P97905-Z,Yakshit Thaman,2024-03-11,Vehicle,Agriculture,104285,104285,5118,403601,Mumbai,West,195,Light Rain,Flood Damage,Online,57,Female,Settled,14,Yes,0.26
C8713-L,P66355-O,Riaan Hayer,2024-11-20,Property,Life,211357,211357,48850,316294,Mumbai,West,153,Heavy Rain,Hospitalization,Mobile App,18,Other,Settled,4,No,0.67
C2393-W,P86717-E,Samiha Bhasin,2024-08-17,Health,Vehicle,169237,169237,43018,271574,Pune,West,103,Flood,Crop Loss,Branch,65,Other,Settled,17,No,0.62
C1327-S,P82483-F,Shlok Sekhon,2024-10-23,Vehicle,Vehicle,89334,89334,31800,385709,Bangalore,South,152,Heavy Rain,Hospitalization,Online,48,Male,Settled,30,Yes,0.23
C4440-T,P96146-C,Seher Sankar,2024-03-07,Agriculture,Life,272266,272266,49687,386618,Kolkata,East,61,Heavy Rain,Road Accident,Agent,26,Female,Settled,23,No,0.7
C7323-L,P43580-B,Kiaan Borah,2024-10-30,Vehicle,Property,100445,100445,21282,292923,Lucknow,North,253,Heavy Rain,Flood Damage,Online,49,Male,Settled,21,No,0.34
C7596-S,P88333-A,Kashvi Chaudhary,2024-02-26,Health,Life,76643,76643,36256,268963,Lucknow,North,75,Moderate Rain,Road Accident,Online,59,Male,Settled,10,No,0.28
C9086-S,P13096-I,Kaira Bajaj,2024-07-06,Vehicle,Life,143719,143719,38288,366242,Ahmedabad,West,66,Heavy Rain,Flood Damage,Branch,21,Other,Settled,26,No,0.39
C4570-D,P33919-M,Kaira Wali,2024-08-18,Property,Life,307056,307056,33649,552084,Chennai,South,121,Light Rain,Flood Damage,Branch,25,Female,Settled,4,No,0.56
C2829-E,P35110-L,Mohanlal Zacharia,2024-06-24,Vehicle,Life,142426,142426,23415,421059,Chennai,South,247,Light Rain,Flood Damage,Mobile App,19,Other,Settled,4,No,0.34
C6541-H,P13615-Z,Manjari Badal,2024-12-05,Agriculture,Health,132850,132850,11158,267115,Mumbai,West,73,Moderate Rain,House Damage,Online,63,Female,Settled,18,No,0.5
C9549-U,P90892-J,Mohanlal Kari,2024-01-21,Property,Life,262295,262295,29196,513406,Delhi,North,213,Heavy Rain,Hospitalization,Agent,27,Female,Pending,5,No,0.51
C9530-X,P55365-F,Lavanya Sibal,2024-09-21,Vehicle,Health,124848,124848,32560,311842,Kolkata,East,97,Light Rain,Crop Loss,Online,31,Female,Settled,5,No,0.4
C1766-F,P70833-P,Reyansh Bhakta,2024-06-25,Agriculture,Agriculture,224557,224557,10452,502364,Lucknow,North,173,Heavy Rain,Road Accident,Mobile App,34,Other,Settled,14,No,0.45
C8264-R,P25650-D,Kaira Sankar,2024-06-12,Property,Life,204362,204362,24499,301683,Pune,West,265,Heavy Rain,Crop Loss,Mobile App,39,Female,Pending,4,No,0.68
C2952-C,P93353-Q,Kavya D’Alia,2024-05-02,Vehicle,Agriculture,46564,46564,22119,104471,Ahmedabad,West,233,Light Rain,Road Accident,Branch,35,Male,Pending,8,No,0.45
C6209-C,P95604-W,Riya Chaudry,2024-04-25,Vehicle,Vehicle,116039,88114,48497,259775,Pune,West,77,Heavy Rain,Flood Damage,Mobile App,29,Other,Settled,16,No,0.45
C1186-Z,P60800-A,Saira Toor,2024-01-21,Vehicle,Agriculture,58067,58067,39221,289833,Ahmedabad,West,248,Flood,Road Accident,Branch,57,Female,Settled,8,No,0.2
C3204-J,P25820-N,Saira Deol,2024-02-16,Property,Life,254160,191792,46764,437355,Mumbai,West,193,Heavy Rain,House Damage,Branch,32,Female,Pending,10,No,0.58
C5025-O,P74096-Y,Lavanya Sathe,2024-11-17,Agriculture,Property,59607,59607,10785,159966,Mumbai,West,172,Heavy Rain,Crop Loss,Mobile App,56,Male,Pending,16,No,0.37
C5614-W,P94678-O,Divij Chakraborty,2024-07-14,Vehicle,Property,30379,30379,25588,241970,Delhi,North,66,Flood,House Damage,Online,24,Other,Settled,9,No,0.13
C1352-Y,P12429-S,Samarth Master,2024-10-17,Property,Vehicle,383667,383667,21499,674299,Jaipur,North,265,Light Rain,Hospitalization,Mobile App,27,Male,Pending,17,No,0.57
C3540-J,P50665-B,Arnav Ganesh,2024-05-02,Property,Life,210509,210509,25587,445602,Ahmedabad,West,71,Heavy Rain,Road Accident,Online,40,Male,Settled,11,No,0.47
C5749-M,P51257-V,Parinaaz Chakrabarti,2024-01-12,Vehicle,Agriculture,84230,84230,29414,272340,Ahmedabad,West,280,Light Rain,Crop Loss,Agent,39,Male,Settled,12,No,0.31
C6330-S,P95236-B,Anaya Deep,2024-08-24,Agriculture,Vehicle,138003,138003,12482,342252,Pune,West,299,Heavy Rain,House Damage,Online,63,Other,Settled,20,No,0.4
C4431-C,P69400-M,Nakul Johal,2024-02-04,Agriculture,Life,133605,133605,13302,276312,Jaipur,North,97,Flood,Crop Loss,Online,37,Female,Pending,8,No,0.48
C6090-D,P22362-O,Dhruv Johal,2024-11-06,Vehicle,Health,120801,120801,18890,325158,Ahmedabad,West,58,Moderate Rain,Hospitalization,Branch,31,Other,Settled,19,No,0.37
C2635-W,P93764-S,Gokul Sundaram,2024-05-24,Property,Agriculture,241313,241313,10816,347097,Mumbai,West,213,Heavy Rain,Hospitalization,Branch,41,Female,Settled,22,No,0.7
C6989-F,P62957-B,Shlok Shukla,2024-03-13,Vehicle,Property,147341,147341,19682,435275,Mumbai,West,65,Heavy Rain,House Damage,Online,25,Other,Pending,4,No,0.34
C1433-S,P42559-Q,Miraan Sahni,2024-09-16,Health,Property,129713,129713,20497,415536,Chennai,South,240,Flood,Hospitalization,Agent,25,Male,Rejected,16,No,0.31
C2374-U,P64196-B,Hansh Balasubramanian,2024-02-23,Health,Property,133288,133288,48821,320136,Mumbai,West,111,Flood,Road Accident,Mobile App,56,Female,Settled,14,No,0.42
C8654-J,P77800-E,Kismat Venkatesh,2024-02-29,Health,Life,82728,82728,19686,239033,Pune,West,290,Heavy Rain,Hospitalization,Agent,20,Female,Pending,6,No,0.35
C7572-G,P81779-N,Aaryahi Bali,2024-11-27,Health,Life,42826,42826,41803,221676,Lucknow,North,157,Flood,Flood Damage,Mobile App,45,Male,Pending,24,No,0.19
C1743-K,P99359-Z,Raghav Agate,2024-11-30,Property,Health,320828,320828,14972,567120,Hyderabad,South,268,Light Rain,Flood Damage,Mobile App,46,Female,Settled,14,No,0.57
C2338-F,P68797-T,Ranbir Balakrishnan,2024-03-14,Health,Life,103113,103113,38544,174737,Hyderabad,South,106,Light Rain,Flood Damage,Branch,65,Female,Settled,11,No,0.59
C4330-S,P72589-R,Divij Date,2024-11-07,Property,Health,370608,370608,19343,628902,Mumbai,West,135,Light Rain,Hospitalization,Online,22,Male,Settled,17,No,0.59
C2625-V,P82926-H,Abram Barad,2024-08-06,Health,Vehicle,60812,60812,49301,251379,Delhi,North,120,Heavy Rain,Hospitalization,Online,63,Female,Settled,10,No,0.24
C5748-V,P81156-O,Suhana Trivedi,2024-08-17,Vehicle,Vehicle,146617,146617,38441,259073,Hyderabad,South,275,Flood,Hospitalization,Online,38,Female,Rejected,19,No,0.57
C6045-W,P10026-V,Manjari Kapadia,2024-12-22,Health,Health,29560,29560,34684,234450,Ahmedabad,West,117,Light Rain,Hospitalization,Online,45,Female,Pending,16,No,0.13
C1821-L,P92299-R,Azad Shan,2024-11-17,Agriculture,Property,159585,159585,45833,265523,Mumbai,West,98,Flood,Road Accident,Agent,20,Male,Settled,21,No,0.6
C1498-C,P15087-N,Purab Gera,2024-03-16,Agriculture,Life,280498,280498,24535,491235,Jaipur,North,267,Light Rain,Crop Loss,Online,44,Female,Settled,5,No,0.57
C6384-L,P32690-G,Ritvik Jain,2024-06-23,Vehicle,Health,57028,57028,23473,277086,Lucknow,North,95,Heavy Rain,Flood Damage,Mobile App,59,Male,Settled,16,No,0.21
C9897-K,P52757-L,Shayak Bahl,2024-08-28,Health,Life,89638,89638,26785,240039,Lucknow,North,57,Moderate Rain,Crop Loss,Branch,25,Female,Settled,4,No,0.37
C8145-D,P43777-X,Bhamini Ahluwalia,2024-03-22,Property,Vehicle,391273,391273,14082,669134,Lucknow,North,122,Flood,Flood Damage,Mobile App,55,Other,Settled,20,No,0.58
C3057-M,P87295-M,Madhup Cherian,2024-01-21,Vehicle,Agriculture,61088,61088,22902,114570,Ahmedabad,West,129,Heavy Rain,House Damage,Online,19,Male,Pending,22,No,0.53
C7609-F,P89299-I,Faiyaz Bali,2024-05-20,Property,Vehicle,276722,276722,43055,394062,Jaipur,North,108,Heavy Rain,House Damage,Branch,60,Other,Settled,11,No,0.7
C3516-I,P45503-C,Vihaan Kunda,2024-07-31,Agriculture,Agriculture,249339,249339,36267,344138,Hyderabad,South,106,Light Rain,House Damage,Online,54,Other,Settled,7,No,0.72
C9719-Y,P38533-X,Onkar Sengupta,2024-05-26,Property,Life,458036,458036,19437,738257,Pune,West,121,Flood,Road Accident,Branch,61,Male,Pending,13,No,0.62
C9041-S,P86161-K,Indrajit Chand,2024-12-11,Health,Health,28641,17201,6996,234294,Hyderabad,South,65,Moderate Rain,Hospitalization,Online,64,Female,Rejected,12,No,0.12
C7153-R,P84369-M,Madhav Ravel,2024-08-31,Property,Life,161468,161468,14330,294534,Chennai,South,176,Moderate Rain,Crop Loss,Branch,41,Male,Settled,5,No,0.55
C1340-K,P91154-X,Badal Kaul,2024-07-08,Agriculture,Vehicle,62007,62007,43967,287290,Chennai,South,272,Heavy Rain,Road Accident,Branch,33,Female,Pending,22,No,0.22
C6753-N,P55248-S,Lavanya Vaidya,2024-04-24,Health,Property,91221,91221,23941,166725,Bangalore,South,62,Heavy Rain,House Damage,Online,30,Female,Pending,9,No,0.55
C2093-K,P86796-L,Hiran Walla,2024-03-18,Agriculture,Vehicle,192052,192052,40236,472427,Ahmedabad,West,171,Light Rain,House Damage,Mobile App,44,Male,Settled,10,No,0.41
C9176-W,P98588-M,Vedika Warrior,2024-11-20,Agriculture,Life,137949,137949,43691,346691,Chennai,South,211,Heavy Rain,Crop Loss,Online,40,Male,Settled,12,No,0.4
C2348-B,P33705-U,Jayant Bhatt,2024-10-05,Agriculture,Health,292095,292095,49770,549892,Mumbai,West,71,Moderate Rain,Crop Loss,Online,18,Female,Pending,30,No,0.53
C4873-M,P73543-B,Kismat Sandhu,2024-07-01,Property,Vehicle,304393,304393,35098,558299,Delhi,North,134,Flood,Hospitalization,Mobile App,19,Male,Settled,9,Yes,0.55
C7765-V,P83568-R,Amira Hans,2024-04-25,Property,Agriculture,498589,498589,21849,673513,Kolkata,East,275,Light Rain,Crop Loss,Mobile App,41,Other,Settled,20,No,0.74
C7616-O,P81628-O,Lavanya Bawa,2024-12-21,Vehicle,Vehicle,148125,148125,20597,333917,Bangalore,South,50,Light Rain,Road Accident,Agent,37,Female,Settled,18,No,0.44
C8205-M,P80911-T,Arnav Sane,2024-01-22,Property,Vehicle,297255,297255,44346,535712,Pune,West,87,Heavy Rain,Hospitalization,Online,33,Female,Settled,24,No,0.55
C8479-V,P79151-L,Yasmin Dave,2024-08-13,Property,Agriculture,170412,122690,42038,306942,Delhi,North,277,Flood,House Damage,Mobile App,69,Female,Pending,4,No,0.56
C5224-E,P74233-W,Ahana  Gaba,2024-11-06,Property,Agriculture,112231,112231,19788,184948,Lucknow,North,212,Heavy Rain,Crop Loss,Mobile App,40,Male,Settled,9,Yes,0.61
C1853-B,P78378-B,Divij Saha,2024-05-12,Vehicle,Vehicle,62778,62778,16785,228512,Ahmedabad,West,66,Flood,Road Accident,Agent,34,Female,Rejected,23,No,0.27
C1626-C,P76839-K,Jayan Sarraf,2024-11-22,Property,Life,232018,232018,36342,425688,Bangalore,South,198,Moderate Rain,Crop Loss,Online,37,Other,Settled,17,No,0.55
C7266-U,P29086-C,Shlok Iyengar,2024-07-21,Property,Property,411239,411239,5393,493309,Hyderabad,South,221,Light Rain,Crop Loss,Agent,33,Male,Pending,14,No,0.83
C5774-Y,P41622-E,Devansh Tandon,2024-10-26,Agriculture,Vehicle,146005,146005,43786,403624,Jaipur,North,197,Flood,House Damage,Mobile App,21,Other,Settled,5,No,0.36
C8798-Z,P36701-E,Nehmat Kunda,2024-10-29,Vehicle,Life,58377,58377,39391,347931,Bangalore,South,115,Heavy Rain,Crop Loss,Branch,21,Other,Settled,8,No,0.17
C3694-N,P81411-E,Shalv Raju,2024-07-05,Vehicle,Health,59253,59253,45635,115316,Delhi,North,286,Heavy Rain,Road Accident,Mobile App,30,Other,Pending,25,Yes,0.51
C1005-Y,P35094-C,Ira Sunder,2024-03-17,Vehicle,Property,127648,127648,36523,320743,Jaipur,North,63,Light Rain,Crop Loss,Mobile App,26,Female,Settled,12,No,0.4
C4818-S,P81144-O,Anahi Saran,2024-02-21,Health,Health,137128,137128,16637,310029,Jaipur,North,138,Flood,Flood Damage,Mobile App,60,Other,Settled,14,No,0.44
C7157-A,P85320-Q,Anika Koshy,2024-10-05,Agriculture,Vehicle,282637,282637,47311,394796,Delhi,North,228,Moderate Rain,Flood Damage,Online,22,Male,Pending,19,No,0.72
C8786-A,P98092-Z,Zaina Sahota,2024-12-05,Property,Health,489435,489435,17498,762440,Hyderabad,South,267,Flood,Road Accident,Mobile App,70,Male,Settled,5,No,0.64
C5989-N,P36752-H,Indrans Batra,2024-08-07,Property,Vehicle,459030,459030,16844,667972,Hyderabad,South,149,Flood,House Damage,Branch,28,Other,Pending,16,No,0.69
C3102-U,P25348-T,Siya Ahuja,2024-05-12,Vehicle,Agriculture,40099,40099,13107,149096,Chennai,South,282,Moderate Rain,Crop Loss,Mobile App,28,Male,Rejected,9,No,0.27
C9598-D,P57709-B,Mohanlal Sahota,2024-07-21,Health,Agriculture,20748,20748,31790,271943,Delhi,North,69,Light Rain,Flood Damage,Branch,66,Other,Pending,11,No,0.08
C5371-S,P44571-W,Nehmat Kohli,2024-04-07,Health,Agriculture,21648,21648,27686,172450,Ahmedabad,West,217,Flood,Crop Loss,Branch,30,Male,Settled,3,No,0.13
C3155-T,P79059-S,Aaryahi Chaudhry,2024-01-13,Vehicle,Vehicle,90333,72191,12346,190152,Delhi,North,205,Light Rain,Flood Damage,Online,40,Female,Settled,29,No,0.48
C7875-M,P13225-U,Rati Madan,2024-12-02,Agriculture,Health,121742,121742,44314,412830,Delhi,North,212,Light Rain,Flood Damage,Branch,51,Female,Settled,12,No,0.29
C5454-N,P26243-V,Shalv Sawhney,2024-12-28,Health,Property,66281,66281,16819,119079,Mumbai,West,59,Moderate Rain,Flood Damage,Agent,52,Female,Settled,10,No,0.56
C7504-E,P80421-K,Anya Hans,2024-04-17,Health,Agriculture,26990,26990,38389,144750,Delhi,North,79,Flood,House Damage,Mobile App,35,Male,Rejected,8,No,0.19
C4893-V,P27924-B,Vardaniya Mangat,2024-03-01,Agriculture,Property,223342,223342,10288,482020,Kolkata,East,69,Light Rain,Hospitalization,Mobile App,54,Female,Settled,17,No,0.46
C2684-J,P75846-E,Indrans Rout,2024-07-30,Vehicle,Vehicle,34772,34772,20676,100683,Bangalore,South,257,Moderate Rain,Flood Damage,Agent,41,Other,Settled,27,No,0.35
C2551-U,P88777-S,Tanya Sheth,2024-10-22,Vehicle,Property,30028,30028,30999,159953,Mumbai,West,51,Heavy Rain,Crop Loss,Online,39,Other,Pending,22,No,0.19
C9898-U,P72752-G,Alia Bera,2024-08-27,Health,Life,122318,121279,30520,193621,Bangalore,South,118,Light Rain,Hospitalization,Online,53,Other,Settled,25,No,0.63
C6177-P,P64005-D,Baiju Lata,2024-07-19,Vehicle,Health,36676,36676,20128,90842,Kolkata,East,233,Flood,Road Accident,Mobile App,33,Other,Pending,18,No,0.4
C1680-D,P69027-Q,Manikya Acharya,2024-06-27,Health,Property,160913,160913,38622,246654,Hyderabad,South,226,Moderate Rain,Hospitalization,Online,63,Male,Rejected,14,No,0.65
C8338-N,P98461-Y,Tanya Dugar,2024-12-01,Property,Agriculture,391790,391790,49945,509561,Jaipur,North,91,Flood,Hospitalization,Branch,53,Male,Pending,14,No,0.77
C2008-B,P45266-D,Elakshi Banik,2024-05-12,Health,Vehicle,79919,79919,35199,208617,Ahmedabad,West,142,Flood,Hospitalization,Online,26,Other,Settled,14,No,0.38
C7578-H,P91963-Q,Pari Gokhale,2024-04-01,Property,Property,331422,331422,24065,413165,Chennai,South,118,Light Rain,House Damage,Agent,64,Other,Settled,9,No,0.8
C3112-G,P14351-A,Vritika Datta,2024-09-18,Property,Life,301815,301815,40734,366017,Hyderabad,South,64,Flood,Crop Loss,Online,24,Female,Settled,9,No,0.82
C3267-W,P96160-O,Sara Mann,2024-06-05,Property,Vehicle,425962,425962,46968,561402,Ahmedabad,West,274,Heavy Rain,Flood Damage,Online,67,Other,Pending,28,No,0.76
C9607-A,P86411-Q,Vanya Lata,2024-10-28,Vehicle,Property,30227,30227,22066,236178,Bangalore,South,233,Moderate Rain,Hospitalization,Agent,25,Female,Settled,28,No,0.13
C9276-K,P33383-B,Devansh Kara,2024-02-07,Health,Life,38829,38829,38159,277559,Hyderabad,South,209,Light Rain,Road Accident,Branch,44,Male,Settled,9,No,0.14
C7042-T,P81697-U,Khushi Rama,2024-08-23,Agriculture,Vehicle,205266,205266,6050,280105,Lucknow,North,196,Light Rain,House Damage,Agent,39,Male,Rejected,11,No,0.73
C4386-K,P32589-O,Vidur Magar,2024-08-01,Vehicle,Agriculture,133178,133178,39596,399031,Kolkata,East,167,Moderate Rain,House Damage,Online,29,Male,Settled,11,No,0.33
C7996-L,P24658-A,Aarush Srinivas,2024-11-25,Property,Life,391511,391511,25953,494436,Pune,West,56,Light Rain,Road Accident,Agent,53,Male,Settled,9,No,0.79
C1209-H,P91105-J,Anay Viswanathan,2024-10-05,Health,Vehicle,162009,162009,35813,361121,Delhi,North,258,Moderate Rain,Hospitalization,Agent,54,Female,Settled,7,No,0.45
C8508-M,P31506-W,Uthkarsh Khalsa,2024-04-21,Agriculture,Vehicle,83945,83945,34556,215218,Pune,West,194,Light Rain,Flood Damage,Branch,21,Other,Settled,8,No,0.39
C6017-G,P98986-U,Arhaan Ahuja,2024-07-12,Property,Property,448718,448718,32882,666715,Pune,West,156,Light Rain,Crop Loss,Agent,55,Female,Settled,19,No,0.67
C4759-V,P85621-U,Siya Rao,2024-05-25,Agriculture,Agriculture,282996,282996,12907,360023,Hyderabad,South,201,Moderate Rain,Hospitalization,Mobile App,56,Other,Settled,11,No,0.79
C2597-H,P64713-F,Yuvaan Iyer,2024-06-02,Health,Life,114620,114620,28872,343632,Jaipur,North,219,Flood,Crop Loss,Agent,26,Female,Settled,17,No,0.33
C9126-B,P49097-E,Ritvik Kohli,2024-02-10,Health,Health,61992,61992,19172,156655,Bangalore,South,149,Heavy Rain,Road Accident,Branch,44,Male,Settled,7,No,0.4
C4615-S,P88949-G,Shray Kumar,2024-02-04,Vehicle,Property,84767,84767,8592,379511,Pune,West,260,Moderate Rain,Hospitalization,Mobile App,70,Other,Settled,26,No,0.22
C9649-M,P30012-W,Tarini Kaur,2024-01-09,Health,Property,48305,48305,7560,254724,Chennai,South,229,Heavy Rain,Crop Loss,Mobile App,66,Female,Settled,11,No,0.19
C2761-A,P38343-H,Dishani Tank,2024-08-28,Property,Life,398071,398071,17982,666686,Kolkata,East,162,Light Rain,Hospitalization,Online,30,Female,Settled,7,No,0.6
C9808-H,P37809-R,Taimur Johal,2024-10-11,Vehicle,Property,111488,111488,36553,288999,Delhi,North,198,Moderate Rain,Crop Loss,Branch,28,Male,Settled,22,No,0.39
C7448-M,P67890-W,Fateh Sodhi,2024-10-15,Health,Agriculture,171400,171400,24600,386720,Delhi,North,155,Flood,Hospitalization,Online,45,Other,Settled,24,No,0.44
C3328-A,P82122-Z,Mohanlal Dhar,2024-08-24,Vehicle,Life,66651,44875,45235,265383,Pune,West,265,Moderate Rain,Crop Loss,Online,51,Female,Settled,14,No,0.25
C7677-W,P40658-J,Vivaan Sura,2024-01-09,Agriculture,Vehicle,291232,291232,29521,398602,Pune,West,67,Flood,Road Accident,Branch,31,Female,Settled,20,No,0.73
C9220-R,P78579-B,Dhanush Choudhry,2024-12-06,Vehicle,Vehicle,86862,86862,33010,342043,Lucknow,North,70,Heavy Rain,Road Accident,Online,38,Female,Pending,7,No,0.25
C1706-E,P32431-E,Kashvi Bains,2024-09-24,Property,Health,255778,255778,35487,491327,Mumbai,West,157,Light Rain,Crop Loss,Online,33,Other,Settled,28,No,0.52
C4510-W,P29196-S,Ryan Johal,2024-01-09,Agriculture,Life,72396,72396,5886,122853,Jaipur,North,66,Light Rain,Road Accident,Agent,61,Male,Settled,27,No,0.59
C4082-Z,P73578-F,Alia Iyer,2024-08-05,Property,Vehicle,252045,252045,17940,347466,Ahmedabad,West,131,Flood,Hospitalization,Agent,52,Male,Rejected,29,Yes,0.73
C4428-H,P65183-D,Ahana  Atwal,2024-08-21,Vehicle,Life,59019,59019,46428,123640,Ahmedabad,West,136,Flood,House Damage,Online,70,Male,Pending,4,Yes,0.48
C3490-T,P32452-K,Dharmajan Swamy,2024-08-06,Property,Vehicle,494206,494206,27183,550295,Jaipur,North,52,Heavy Rain,Hospitalization,Agent,34,Other,Rejected,5,No,0.9
C3667-M,P34234-H,Ojas Jayaraman,2024-08-12,Agriculture,Vehicle,175573,175573,37253,438833,Hyderabad,South,129,Light Rain,House Damage,Mobile App,66,Female,Settled,21,No,0.4
C5055-D,P88963-U,Alisha Bhatti,2024-12-13,Agriculture,Vehicle,116488,116488,41138,366671,Mumbai,West,269,Light Rain,Hospitalization,Branch,62,Other,Pending,28,No,0.32
C6595-Z,P45066-U,Mehul Savant,2024-11-01,Health,Life,169993,155967,47623,359094,Ahmedabad,West,277,Flood,Flood Damage,Mobile App,60,Other,Settled,4,No,0.47
C6229-I,P94164-W,Hunar Tiwari,2024-04-01,Agriculture,Health,262298,262298,17751,329424,Lucknow,North,174,Moderate Rain,Hospitalization,Online,51,Other,Pending,16,No,0.8
C9721-C,P53557-D,Shalv Kothari,2024-04-13,Agriculture,Health,220764,220764,19350,398675,Hyderabad,South,113,Moderate Rain,House Damage,Mobile App,55,Other,Settled,16,No,0.55
C4284-R,P67240-I,Divij Aurora,2024-10-14,Property,Vehicle,117804,117804,28764,328966,Bangalore,South,92,Flood,Road Accident,Mobile App,70,Other,Pending,15,Yes,0.36
C4358-E,P14449-Q,Azad Keer,2024-05-20,Health,Life,146141,146141,23199,425067,Hyderabad,South,178,Light Rain,Hospitalization,Branch,32,Other,Settled,11,No,0.34
C7103-B,P75390-Y,Bhamini Korpal,2024-06-24,Vehicle,Vehicle,64276,64276,27727,161861,Pune,West,146,Moderate Rain,House Damage,Mobile App,50,Female,Settled,13,Yes,0.4
C3569-V,P54071-Y,Tiya Saha,2024-03-06,Health,Life,71327,71327,47694,317327,Mumbai,West,128,Heavy Rain,Road Accident,Mobile App,21,Other,Settled,7,No,0.22
C2730-Z,P50362-L,Raghav Sami,2024-11-13,Agriculture,Life,94534,94534,17439,234120,Pune,West,282,Flood,Flood Damage,Mobile App,20,Female,Pending,10,No,0.4
C1343-I,P47453-D,Dharmajan Bhandari,2024-04-30,Health,Property,23910,23910,20310,293159,Delhi,North,136,Flood,House Damage,Online,62,Male,Settled,16,No,0.08
C8622-L,P51560-I,Nirvi Grover,2024-05-15,Property,Vehicle,367277,367277,37278,624194,Pune,West,263,Flood,Flood Damage,Online,22,Male,Settled,29,No,0.59
C2183-F,P27504-V,Priyansh Bath,2024-12-01,Vehicle,Vehicle,143639,143639,28108,338605,Lucknow,North,198,Light Rain,Flood Damage,Agent,18,Other,Settled,4,No,0.42
C2207-E,P29779-W,Nirvi Warrior,2024-11-26,Agriculture,Vehicle,86024,86024,8358,234427,Kolkata,East,114,Light Rain,Flood Damage,Mobile App,22,Male,Settled,29,No,0.37
C4311-U,P57894-Z,Bhavin Sama,2024-08-12,Vehicle,Health,91894,91894,20911,233457,Pune,West,118,Moderate Rain,Road Accident,Agent,26,Male,Settled,19,No,0.39
C8970-I,P72779-G,Charvi Konda,2024-05-09,Property,Property,490929,346518,17759,741249,Ahmedabad,West,82,Heavy Rain,Road Accident,Agent,49,Female,Rejected,13,No,0.66
C2298-W,P58121-U,Lavanya Kamdar,2024-04-14,Vehicle,Vehicle,76439,76439,24892,357889,Pune,West,155,Light Rain,Crop Loss,Agent,67,Male,Settled,13,No,0.21
C5299-G,P42289-U,Dhanuk Srivastava,2024-06-26,Agriculture,Health,190098,190098,32256,349435,Chennai,South,103,Flood,Flood Damage,Mobile App,42,Female,Pending,12,No,0.54
C2472-H,P22330-V,Sana Manne,2024-07-07,Health,Vehicle,92858,73458,46581,164516,Lucknow,North,210,Moderate Rain,Hospitalization,Mobile App,53,Female,Pending,5,No,0.56
C3329-C,P63967-V,Heer Yogi,2024-01-09,Health,Vehicle,69431,69431,36351,222015,Ahmedabad,West,250,Heavy Rain,Crop Loss,Mobile App,22,Other,Pending,9,No,0.31
C2109-Y,P68562-N,Sana Loke,2024-10-20,Property,Agriculture,330698,330698,36277,464020,Pune,West,138,Flood,Road Accident,Mobile App,29,Other,Settled,29,No,0.71
C4645-L,P41150-T,Tejas Atwal,2024-07-31,Property,Health,381094,381094,27519,455285,Pune,West,199,Light Rain,Hospitalization,Online,67,Female,Rejected,4,No,0.84
C6907-S,P88217-R,Vardaniya Subramaniam,2024-05-26,Property,Agriculture,225073,225073,24806,359187,Hyderabad,South,215,Moderate Rain,Road Accident,Mobile App,28,Other,Pending,22,No,0.63
C7325-X,P54625-Z,Drishya Chaudhry,2024-02-01,Property,Property,321342,285719,47738,462571,Hyderabad,South,179,Flood,Flood Damage,Branch,28,Male,Settled,8,No,0.69
C3521-F,P30240-Z,Shaan Bassi,2024-07-22,Health,Life,173747,173747,43609,320718,Lucknow,North,230,Heavy Rain,Hospitalization,Mobile App,68,Other,Pending,24,No,0.54
C8520-D,P51439-U,Pranay Dara,2024-10-29,Vehicle,Life,92833,92833,38570,156768,Kolkata,East,81,Flood,Road Accident,Online,63,Female,Settled,23,No,0.59
C6536-H,P96696-W,Vidur Gaba,2024-09-05,Health,Agriculture,84439,84439,38934,279232,Delhi,North,149,Light Rain,Road Accident,Online,63,Female,Settled,27,No,0.3
C9450-L,P24753-U,Umang Setty,2024-09-16,Agriculture,Health,290280,290280,6786,534917,Hyderabad,South,229,Light Rain,Road Accident,Branch,57,Male,Pending,4,No,0.54
C5853-J,P48314-K,Indranil Dewan,2024-02-16,Agriculture,Property,256081,256081,37627,530316,Jaipur,North,278,Heavy Rain,Road Accident,Online,65,Male,Settled,19,No,0.48
C5732-K,P36895-V,Mamooty Roy,2024-10-03,Health,Life,130950,130950,26186,249202,Mumbai,West,84,Moderate Rain,Crop Loss,Branch,62,Other,Settled,11,No,0.53
C5204-S,P46644-L,Kaira Bassi,2024-03-20,Agriculture,Health,119961,119961,11448,385784,Delhi,North,72,Heavy Rain,Road Accident,Mobile App,43,Male,Settled,30,No,0.31
C7582-L,P40308-C,Shalv Apte,2024-06-30,Agriculture,Property,119952,65210,27387,343770,Chennai,South,125,Flood,Road Accident,Mobile App,57,Male,Pending,25,No,0.35
C9674-S,P94913-K,Chirag Goel,2024-04-30,Vehicle,Agriculture,58893,58893,30885,237842,Pune,West,178,Moderate Rain,Hospitalization,Branch,55,Male,Rejected,8,No,0.25
C9881-R,P52272-K,Sumer Tank,2024-04-18,Health,Health,137961,137961,39444,227890,Pune,West,258,Moderate Rain,Road Accident,Branch,36,Other,Pending,14,No,0.61
C2805-L,P14442-H,Zaina Suri,2024-10-02,Health,Health,97929,61368,44558,352889,Jaipur,North,171,Flood,Road Accident,Branch,59,Female,Pending,5,No,0.28
C2291-F,P97922-K,Jivin Dewan,2024-08-17,Vehicle,Agriculture,103142,103142,40976,331294,Mumbai,West,83,Heavy Rain,Hospitalization,Agent,60,Male,Rejected,9,No,0.31
C1897-K,P26699-H,Reyansh Sodhi,2024-06-29,Property,Agriculture,362327,362327,42376,565811,Bangalore,South,143,Heavy Rain,Road Accident,Mobile App,22,Male,Settled,29,No,0.64
C3017-P,P17887-G,Vedika Thakkar,2024-05-07,Vehicle,Life,126369,126369,13358,415008,Kolkata,East,75,Flood,Crop Loss,Agent,63,Other,Pending,4,No,0.3
C3906-D,P81448-W,Arnav Kapoor,2024-10-08,Vehicle,Health,94456,92039,45241,217126,Pune,West,99,Heavy Rain,Flood Damage,Mobile App,25,Male,Pending,25,No,0.44
C2636-W,P43416-D,Ishita Chatterjee,2024-12-15,Vehicle,Property,74661,74661,26870,313415,Lucknow,North,199,Flood,Road Accident,Branch,33,Other,Pending,28,No,0.24
C5120-O,P90185-U,Shray Sarin,2024-02-18,Health,Life,180003,180003,12836,258611,Chennai,South,218,Moderate Rain,House Damage,Agent,56,Female,Settled,28,No,0.7
C1727-Q,P78323-W,Shlok Bava,2024-05-22,Vehicle,Health,85572,85572,17550,304900,Bangalore,South,120,Heavy Rain,House Damage,Agent,22,Male,Pending,24,No,0.28
C8553-F,P33718-R,Hridaan Sandal,2024-07-22,Health,Agriculture,188739,162191,48822,463735,Lucknow,North,293,Flood,Crop Loss,Mobile App,44,Female,Settled,6,No,0.41
C3509-H,P28400-Q,Samarth Gopal,2024-08-11,Health,Life,70031,48457,35618,176786,Ahmedabad,West,191,Moderate Rain,House Damage,Branch,46,Male,Settled,11,No,0.4
C2107-J,P48696-E,Anvi Rajan,2024-03-13,Agriculture,Health,171068,171068,43924,247248,Kolkata,East,241,Flood,Crop Loss,Agent,54,Male,Pending,7,No,0.69
C1907-C,P53001-M,Aayush Chokshi,2024-06-26,Health,Life,83682,83682,17422,139942,Delhi,North,241,Heavy Rain,Crop Loss,Mobile App,46,Other,Settled,26,No,0.6
C3155-A,P39340-C,Badal Chanda,2024-05-14,Agriculture,Agriculture,179388,179388,26893,336324,Ahmedabad,West,263,Light Rain,House Damage,Branch,58,Female,Settled,19,No,0.53
C7734-J,P83749-O,Jhanvi Kunda,2024-07-24,Health,Vehicle,27708,14097,32100,126098,Bangalore,South,247,Heavy Rain,House Damage,Branch,59,Other,Settled,17,No,0.22
C5427-G,P16799-M,Onkar Bedi,2024-01-25,Property,Life,239461,239461,33484,413703,Lucknow,North,64,Heavy Rain,Crop Loss,Mobile App,18,Female,Pending,14,No,0.58
C9923-F,P19555-A,Vaibhav Dua,2024-06-02,Agriculture,Agriculture,182595,182595,32636,387232,Lucknow,North,154,Moderate Rain,Crop Loss,Online,48,Female,Settled,5,No,0.47
C1901-L,P92132-L,Indrans Baria,2024-06-28,Health,Health,163322,163322,41776,458087,Ahmedabad,West,62,Moderate Rain,House Damage,Mobile App,60,Other,Pending,12,No,0.36
C8301-P,P86659-E,Vanya Mammen,2024-04-02,Health,Property,32744,32744,10981,91733,Jaipur,North,263,Moderate Rain,House Damage,Branch,49,Female,Settled,30,No,0.36
C2200-V,P54316-T,Dhanuk Khurana,2024-12-30,Property,Health,395637,395637,43075,542189,Lucknow,North,288,Flood,Hospitalization,Online,28,Other,Settled,8,No,0.73
C3170-L,P16553-G,Siya Lad,2024-06-18,Health,Life,52815,52815,9790,268904,Delhi,North,279,Moderate Rain,House Damage,Agent,38,Female,Settled,20,No,0.2
C3781-W,P11554-S,Kabir Suresh,2024-01-11,Property,Property,450269,450269,26648,738382,Pune,West,179,Light Rain,Hospitalization,Agent,63,Male,Pending,27,No,0.61
C2985-U,P80458-Z,Mishti Mallick,2024-05-02,Health,Vehicle,48005,48005,8842,279291,Mumbai,West,104,Flood,Crop Loss,Branch,29,Female,Settled,26,No,0.17
C1649-B,P98772-Y,Renee Wali,2024-02-06,Property,Property,333710,333710,24270,621097,Kolkata,East,62,Light Rain,Flood Damage,Mobile App,58,Male,Settled,10,No,0.54
C1100-E,P13891-H,Himmat Sinha,2024-05-20,Health,Life,109922,109922,15265,388727,Hyderabad,South,248,Moderate Rain,Hospitalization,Branch,50,Male,Pending,18,No,0.28
C1231-L,P96925-D,Ela Shah,2024-02-13,Agriculture,Agriculture,121565,121565,33603,403000,Bangalore,South,123,Moderate Rain,Hospitalization,Online,41,Other,Settled,14,No,0.3
C5740-D,P70609-S,Devansh Jani,2024-11-15,Property,Agriculture,134430,134430,16510,303727,Mumbai,West,103,Moderate Rain,Crop Loss,Mobile App,51,Female,Settled,27,Yes,0.44
C7594-O,P41662-V,Kavya Varghese,2024-09-10,Property,Life,164371,111753,24591,347457,Chennai,South,234,Flood,House Damage,Online,20,Other,Rejected,25,No,0.47
C1820-T,P29613-W,Vihaan Chakraborty,2024-03-23,Health,Property,188604,188604,7134,460333,Hyderabad,South,288,Moderate Rain,Crop Loss,Mobile App,62,Other,Settled,22,No,0.41
C6062-C,P37698-Z,Aradhya Borra,2024-04-03,Agriculture,Health,78706,78706,8253,243710,Pune,West,256,Flood,Crop Loss,Agent,44,Male,Pending,13,No,0.32
C2525-S,P53916-G,Akarsh Saran,2024-05-25,Vehicle,Life,124449,124449,27791,179669,Lucknow,North,224,Moderate Rain,Crop Loss,Branch,27,Female,Pending,21,Yes,0.69
C9500-O,P82300-L,Indrajit Sharma,2024-05-17,Health,Agriculture,123257,123257,45274,343219,Jaipur,North,140,Light Rain,Crop Loss,Online,66,Female,Pending,13,Yes,0.36
C5358-T,P57364-O,Zaina Khalsa,2024-03-20,Health,Life,103429,103429,10917,272470,Ahmedabad,West,284,Moderate Rain,House Damage,Online,64,Other,Rejected,28,No,0.38
C8080-M,P41186-W,Miraya Agate,2024-05-13,Health,Agriculture,181115,181115,27926,379199,Jaipur,North,270,Light Rain,Hospitalization,Branch,31,Female,Settled,8,No,0.48
C3053-Y,P12932-J,Farhan Wagle,2024-05-07,Property,Health,324814,324814,21912,446102,Mumbai,West,208,Light Rain,House Damage,Online,21,Female,Settled,24,No,0.73
C3053-Y,P45794-Z,Devansh Rattan,2024-09-29,Agriculture,Life,224305,224305,14314,316452,Kolkata,East,243,Moderate Rain,House Damage,Branch,18,Female,Settled,30,Yes,0.71
C8303-K,P77463-R,Drishya Gupta,2024-06-15,Health,Life,29767,29767,20687,282465,Bangalore,South,138,Light Rain,Hospitalization,Online,22,Other,Pending,28,No,0.11
C3076-Y,P12470-V,Mannat Setty,2024-12-19,Agriculture,Agriculture,153018,153018,47326,297543,Jaipur,North,266,Heavy Rain,Road Accident,Mobile App,26,Male,Settled,27,Yes,0.51
C6205-J,P32097-B,Vritika Bajwa,2024-03-01,Property,Vehicle,447067,447067,49545,521592,Kolkata,East,211,Moderate Rain,House Damage,Agent,60,Other,Pending,23,No,0.86
C8464-R,P26810-L,Kartik Chander,2024-01-25,Vehicle,Life,72364,72364,44699,198464,Ahmedabad,West,168,Moderate Rain,Hospitalization,Agent,48,Male,Pending,22,No,0.36
C6692-E,P36231-V,Mannat Chaudhuri,2024-02-07,Property,Agriculture,376739,376739,25203,539661,Lucknow,North,275,Moderate Rain,Crop Loss,Branch,65,Male,Pending,7,No,0.7
C6846-J,P14860-M,Jayan Hari,2024-07-16,Agriculture,Property,183599,183599,5740,320081,Hyderabad,South,189,Light Rain,Crop Loss,Online,28,Female,Settled,27,No,0.57
C1093-T,P84730-R,Raghav Zachariah,2024-08-30,Property,Agriculture,277058,277058,23808,366160,Kolkata,East,204,Light Rain,House Damage,Branch,58,Other,Pending,23,No,0.76
C1291-V,P11035-X,Manjari Madan,2024-10-20,Vehicle,Vehicle,91193,91193,38009,367252,Jaipur,North,274,Heavy Rain,Crop Loss,Mobile App,69,Other,Pending,13,Yes,0.25
C2660-J,P16860-R,Rati Bora,2024-04-12,Vehicle,Agriculture,59230,59230,43195,332674,Delhi,North,260,Light Rain,House Damage,Online,41,Female,Pending,12,No,0.18
C6974-O,P46332-F,Aradhya Bala,2024-04-08,Health,Health,180978,180978,21802,448410,Jaipur,North,221,Light Rain,Flood Damage,Agent,49,Other,Pending,27,No,0.4
C4457-O,P77072-A,Bhavin Dey,2024-04-08,Health,Agriculture,139641,139641,43971,355159,Hyderabad,South,62,Flood,House Damage,Online,19,Other,Settled,6,No,0.39
C4495-X,P51144-V,Vaibhav Vyas,2024-03-08,Vehicle,Agriculture,119585,85120,47734,284576,Bangalore,South,88,Flood,Crop Loss,Online,21,Male,Rejected,11,No,0.42
C1118-J,P53173-Z,Tushar Dass,2024-09-27,Property,Vehicle,443808,443808,23310,697436,Bangalore,South,125,Light Rain,Hospitalization,Mobile App,18,Male,Pending,13,No,0.64
C9041-F,P30618-E,Miraan Iyer,2024-10-28,Agriculture,Health,299265,299265,34926,440214,Kolkata,East,87,Flood,Hospitalization,Branch,49,Other,Settled,28,No,0.68
C9951-C,P70645-X,Heer Sabharwal,2024-07-22,Health,Life,80603,80603,37313,346199,Kolkata,East,120,Heavy Rain,Flood Damage,Agent,42,Other,Settled,22,No,0.23
C9795-D,P59757-M,Yakshit Bose,2024-08-23,Health,Health,158670,158670,21833,325463,Pune,West,112,Flood,Hospitalization,Branch,19,Other,Settled,10,No,0.49
C6502-T,P25599-R,Khushi Loyal,2024-12-09,Health,Property,117956,117956,44898,396804,Delhi,North,253,Heavy Rain,House Damage,Mobile App,46,Female,Settled,22,No,0.3
C6429-D,P69166-U,Shamik Issac,2024-01-03,Agriculture,Health,104657,69622,37251,238121,Lucknow,North,131,Heavy Rain,House Damage,Mobile App,52,Female,Pending,11,Yes,0.44
C1779-L,P18020-P,Suhana Saxena,2024-06-03,Property,Life,227309,227309,20430,403660,Chennai,South,187,Flood,Road Accident,Online,36,Other,Settled,14,No,0.56
C4754-K,P29708-F,Divyansh Bhargava,2024-07-08,Health,Vehicle,122200,122200,11099,359471,Kolkata,East,83,Moderate Rain,Flood Damage,Online,49,Other,Pending,11,No,0.34
C4613-T,P43697-I,Bhavin Salvi,2024-12-23,Property,Life,412136,412136,39092,567715,Ahmedabad,West,181,Flood,House Damage,Online,26,Other,Settled,26,No,0.73
C6784-N,P93656-Y,Prisha Varty,2024-12-16,Vehicle,Property,135530,135530,12434,376480,Jaipur,North,178,Flood,House Damage,Agent,63,Male,Settled,4,No,0.36
C7162-W,P57168-O,Rati Mangat,2024-06-10,Health,Health,94473,94473,41092,392413,Pune,West,230,Flood,Crop Loss,Mobile App,37,Male,Settled,26,No,0.24
C9827-W,P47392-J,Riaan Aggarwal,2024-04-29,Health,Agriculture,130141,130141,26684,360625,Lucknow,North,198,Light Rain,Crop Loss,Online,69,Male,Pending,6,No,0.36
C5724-C,P48916-T,Renee Sur,2024-06-03,Property,Property,335795,335795,7249,577691,Kolkata,East,182,Flood,Flood Damage,Agent,55,Female,Settled,8,No,0.58
C2165-A,P68705-O,Aniruddh Raju,2024-04-25,Agriculture,Property,133207,133207,41049,293428,Bangalore,South,220,Flood,Hospitalization,Agent,39,Female,Pending,23,No,0.45
C7102-V,P60724-L,Adah Bumb,2024-09-26,Property,Property,234046,234046,29619,370708,Mumbai,West,94,Light Rain,Flood Damage,Agent,23,Male,Settled,8,No,0.63
C6276-D,P31540-N,Anika Kata,2024-05-19,Vehicle,Agriculture,33107,33107,44745,236389,Bangalore,South,73,Light Rain,Flood Damage,Mobile App,61,Male,Settled,6,No,0.14
C4622-K,P24177-A,Vivaan Sibal,2024-10-17,Agriculture,Life,232320,232320,39769,317037,Jaipur,North,278,Heavy Rain,Crop Loss,Branch,26,Other,Pending,22,No,0.73
C3011-Z,P76298-H,Zain Dutt,2024-06-21,Agriculture,Health,133428,133428,27241,380630,Delhi,North,230,Moderate Rain,Flood Damage,Agent,35,Female,Rejected,24,No,0.35
C5844-B,P18390-L,Anvi Sarkar,2024-02-10,Agriculture,Vehicle,252684,252684,22495,418972,Hyderabad,South,289,Moderate Rain,Flood Damage,Branch,46,Female,Settled,10,Yes,0.6
C3510-A,P87785-Z,Vanya Saraf,2024-01-08,Vehicle,Life,44864,44864,39203,189788,Lucknow,North,52,Moderate Rain,Crop Loss,Branch,26,Female,Settled,5,No,0.24
C4122-I,P46564-K,Navya Toor,2024-10-18,Property,Health,147815,147815,21083,259449,Kolkata,East,182,Light Rain,House Damage,Online,54,Male,Settled,30,No,0.57
C4089-P,P49870-A,Oorja Kale,2024-11-09,Agriculture,Agriculture,286167,286167,13812,499125,Mumbai,West,210,Flood,Hospitalization,Online,70,Other,Rejected,19,No,0.57
C6022-D,P76624-P,Shayak Kanda,2024-08-13,Health,Vehicle,120862,76307,15050,365417,Ahmedabad,West,96,Light Rain,House Damage,Branch,54,Male,Pending,6,No,0.33
C7157-H,P77130-G,Vritika Kadakia,2024-12-25,Agriculture,Life,216111,216111,45809,505297,Mumbai,West,253,Heavy Rain,Flood Damage,Mobile App,33,Other,Pending,11,No,0.43
C4758-I,P63655-F,Vivaan Verma,2024-05-22,Health,Health,163995,163995,46532,383450,Mumbai,West,53,Moderate Rain,Hospitalization,Branch,33,Male,Settled,11,No,0.43
C5370-U,P31278-G,Yuvraj  Wali,2024-08-28,Health,Vehicle,39866,39866,45741,162732,Pune,West,267,Flood,Hospitalization,Agent,20,Male,Settled,23,No,0.24
C5389-R,P23421-T,Ojas Din,2024-06-18,Health,Health,148341,148341,9724,240187,Hyderabad,South,149,Heavy Rain,Crop Loss,Mobile App,47,Male,Pending,13,No,0.62
C1745-R,P77553-U,Amani Bhandari,2024-11-03,Vehicle,Agriculture,149365,149365,31960,404170,Lucknow,North,209,Heavy Rain,House Damage,Online,63,Female,Settled,13,No,0.37
C5227-J,P33288-Z,Kimaya Mand,2024-06-18,Vehicle,Health,54814,32961,30604,248637,Pune,West,190,Light Rain,Hospitalization,Branch,57,Other,Settled,24,No,0.22
C8637-M,P25107-I,Jiya Dube,2024-03-22,Property,Health,477549,477549,49347,671746,Chennai,South,246,Flood,Road Accident,Branch,37,Male,Pending,8,No,0.71
C6796-O,P89243-A,Riya Chaudhry,2024-05-14,Property,Agriculture,138504,138504,9993,252283,Hyderabad,South,168,Moderate Rain,Crop Loss,Online,23,Female,Pending,11,No,0.55
C4780-A,P48195-N,Khushi Bakshi,2024-05-17,Agriculture,Life,52197,52197,43621,145463,Pune,West,89,Light Rain,House Damage,Agent,42,Female,Settled,24,No,0.36
C1497-O,P31347-C,Mannat Warrior,2024-03-01,Health,Life,68699,68699,41052,288619,Pune,West,197,Heavy Rain,House Damage,Agent,54,Male,Settled,30,No,0.24
C7079-P,P41171-J,Dhanush Sura,2024-01-05,Agriculture,Agriculture,88920,55182,14358,142848,Lucknow,North,110,Moderate Rain,Hospitalization,Agent,68,Male,Settled,12,No,0.62
C7261-R,P82981-E,Prerak Kohli,2024-08-29,Property,Property,426059,426059,12125,530826,Pune,West,124,Heavy Rain,Road Accident,Online,65,Other,Settled,19,Yes,0.8
C8886-K,P66917-U,Yashvi Shankar,2024-04-05,Vehicle,Agriculture,58519,58519,11478,149796,Hyderabad,South,195,Moderate Rain,Hospitalization,Agent,34,Male,Settled,5,No,0.39
C2978-J,P42736-A,Pari Gopal,2024-11-27,Property,Property,132576,132576,25376,274301,Hyderabad,South,81,Heavy Rain,Crop Loss,Agent,68,Female,Pending,24,No,0.48
C2092-J,P61618-X,Miraya Gaba,2024-11-20,Property,Agriculture,398489,398489,8635,543356,Kolkata,East,259,Flood,House Damage,Branch,39,Other,Settled,27,No,0.73
C3796-I,P31687-L,Urvi Chopra,2024-04-28,Agriculture,Vehicle,270657,270657,35819,477876,Jaipur,North,210,Moderate Rain,Flood Damage,Online,50,Female,Settled,15,No,0.57
C1091-J,P89195-G,Darshit Mani,2024-07-07,Health,Property,78558,67016,11958,189407,Jaipur,North,180,Flood,Hospitalization,Agent,45,Female,Settled,26,No,0.41
C2784-V,P71027-V,Jayan Contractor,2024-07-29,Vehicle,Life,69519,56525,15021,289233,Delhi,North,143,Heavy Rain,Road Accident,Agent,65,Male,Settled,23,No,0.24
C5962-U,P55920-X,Yakshit Garde,2024-08-08,Health,Health,87639,69601,11274,234795,Kolkata,East,121,Flood,Hospitalization,Mobile App,63,Male,Rejected,15,No,0.37
C2431-U,P92714-F,Reyansh Sabharwal,2024-06-15,Health,Agriculture,140717,140717,33293,413157,Jaipur,North,153,Moderate Rain,Crop Loss,Online,24,Other,Settled,4,Yes,0.34
C6542-C,P91577-F,Tara Jhaveri,2024-05-26,Property,Vehicle,493043,493043,25239,573766,Bangalore,South,71,Flood,Flood Damage,Online,40,Male,Pending,8,No,0.86
C2833-J,P65248-V,Suhana Zacharia,2024-05-15,Agriculture,Health,263172,263172,44310,523838,Chennai,South,298,Heavy Rain,Crop Loss,Branch,44,Female,Settled,25,No,0.5
C6135-V,P49718-E,Rasha Kunda,2024-10-01,Property,Vehicle,125724,125724,49588,330230,Pune,West,160,Heavy Rain,House Damage,Online,38,Female,Pending,4,Yes,0.38
C6092-Y,P66517-Y,Zeeshan Dhar,2024-06-19,Agriculture,Property,297410,297410,31238,526341,Hyderabad,South,266,Light Rain,House Damage,Online,59,Female,Pending,19,No,0.57
C4938-Y,P88202-D,Riaan Mannan,2024-04-10,Vehicle,Life,39787,39787,36566,221123,Jaipur,North,159,Moderate Rain,Crop Loss,Online,65,Female,Pending,16,No,0.18
C7079-E,P80402-C,Adah Virk,2024-09-08,Vehicle,Health,96866,96866,49566,355590,Hyderabad,South,193,Moderate Rain,Hospitalization,Branch,67,Female,Settled,15,No,0.27
C2440-V,P84612-C,Kismat Chauhan,2024-09-08,Property,Property,175670,94810,38947,322092,Bangalore,South,97,Moderate Rain,Hospitalization,Agent,33,Female,Pending,28,No,0.55
C5821-A,P71876-P,Kabir Dhillon,2024-12-21,Health,Vehicle,155737,155737,18823,336403,Ahmedabad,West,265,Light Rain,Crop Loss,Agent,33,Female,Settled,17,No,0.46
C7453-Y,P61057-G,Divit Raju,2024-12-05,Health,Property,90868,90868,22014,243899,Lucknow,North,280,Flood,Hospitalization,Branch,57,Female,Rejected,27,No,0.37
C9683-T,P43210-Z,Anay Swamy,2024-02-10,Agriculture,Life,153925,153925,9368,255344,Jaipur,North,224,Flood,Flood Damage,Online,52,Other,Settled,15,No,0.6
C6821-V,P38212-X,Indrans Konda,2024-03-02,Vehicle,Health,61057,36152,21449,143264,Lucknow,North,76,Heavy Rain,Hospitalization,Online,30,Female,Pending,26,No,0.43
C1982-B,P15010-F,Pihu Sani,2024-02-17,Health,Vehicle,70231,70231,48553,131982,Pune,West,225,Light Rain,Crop Loss,Mobile App,59,Other,Pending,13,No,0.53
C5437-Z,P69716-U,Alisha Tella,2024-08-12,Health,Agriculture,85961,85961,6102,351688,Kolkata,East,298,Flood,Flood Damage,Branch,51,Female,Settled,28,No,0.24
C1313-R,P91141-A,Shaan Kota,2024-07-30,Agriculture,Health,201543,201543,45266,433212,Delhi,North,95,Heavy Rain,Hospitalization,Mobile App,70,Male,Settled,20,No,0.47
C6830-P,P91987-B,Mannat Rout,2024-03-23,Agriculture,Agriculture,206039,206039,36327,287052,Chennai,South,136,Moderate Rain,Crop Loss,Branch,64,Male,Pending,3,No,0.72
C4229-A,P83292-V,Tara Borra,2024-02-09,Property,Agriculture,405782,405782,7693,700849,Ahmedabad,West,100,Heavy Rain,House Damage,Mobile App,64,Male,Pending,22,No,0.58
C3429-Z,P32637-N,Hansh Sankar,2024-03-02,Agriculture,Agriculture,283660,283660,31782,569283,Jaipur,North,228,Light Rain,House Damage,Mobile App,41,Female,Settled,20,No,0.5
C4057-M,P70764-T,Shanaya Chaudhuri,2024-08-12,Health,Vehicle,78021,48559,23533,198548,Lucknow,North,142,Flood,Crop Loss,Mobile App,27,Other,Settled,21,No,0.39
C1544-X,P80515-M,Khushi Balasubramanian,2024-12-16,Property,Agriculture,107081,107081,10975,182470,Jaipur,North,278,Moderate Rain,Crop Loss,Agent,33,Female,Rejected,4,No,0.59
C5749-M,P60590-F,Tanya Doshi,2024-09-06,Agriculture,Life,284248,145297,48369,569665,Jaipur,North,283,Heavy Rain,Road Accident,Agent,68,Female,Rejected,4,No,0.5
C8712-A,P10584-W,Pihu Arora,2024-12-28,Agriculture,Vehicle,234806,234806,19699,320436,Hyderabad,South,52,Heavy Rain,House Damage,Mobile App,50,Male,Settled,14,Yes,0.73
C7788-B,P53881-H,Badal Sathe,2024-03-23,Vehicle,Property,134224,134224,24275,245650,Pune,West,175,Moderate Rain,House Damage,Online,70,Other,Pending,20,No,0.55
C4371-X,P35620-Y,Lagan Hayre,2024-03-02,Health,Agriculture,139335,139335,49304,321350,Pune,West,105,Heavy Rain,Road Accident,Mobile App,66,Female,Settled,6,No,0.43
C8691-X,P43761-F,Chirag Viswanathan,2024-04-24,Property,Life,208137,208137,7369,456310,Mumbai,West,129,Heavy Rain,Hospitalization,Branch,64,Male,Settled,19,No,0.46
C3404-I,P92718-F,Zoya Mahajan,2024-02-20,Vehicle,Property,105487,105487,18133,322648,Ahmedabad,West,69,Moderate Rain,Flood Damage,Online,40,Other,Pending,15,No,0.33
C5432-E,P79066-T,Miraya Samra,2024-07-09,Property,Property,365010,216389,27515,471006,Delhi,North,53,Moderate Rain,House Damage,Agent,32,Male,Pending,30,No,0.77
C4109-C,P61678-C,Abram Vasa,2024-12-12,Health,Property,43766,43718,18723,188662,Mumbai,West,269,Heavy Rain,Crop Loss,Agent,19,Male,Settled,15,No,0.23
C3374-H,P76211-I,Mishti Walia,2024-07-14,Health,Life,115857,115857,45054,360827,Chennai,South,117,Heavy Rain,Road Accident,Mobile App,39,Other,Settled,30,No,0.32
C1438-W,P52192-A,Zaina Sethi,2024-08-21,Property,Property,261871,258021,40762,426066,Kolkata,East,125,Flood,House Damage,Mobile App,47,Other,Settled,24,No,0.61
C7985-I,P76632-N,Saira Badami,2024-12-26,Vehicle,Property,127591,127591,25006,347399,Jaipur,North,182,Moderate Rain,Flood Damage,Branch,19,Other,Pending,20,No,0.37
C6585-Y,P54397-C,Azad Varty,2024-02-16,Agriculture,Health,174509,174509,39046,417718,Bangalore,South,199,Flood,Hospitalization,Mobile App,54,Female,Settled,4,No,0.42
C1036-M,P82396-F,Kavya Basak,2024-11-28,Health,Property,111648,111648,41607,353115,Chennai,South,285,Flood,Crop Loss,Branch,42,Male,Rejected,10,No,0.32
C2941-B,P79677-G,Advik Karpe,2024-04-27,Health,Agriculture,57994,42301,8706,181387,Pune,West,113,Light Rain,Hospitalization,Branch,19,Female,Settled,22,No,0.32
C9091-N,P13561-S,Misha Sastry,2024-11-22,Vehicle,Agriculture,87139,87139,49871,259420,Bangalore,South,176,Light Rain,Road Accident,Online,42,Other,Pending,12,No,0.34
C4529-X,P99092-T,Kashvi Chand,2024-08-16,Property,Life,377336,377336,49120,436527,Hyderabad,South,59,Flood,Road Accident,Online,29,Other,Settled,25,No,0.86
C3271-X,P97984-S,Anahita Borde,2024-01-27,Property,Life,338660,338660,26476,634301,Chennai,South,239,Heavy Rain,Hospitalization,Agent,47,Male,Settled,5,No,0.53
C7175-F,P37682-T,Nirvaan Wadhwa,2024-04-21,Agriculture,Life,84467,84467,27336,223247,Pune,West,284,Heavy Rain,House Damage,Mobile App,24,Other,Pending,16,No,0.38
C3456-K,P43205-V,Dharmajan Bhalla,2024-02-05,Vehicle,Vehicle,149544,149544,33123,263153,Lucknow,North,122,Heavy Rain,House Damage,Agent,43,Other,Pending,4,No,0.57
C7682-E,P76803-F,Hrishita Kale,2024-01-21,Property,Property,228664,228664,20744,481663,Lucknow,North,289,Moderate Rain,Crop Loss,Online,54,Male,Settled,20,No,0.47
C5638-J,P42500-F,Anya Sheth,2024-10-16,Health,Agriculture,116199,116199,25745,298642,Chennai,South,147,Heavy Rain,Crop Loss,Mobile App,20,Male,Settled,21,No,0.39
C1315-B,P32099-S,Zoya Sodhi,2024-07-27,Property,Vehicle,157999,157999,29400,425055,Ahmedabad,West,299,Heavy Rain,Crop Loss,Branch,55,Other,Settled,25,No,0.37
C4794-R,P47766-B,Shamik Sarma,2024-02-04,Vehicle,Property,127572,76725,11741,264888,Bangalore,South,63,Moderate Rain,Crop Loss,Branch,28,Male,Settled,7,No,0.48
C5429-O,P22241-V,Stuvan Sant,2024-11-01,Health,Health,60254,60254,14593,218355,Hyderabad,South,275,Flood,Crop Loss,Branch,31,Male,Pending,3,No,0.28
C3443-Q,P68983-E,Bhavin Dave,2024-08-12,Health,Property,163822,163822,12277,346908,Delhi,North,280,Light Rain,House Damage,Branch,46,Male,Settled,12,No,0.47
C8831-L,P70962-F,Onkar Bahri,2024-12-12,Property,Life,389334,389334,48433,564089,Ahmedabad,West,196,Flood,House Damage,Agent,34,Female,Settled,15,No,0.69
C1563-R,P81467-V,Seher Kaul,2024-03-28,Property,Agriculture,116661,90879,49606,230484,Pune,West,142,Light Rain,Hospitalization,Online,33,Male,Pending,14,No,0.51
C1367-T,P76802-M,Siya Verma,2024-11-21,Vehicle,Health,59288,59288,43446,198228,Chennai,South,277,Flood,Flood Damage,Branch,62,Male,Settled,30,No,0.3
C7841-U,P84640-F,Armaan Dutta,2024-06-06,Agriculture,Agriculture,107484,107484,41127,269405,Mumbai,West,207,Light Rain,House Damage,Mobile App,44,Other,Rejected,8,No,0.4
C4472-L,P77338-B,Tiya Behl,2024-07-17,Agriculture,Property,152110,152110,33078,353529,Kolkata,East,137,Heavy Rain,House Damage,Mobile App,37,Other,Settled,17,No,0.43
C4902-T,P88696-L,Zara Karan,2024-07-06,Health,Agriculture,164662,164662,30266,295761,Delhi,North,150,Light Rain,Road Accident,Mobile App,41,Female,Rejected,11,No,0.56
C2776-T,P87910-S,Kimaya Ahuja,2024-11-13,Property,Vehicle,290832,290832,29421,405905,Delhi,North,62,Flood,Hospitalization,Agent,43,Female,Pending,26,No,0.72
C4857-M,P90478-G,Gokul Sem,2024-04-18,Property,Property,470673,470673,10008,721499,Kolkata,East,160,Heavy Rain,Flood Damage,Branch,34,Female,Pending,16,No,0.65
C1054-F,P98459-H,Mohanlal Sem,2024-03-07,Vehicle,Life,82637,82637,34020,207152,Jaipur,North,275,Light Rain,Road Accident,Online,64,Other,Settled,12,Yes,0.4
C3614-E,P24072-W,Divit Bhatti,2024-03-18,Agriculture,Agriculture,230450,230450,47575,364824,Lucknow,North,68,Light Rain,Hospitalization,Agent,69,Male,Settled,13,No,0.63
C5798-V,P75750-Z,Sumer Karan,2024-06-17,Property,Health,125451,125451,9226,368113,Kolkata,East,287,Moderate Rain,Hospitalization,Mobile App,29,Male,Rejected,30,No,0.34
C2083-E,P79641-X,Badal Kaul,2024-11-23,Vehicle,Health,95504,95504,16339,388462,Ahmedabad,West,215,Heavy Rain,Road Accident,Mobile App,64,Male,Rejected,18,No,0.25
C4237-D,P70657-O,Devansh Lall,2024-11-05,Vehicle,Agriculture,117707,117707,15366,276516,Lucknow,North,263,Moderate Rain,Crop Loss,Mobile App,29,Male,Settled,18,No,0.43
C9670-B,P43650-L,Darshit Chaudhry,2024-03-23,Vehicle,Health,33673,22816,41810,280127,Lucknow,North,258,Heavy Rain,Crop Loss,Agent,55,Other,Settled,3,No,0.12
C5389-L,P43430-L,Diya Vaidya,2024-12-19,Health,Property,157443,157443,30379,280069,Mumbai,West,154,Flood,Flood Damage,Online,49,Other,Settled,30,Yes,0.56
C9717-J,P32823-R,Seher Rana,2024-08-16,Property,Vehicle,398236,398236,20276,553957,Mumbai,West,157,Light Rain,Crop Loss,Online,20,Male,Settled,19,Yes,0.72
C6864-E,P36686-Z,Hridaan Dhaliwal,2024-07-04,Property,Agriculture,172018,159078,39791,413640,Delhi,North,69,Moderate Rain,Crop Loss,Online,64,Female,Settled,18,No,0.42
C3739-N,P65551-F,Sumer Andra,2024-10-22,Property,Agriculture,376616,376616,27676,450280,Hyderabad,South,282,Heavy Rain,Flood Damage,Online,66,Male,Settled,26,No,0.84
C5711-F,P74904-Z,Arnav Gour,2024-01-29,Agriculture,Vehicle,105422,105422,42104,322272,Ahmedabad,West,89,Light Rain,House Damage,Online,48,Other,Settled,27,No,0.33
C2381-O,P30393-X,Mahika Saini,2024-05-12,Agriculture,Agriculture,193128,193128,22145,318726,Pune,West,182,Light Rain,Crop Loss,Mobile App,58,Male,Settled,17,Yes,0.61
C3127-P,P93244-A,Advik Viswanathan,2024-10-26,Agriculture,Health,94343,94343,6245,245660,Mumbai,West,233,Heavy Rain,Hospitalization,Online,57,Female,Settled,25,No,0.38
C2397-X,P48342-P,Bhavin Som,2024-03-31,Health,Vehicle,23358,23358,37176,227056,Ahmedabad,West,102,Heavy Rain,Road Accident,Branch,30,Other,Settled,25,No,0.1
C5443-D,P17688-N,Alisha Ratta,2024-09-29,Agriculture,Vehicle,112858,112858,16725,357317,Kolkata,East,51,Flood,Flood Damage,Online,53,Male,Rejected,26,No,0.32
C1035-C,P74169-P,Krish Bir,2024-10-13,Property,Agriculture,479434,479434,35530,583643,Chennai,South,245,Flood,Road Accident,Agent,48,Female,Pending,29,No,0.82
C9233-R,P17348-S,Samaira Ramesh,2024-03-31,Health,Life,189585,101342,32032,465573,Lucknow,North,158,Moderate Rain,Road Accident,Mobile App,49,Other,Settled,29,No,0.41
C2071-D,P84322-Y,Pari Samra,2024-02-09,Health,Vehicle,80938,80938,43536,242657,Delhi,North,116,Light Rain,Crop Loss,Online,37,Male,Settled,3,No,0.33
C6056-O,P92729-H,Ahana  Dyal,2024-08-18,Vehicle,Vehicle,59283,59283,23989,204918,Ahmedabad,West,194,Heavy Rain,Crop Loss,Branch,40,Male,Settled,17,No,0.29
C1465-E,P59056-M,Damini Srinivas,2024-05-29,Property,Vehicle,250968,250968,43545,427371,Jaipur,North,226,Flood,Road Accident,Branch,60,Male,Settled,6,No,0.59
C6775-H,P61626-O,Hridaan Rastogi,2024-11-17,Property,Life,270391,270391,11006,427090,Delhi,North,122,Light Rain,Crop Loss,Mobile App,25,Female,Settled,10,No,0.63
C9499-F,P44505-J,Azad Kanda,2024-10-16,Vehicle,Life,140511,140511,23017,248075,Hyderabad,South,274,Flood,Crop Loss,Mobile App,55,Male,Pending,26,No,0.57
C9475-L,P47384-N,Ivan Kalla,2024-08-31,Vehicle,Property,123033,123033,46094,239957,Bangalore,South,54,Light Rain,House Damage,Agent,62,Female,Settled,22,No,0.51
C2035-M,P30591-B,Eshani Johal,2024-03-06,Health,Vehicle,61296,61296,10612,231881,Ahmedabad,West,261,Heavy Rain,House Damage,Online,24,Female,Settled,25,No,0.26
C9045-H,P56943-F,Ivan Dugal,2024-03-14,Property,Vehicle,482402,482402,8234,692168,Jaipur,North,175,Light Rain,Crop Loss,Branch,31,Male,Settled,29,No,0.7
C6093-N,P46712-C,Ranbir Chad,2024-04-01,Property,Vehicle,199949,199949,8331,470548,Mumbai,West,279,Moderate Rain,Hospitalization,Online,29,Male,Settled,20,No,0.42
C2777-B,P98301-S,Sahil Divan,2024-03-28,Property,Vehicle,331002,331002,23982,535569,Lucknow,North,196,Heavy Rain,Flood Damage,Mobile App,59,Male,Pending,27,No,0.62
C3879-B,P74960-M,Farhan Kapadia,2024-07-19,Agriculture,Life,134597,134597,28368,248645,Pune,West,220,Flood,Flood Damage,Agent,58,Other,Pending,23,No,0.54
C3821-E,P55588-U,Tara Shan,2024-12-27,Vehicle,Vehicle,51029,51029,37170,300959,Pune,West,300,Flood,Hospitalization,Agent,48,Female,Settled,8,No,0.17
C3293-L,P35973-L,Eshani Krishnan,2024-01-23,Vehicle,Agriculture,128679,128679,40903,280963,Bangalore,South,288,Flood,Hospitalization,Online,54,Male,Pending,21,No,0.46
C6545-N,P97791-I,Dhruv Bansal,2024-12-01,Vehicle,Property,36852,33957,30984,156780,Jaipur,North,185,Moderate Rain,Hospitalization,Online,58,Female,Rejected,4,No,0.24
C7009-U,P11275-Z,Elakshi Bali,2024-10-02,Agriculture,Agriculture,288363,288363,38237,527910,Bangalore,South,170,Light Rain,Crop Loss,Branch,58,Male,Pending,16,No,0.55
C2286-K,P85515-Z,Ira Jha,2024-04-07,Vehicle,Agriculture,31975,31975,35368,187570,Jaipur,North,232,Flood,Flood Damage,Branch,30,Male,Settled,13,No,0.17
C2542-H,P36619-F,Reyansh Chadha,2024-03-11,Health,Agriculture,92182,92182,48140,184948,Kolkata,East,54,Light Rain,Flood Damage,Online,40,Other,Pending,13,No,0.5
C5873-I,P85978-N,Sana Kadakia,2024-06-13,Property,Health,355662,355662,32214,577365,Bangalore,South,247,Moderate Rain,Road Accident,Branch,19,Other,Settled,11,No,0.62
C8184-J,P77141-K,Azad Vora,2024-06-16,Vehicle,Agriculture,146007,146007,36703,305569,Pune,West,282,Flood,Crop Loss,Agent,26,Other,Pending,3,No,0.48
C8701-E,P42296-W,Tiya Hegde,2024-10-03,Property,Vehicle,130694,130694,15946,205188,Ahmedabad,West,195,Moderate Rain,Hospitalization,Agent,60,Other,Pending,15,No,0.64
C4111-A,P25972-C,Kavya Gulati,2024-08-05,Vehicle,Life,130094,130094,22677,240309,Hyderabad,South,86,Moderate Rain,Crop Loss,Agent,30,Male,Settled,19,No,0.54
C2155-E,P89027-R,Indrajit Arora,2024-05-27,Property,Vehicle,432021,432021,20941,514003,Bangalore,South,282,Heavy Rain,Hospitalization,Branch,19,Female,Settled,19,No,0.84
C8813-T,P30020-J,Mahika Chaudhry,2024-10-22,Agriculture,Property,175721,175721,31103,436850,Bangalore,South,58,Light Rain,Flood Damage,Branch,25,Male,Pending,3,No,0.4
C3697-X,P83856-P,Mishti Dutt,2024-06-14,Agriculture,Vehicle,211717,211717,7995,466114,Delhi,North,270,Moderate Rain,Crop Loss,Agent,39,Female,Settled,19,Yes,0.45
C3383-Q,P82122-O,Aaryahi Sabharwal,2024-09-30,Vehicle,Vehicle,31621,31621,5765,156765,Mumbai,West,221,Flood,Flood Damage,Branch,58,Other,Settled,3,No,0.2
C6040-W,P22245-U,Pari Yohannan,2024-11-27,Property,Life,160524,160524,44330,446408,Kolkata,East,227,Heavy Rain,Crop Loss,Agent,31,Other,Settled,15,No,0.36
C3874-R,P35019-M,Emir Ramesh,2024-01-25,Agriculture,Health,212828,129800,44884,455624,Chennai,South,202,Flood,Road Accident,Agent,32,Female,Pending,14,No,0.47
C5505-J,P80237-I,Shaan Sastry,2024-09-17,Health,Life,23753,23753,30491,186667,Jaipur,North,227,Moderate Rain,Road Accident,Mobile App,56,Female,Pending,10,No,0.13
C4781-C,P40769-K,Samaira Chad,2024-11-08,Agriculture,Agriculture,249658,249658,21408,503584,Hyderabad,South,224,Heavy Rain,Crop Loss,Branch,69,Male,Settled,3,No,0.5
C6722-O,P68748-W,Jayant Sha,2024-11-06,Health,Life,46329,46329,36118,140839,Chennai,South,224,Moderate Rain,Hospitalization,Mobile App,46,Female,Settled,15,No,0.33
C8365-R,P22061-C,Divij Sachdeva,2024-01-29,Health,Property,20649,20649,9151,135521,Ahmedabad,West,257,Moderate Rain,Road Accident,Branch,19,Male,Settled,11,No,0.15
C4036-C,P26496-H,Aaina Acharya,2024-06-11,Vehicle,Property,107214,107214,48977,321816,Kolkata,East,166,Flood,Flood Damage,Agent,44,Other,Settled,12,No,0.33
C3324-X,P48076-U,Mehul Borra,2024-01-19,Vehicle,Agriculture,81016,81016,32716,353577,Mumbai,West,287,Moderate Rain,House Damage,Agent,69,Female,Settled,19,No,0.23
C1560-S,P35169-M,Zaina Gola,2024-01-11,Vehicle,Life,105107,94060,42840,289433,Delhi,North,82,Light Rain,Crop Loss,Mobile App,31,Female,Settled,10,No,0.36
C1828-V,P69912-Y,Aaryahi Karnik,2024-02-16,Property,Property,476412,476412,21979,717810,Ahmedabad,West,167,Heavy Rain,Road Accident,Branch,62,Other,Pending,16,No,0.66
C2156-F,P76619-F,Adah Bath,2024-10-19,Health,Property,159199,159199,7838,409481,Chennai,South,93,Moderate Rain,Hospitalization,Agent,39,Male,Pending,25,No,0.39
C7752-X,P36951-P,Nayantara Bala,2024-03-13,Vehicle,Agriculture,111569,111569,23952,360597,Chennai,South,191,Moderate Rain,Flood Damage,Branch,42,Male,Settled,28,No,0.31
C7769-U,P32024-M,Anya Lata,2024-07-17,Agriculture,Agriculture,286464,286464,45729,449001,Delhi,North,148,Flood,Flood Damage,Mobile App,38,Female,Rejected,23,Yes,0.64
C7069-P,P68102-L,Yuvraj  Rastogi,2024-09-04,Agriculture,Life,235505,235505,24540,286361,Jaipur,North,100,Flood,House Damage,Branch,34,Other,Settled,7,No,0.82
C2420-B,P51665-C,Ela Loyal,2024-06-15,Agriculture,Property,77594,77594,42322,141223,Hyderabad,South,192,Light Rain,Crop Loss,Online,70,Male,Settled,15,No,0.55
C6971-S,P96600-H,Farhan D’Alia,2024-08-19,Agriculture,Agriculture,290135,244041,42300,519930,Lucknow,North,196,Light Rain,Flood Damage,Branch,52,Male,Pending,12,No,0.56
C8195-K,P48004-K,Nirvaan Hora,2024-01-26,Vehicle,Life,39262,39262,35651,101572,Chennai,South,177,Flood,Flood Damage,Online,44,Male,Settled,28,No,0.39
C1306-C,P87603-S,Kimaya Rajagopalan,2024-12-10,Agriculture,Vehicle,51103,40976,25860,185329,Hyderabad,South,187,Moderate Rain,House Damage,Mobile App,58,Female,Settled,30,No,0.28
C6340-F,P96014-Q,Siya Bains,2024-11-29,Health,Vehicle,124032,103413,35369,403761,Chennai,South,265,Light Rain,Crop Loss,Branch,40,Male,Settled,10,No,0.31
C7143-B,P35376-T,Aaryahi Iyer,2024-01-19,Health,Agriculture,189931,189931,44185,416142,Hyderabad,South,198,Moderate Rain,Road Accident,Mobile App,41,Female,Settled,22,No,0.46
C5135-D,P41385-M,Nishith Wable,2024-01-13,Vehicle,Life,60510,60510,47118,341001,Lucknow,North,68,Light Rain,Crop Loss,Online,57,Male,Pending,4,No,0.18
C3279-D,P66935-D,Prisha Ravel,2024-02-17,Vehicle,Vehicle,106669,106669,13480,348573,Pune,West,199,Moderate Rain,Hospitalization,Agent,70,Male,Pending,9,No,0.31
C1939-T,P91719-L,Shalv Shetty,2024-03-11,Agriculture,Agriculture,291431,291431,33181,555428,Bangalore,South,97,Moderate Rain,Road Accident,Online,30,Female,Settled,4,No,0.52
C2782-M,P69815-B,Samiha Dube,2024-10-07,Vehicle,Property,133832,133832,7850,292182,Mumbai,West,196,Light Rain,Flood Damage,Branch,25,Male,Settled,8,No,0.46
C2938-H,P82220-I,Yasmin Bassi,2024-06-05,Health,Vehicle,64757,64757,46947,185857,Ahmedabad,West,143,Heavy Rain,Flood Damage,Mobile App,61,Female,Settled,15,No,0.35
C9422-C,P97744-P,Nitya Mangat,2024-09-25,Vehicle,Health,90753,54270,28448,175364,Chennai,South,134,Light Rain,Hospitalization,Online,66,Other,Settled,30,No,0.52
C7918-V,P14087-D,Raunak Dutt,2024-11-20,Property,Life,353673,353673,39241,445103,Delhi,North,186,Light Rain,Road Accident,Agent,63,Other,Rejected,24,No,0.79
C7534-H,P90375-L,Vihaan Rao,2024-07-15,Agriculture,Vehicle,52311,52311,33402,306075,Jaipur,North,190,Heavy Rain,Flood Damage,Branch,29,Female,Pending,11,No,0.17
C7739-J,P26710-M,Hridaan Varkey,2024-06-08,Health,Vehicle,167071,167071,24190,351841,Pune,West,132,Flood,Crop Loss,Mobile App,28,Male,Settled,12,No,0.47
C3144-Q,P67070-M,Samarth Venkataraman,2024-11-01,Health,Life,165523,134634,38316,366418,Hyderabad,South,194,Flood,Flood Damage,Mobile App,46,Female,Settled,15,No,0.45
C9526-D,P47868-F,Stuvan Dara,2024-03-26,Health,Life,196085,196085,16950,380878,Pune,West,250,Heavy Rain,Crop Loss,Online,21,Female,Pending,10,No,0.51
C3869-N,P14256-V,Ayesha Varkey,2024-08-06,Vehicle,Health,60563,60563,32328,278894,Mumbai,West,181,Light Rain,Road Accident,Agent,53,Male,Pending,17,No,0.22
C5786-K,P40490-M,Badal Loyal,2024-11-03,Vehicle,Property,116024,116024,47816,240553,Lucknow,North,150,Flood,Hospitalization,Branch,61,Other,Settled,27,No,0.48
C9664-C,P80392-V,Zeeshan Ranganathan,2024-10-14,Property,Agriculture,329097,329097,9729,496101,Mumbai,West,61,Heavy Rain,Flood Damage,Branch,42,Male,Settled,5,No,0.66
C2912-I,P51094-S,Adira Hora,2024-08-21,Vehicle,Agriculture,54773,54773,39327,193196,Mumbai,West,249,Heavy Rain,Hospitalization,Online,70,Other,Pending,28,No,0.28
C2574-H,P93055-C,Uthkarsh Magar,2024-10-23,Agriculture,Property,141063,141063,44672,314803,Ahmedabad,West,261,Light Rain,House Damage,Mobile App,24,Male,Settled,21,No,0.45
C6752-G,P16644-X,Kiara Bawa,2024-12-15,Property,Life,426602,426602,32029,591525,Jaipur,North,64,Flood,Flood Damage,Branch,31,Female,Settled,19,No,0.72
C1949-T,P16796-T,Priyansh Kumer,2024-11-29,Vehicle,Vehicle,107466,107466,31444,363030,Chennai,South,254,Flood,House Damage,Mobile App,54,Male,Settled,21,No,0.3
C6714-W,P63073-G,Tara Sarraf,2024-07-16,Health,Vehicle,88109,88109,35362,383057,Hyderabad,South,216,Moderate Rain,Flood Damage,Online,55,Other,Pending,18,No,0.23
C8729-R,P64570-V,Hridaan Dave,2024-06-07,Agriculture,Agriculture,210563,210563,28058,353509,Lucknow,North,268,Heavy Rain,Crop Loss,Online,37,Male,Settled,5,No,0.6
C6291-W,P51029-P,Samaira Sankar,2024-06-19,Health,Life,152028,92356,31722,330014,Mumbai,West,53,Heavy Rain,House Damage,Online,55,Male,Pending,15,No,0.46
C8267-G,P15722-M,Raunak Bora,2024-10-31,Agriculture,Vehicle,240893,170622,26824,322292,Hyderabad,South,191,Heavy Rain,Flood Damage,Mobile App,24,Other,Settled,26,No,0.75
C6061-Q,P79467-Z,Biju Mangal,2024-01-31,Vehicle,Health,116243,116243,39637,199033,Mumbai,West,67,Heavy Rain,Flood Damage,Branch,58,Female,Pending,29,No,0.58
C3906-C,P25701-I,Yuvraj  Borah,2024-08-14,Property,Health,245587,245587,28672,457018,Lucknow,North,237,Moderate Rain,Road Accident,Mobile App,26,Other,Settled,28,No,0.54
C4236-J,P78914-O,Anaya Cherian,2024-10-02,Property,Vehicle,162697,162697,33737,321889,Ahmedabad,West,293,Flood,Road Accident,Mobile App,55,Male,Pending,11,No,0.51
C1127-U,P84388-H,Manjari Bali,2024-08-05,Vehicle,Property,110251,110251,13193,271318,Mumbai,West,158,Light Rain,Hospitalization,Branch,48,Other,Settled,23,No,0.41
C7653-A,P81565-C,Advika Tata,2024-12-28,Vehicle,Vehicle,97604,97604,36573,192480,Lucknow,North,295,Flood,Flood Damage,Agent,23,Male,Pending,5,No,0.51
C7654-M,P53369-E,Eshani Wable,2024-02-21,Property,Property,187374,187374,23316,323772,Bangalore,South,168,Light Rain,Crop Loss,Branch,42,Male,Settled,8,No,0.58
C1253-F,P67749-S,Aarav Sami,2024-07-24,Vehicle,Vehicle,43562,43562,29560,263955,Mumbai,West,170,Heavy Rain,House Damage,Mobile App,70,Female,Settled,10,No,0.17
C3481-U,P61800-V,Jayant Bal,2024-09-02,Vehicle,Life,108588,108588,25043,251779,Bangalore,South,271,Flood,Flood Damage,Agent,22,Female,Pending,8,No,0.43
C8716-W,P60906-A,Sahil Choudhury,2024-09-14,Property,Property,350743,350743,45399,447694,Hyderabad,South,230,Flood,Crop Loss,Online,20,Female,Settled,25,No,0.78
C8177-C,P61302-E,Jhanvi Reddy,2024-09-18,Health,Agriculture,40558,40558,43827,125471,Chennai,South,127,Light Rain,Crop Loss,Online,21,Other,Settled,6,No,0.32
C4650-E,P62771-X,Kiara Chopra,2024-02-06,Health,Agriculture,151379,151379,43496,217755,Pune,West,165,Flood,Hospitalization,Mobile App,62,Male,Settled,9,No,0.7
C4070-H,P82741-C,Nehmat Sangha,2024-07-06,Agriculture,Property,99557,99557,12067,218852,Mumbai,West,176,Light Rain,House Damage,Branch,32,Other,Pending,13,No,0.45
C2385-Y,P18961-R,Alisha Guha,2024-10-29,Vehicle,Life,100057,100057,13840,179596,Jaipur,North,286,Moderate Rain,Crop Loss,Branch,26,Male,Settled,10,No,0.56
C1674-H,P26566-V,Inaaya  Shenoy,2024-12-03,Agriculture,Life,86221,58117,20576,288462,Chennai,South,242,Flood,Road Accident,Branch,59,Male,Settled,14,No,0.3
C4666-Q,P88978-H,Nishith Dash,2024-08-31,Agriculture,Health,79295,79295,10771,316460,Mumbai,West,61,Moderate Rain,Crop Loss,Branch,24,Female,Settled,9,No,0.25
C3874-Y,P90449-Z,Tiya Dasgupta,2024-03-07,Property,Vehicle,141334,141334,23029,215022,Jaipur,North,199,Light Rain,Flood Damage,Mobile App,58,Other,Settled,11,No,0.66
C1816-K,P98548-W,Jiya Taneja,2024-01-19,Property,Vehicle,132996,67236,37250,414704,Mumbai,West,203,Moderate Rain,House Damage,Agent,49,Other,Settled,12,No,0.32
C6455-X,P87577-E,Indrajit Reddy,2024-04-27,Health,Health,38829,38829,47927,247667,Lucknow,North,60,Heavy Rain,Crop Loss,Mobile App,50,Female,Settled,18,No,0.16
C1737-A,P70391-I,Umang Bandi,2024-06-10,Agriculture,Health,137797,137797,22529,240969,Hyderabad,South,225,Light Rain,Road Accident,Branch,58,Female,Settled,30,No,0.57
C1711-M,P83207-O,Rati Upadhyay,2024-10-26,Vehicle,Vehicle,149066,149066,46972,215942,Bangalore,South,253,Moderate Rain,Road Accident,Mobile App,26,Other,Pending,8,No,0.69
C2981-A,P83114-B,Faiyaz Chandran,2024-08-23,Vehicle,Vehicle,97729,97729,28400,229587,Delhi,North,79,Light Rain,House Damage,Mobile App,44,Male,Settled,10,No,0.43
C3537-Y,P22491-S,Anvi Suri,2024-12-18,Property,Life,294307,294307,41921,585423,Chennai,South,50,Flood,House Damage,Agent,20,Male,Pending,20,No,0.5
C1929-K,P57108-K,Divij Ramanathan,2024-03-24,Health,Health,169444,169444,12616,409712,Pune,West,239,Heavy Rain,Hospitalization,Branch,70,Female,Settled,12,No,0.41
C1805-O,P90251-Y,Arhaan Shankar,2024-05-28,Health,Life,53480,53480,18341,341072,Pune,West,186,Flood,Hospitalization,Online,35,Female,Settled,9,No,0.16
C4271-Z,P65862-K,Aayush Subramanian,2024-06-24,Vehicle,Vehicle,31532,31532,22521,205789,Mumbai,West,214,Light Rain,Hospitalization,Online,65,Other,Settled,20,No,0.15
C5596-O,P69134-F,Keya Rajagopal,2024-05-12,Vehicle,Property,79186,79186,23689,325259,Bangalore,South,229,Moderate Rain,Hospitalization,Agent,62,Female,Rejected,26,No,0.24
C1195-S,P29424-J,Dharmajan Tailor,2024-08-02,Property,Life,408748,408748,22819,501377,Delhi,North,178,Moderate Rain,House Damage,Mobile App,40,Female,Settled,6,Yes,0.82
C8962-M,P46669-O,Vivaan Sama,2024-01-31,Property,Agriculture,198697,198697,46913,262418,Lucknow,North,258,Flood,Flood Damage,Mobile App,30,Female,Rejected,19,No,0.76
C4336-V,P37248-D,Alia Kapur,2024-08-17,Property,Life,119690,119690,41345,197730,Hyderabad,South,116,Flood,Flood Damage,Agent,23,Other,Rejected,14,No,0.61
C9298-T,P39843-Q,Bhavin Agrawal,2024-03-31,Health,Agriculture,45718,45718,24990,295856,Ahmedabad,West,240,Heavy Rain,Flood Damage,Online,40,Male,Pending,26,Yes,0.15
C9394-X,P72586-F,Misha Shetty,2024-03-22,Agriculture,Vehicle,203609,203609,42534,484223,Pune,West,129,Flood,Hospitalization,Agent,31,Female,Settled,14,No,0.42
C6903-R,P39113-G,Rania Roy,2024-08-28,Vehicle,Vehicle,50087,50087,17701,269815,Delhi,North,195,Flood,Road Accident,Online,27,Other,Pending,6,No,0.19
C6462-C,P92250-Z,Ryan Sastry,2024-11-09,Agriculture,Life,149150,149150,27254,398796,Hyderabad,South,260,Light Rain,Hospitalization,Agent,56,Female,Pending,9,No,0.37
C3281-F,P13930-G,Indrans Gandhi,2024-11-28,Vehicle,Life,58329,58329,49177,171856,Kolkata,East,143,Flood,Crop Loss,Agent,51,Male,Settled,21,No,0.34
C6774-Y,P78444-D,Rasha Reddy,2024-09-26,Agriculture,Vehicle,272721,272721,7380,323048,Chennai,South,84,Heavy Rain,House Damage,Branch,38,Male,Settled,19,No,0.84
C8230-S,P72412-C,Gokul Deol,2024-01-15,Health,Property,130394,130394,19770,410794,Mumbai,West,270,Light Rain,Road Accident,Mobile App,39,Female,Settled,6,No,0.32
C9877-W,P10350-N,Ivan Kunda,2024-11-23,Vehicle,Vehicle,34692,34692,31953,140110,Hyderabad,South,279,Light Rain,House Damage,Agent,70,Other,Settled,15,No,0.25
C8835-F,P50874-P,Ivana Deshpande,2024-03-12,Health,Agriculture,157378,157378,32573,321980,Jaipur,North,241,Moderate Rain,House Damage,Mobile App,19,Other,Pending,19,No,0.49
C2153-U,P35509-E,Jayesh Sha,2024-01-05,Property,Vehicle,367720,367720,27491,497391,Hyderabad,South,101,Moderate Rain,Road Accident,Branch,68,Female,Settled,30,No,0.74
C1039-L,P39239-X,Reyansh Kurian,2024-07-30,Health,Agriculture,163746,163746,12531,296181,Chennai,South,147,Heavy Rain,Crop Loss,Branch,26,Male,Settled,15,No,0.55
C4997-R,P82781-S,Trisha Contractor,2024-09-20,Property,Property,195378,195378,33855,438679,Mumbai,West,161,Moderate Rain,Crop Loss,Agent,63,Female,Rejected,29,No,0.45
C3723-P,P47032-H,Kaira Sachdev,2024-10-11,Agriculture,Agriculture,240712,240712,32426,316898,Kolkata,East,231,Light Rain,Flood Damage,Online,36,Other,Pending,6,No,0.76
C8828-T,P47227-C,Anay Chopra,2024-04-14,Health,Property,45194,45194,15773,323931,Kolkata,East,99,Flood,House Damage,Branch,21,Other,Pending,4,No,0.14
C9413-U,P83364-W,Chirag Buch,2024-11-14,Health,Property,152564,152564,12458,383501,Delhi,North,108,Heavy Rain,House Damage,Mobile App,43,Female,Settled,22,No,0.4
C8790-D,P16712-A,Manjari Mammen,2024-08-09,Health,Property,109349,109349,13659,193426,Pune,West,232,Flood,Hospitalization,Agent,29,Female,Settled,22,No,0.57
C6820-E,P73060-A,Kaira Randhawa,2024-01-26,Property,Vehicle,272914,272914,15037,333101,Hyderabad,South,115,Flood,Road Accident,Mobile App,63,Female,Settled,7,Yes,0.82
C7602-W,P34244-V,Vedika Sathe,2024-07-16,Health,Property,112125,112125,13920,373920,Delhi,North,224,Heavy Rain,Flood Damage,Branch,20,Female,Pending,6,No,0.3
C8625-S,P72828-T,Aaina Balasubramanian,2024-10-21,Health,Life,196458,196458,23824,362250,Jaipur,North,107,Heavy Rain,Hospitalization,Mobile App,27,Other,Settled,28,No,0.54
C6769-B,P24518-Z,Nayantara Dhingra,2024-01-13,Health,Health,32029,32029,15286,157044,Delhi,North,112,Light Rain,Road Accident,Branch,24,Male,Settled,25,No,0.2
C2280-P,P47490-V,Navya Tank,2024-02-26,Health,Agriculture,70513,70513,10975,226861,Jaipur,North,297,Flood,Flood Damage,Agent,27,Other,Pending,15,No,0.31
C6512-G,P30434-B,Emir Dugar,2024-08-13,Vehicle,Agriculture,61258,61258,6442,140242,Delhi,North,124,Heavy Rain,House Damage,Online,62,Male,Settled,16,No,0.44
C9172-E,P88383-D,Farhan Dash,2024-11-05,Agriculture,Vehicle,263171,263171,12172,474705,Bangalore,South,198,Moderate Rain,Hospitalization,Agent,58,Other,Pending,26,No,0.55
C9634-Y,P41779-W,Kismat Chaudhuri,2024-08-30,Agriculture,Health,115470,115470,29317,333428,Bangalore,South,94,Light Rain,Hospitalization,Online,33,Female,Settled,23,No,0.35
C1446-X,P88090-S,Faiyaz Singh,2024-10-17,Vehicle,Life,141347,141347,12850,339624,Mumbai,West,285,Heavy Rain,Road Accident,Agent,49,Female,Rejected,27,No,0.42
C2014-S,P76933-G,Sana Banerjee,2024-09-17,Property,Property,167472,167472,18330,348435,Chennai,South,88,Flood,Road Accident,Online,36,Other,Settled,5,No,0.48
C7641-S,P99695-P,Ranbir Choudhry,2024-03-19,Health,Health,71674,44361,38514,168248,Jaipur,North,271,Light Rain,Crop Loss,Online,53,Other,Rejected,19,No,0.43
C6784-I,P64636-X,Dishani Dugar,2024-04-25,Agriculture,Life,255082,255082,8061,411260,Kolkata,East,244,Light Rain,Crop Loss,Mobile App,52,Other,Pending,23,No,0.62
C7108-Q,P45169-S,Miraan Iyer,2024-10-03,Health,Vehicle,83929,83929,37594,328514,Ahmedabad,West,220,Heavy Rain,Hospitalization,Mobile App,45,Male,Settled,5,No,0.26
C7243-Y,P31786-D,Ishita Sanghvi,2024-09-10,Agriculture,Agriculture,295966,295966,5405,493101,Hyderabad,South,88,Light Rain,Road Accident,Online,43,Other,Settled,5,No,0.6
C1789-T,P80406-C,Anahi Kari,2024-02-16,Property,Life,177441,177441,22958,414686,Hyderabad,South,144,Heavy Rain,Crop Loss,Branch,29,Female,Settled,13,No,0.43
C5036-B,P50955-W,Anvi Sidhu,2024-01-27,Property,Property,402343,402343,41099,488911,Delhi,North,132,Flood,Flood Damage,Agent,25,Male,Settled,14,No,0.82
C1633-I,P92461-G,Manjari Hari,2024-06-14,Health,Property,152554,152554,49170,244392,Mumbai,West,193,Heavy Rain,Crop Loss,Mobile App,31,Male,Settled,30,No,0.62
C8226-Y,P72057-B,Ishita Dugar,2024-08-30,Agriculture,Life,290880,290880,8047,586024,Ahmedabad,West,244,Light Rain,Road Accident,Online,52,Other,Settled,15,No,0.5
C9284-D,P36963-I,Madhup De,2024-04-22,Agriculture,Property,251787,251787,34197,480499,Kolkata,East,253,Moderate Rain,House Damage,Branch,42,Other,Pending,19,No,0.52
C2664-Q,P55065-O,Jivin Barman,2024-01-20,Property,Agriculture,156445,156445,29153,220054,Chennai,South,244,Heavy Rain,Hospitalization,Agent,24,Male,Settled,4,No,0.71
C1544-V,P66509-H,Yakshit Sahota,2024-04-14,Health,Health,185343,185343,13380,479874,Jaipur,North,218,Light Rain,Flood Damage,Mobile App,49,Male,Settled,28,No,0.39
C5733-E,P99179-Q,Hazel Bava,2024-07-25,Vehicle,Life,104858,104858,42605,180771,Jaipur,North,241,Heavy Rain,Crop Loss,Online,52,Male,Settled,28,No,0.58
C6476-M,P11721-R,Jayant Lall,2024-10-04,Vehicle,Life,60410,60410,30185,126385,Lucknow,North,123,Light Rain,Road Accident,Branch,32,Other,Settled,9,No,0.48
C3439-O,P73066-U,Tejas Chopra,2024-12-18,Agriculture,Vehicle,236204,236204,25587,465593,Kolkata,East,166,Light Rain,Crop Loss,Online,58,Male,Settled,28,No,0.51
C4032-D,P76661-S,Nayantara Edwin,2024-08-05,Vehicle,Life,141125,141125,23987,358819,Bangalore,South,241,Heavy Rain,Hospitalization,Branch,49,Female,Settled,15,No,0.39
C2403-G,P39074-D,Sara Boase,2024-05-24,Health,Life,167730,167730,10352,402439,Pune,West,238,Heavy Rain,Crop Loss,Mobile App,47,Other,Settled,3,Yes,0.42
C1366-H,P18110-Y,Sara Lad,2024-06-08,Health,Health,120124,120124,22235,210774,Hyderabad,South,126,Light Rain,Flood Damage,Online,43,Female,Settled,22,No,0.57
C4764-A,P60360-S,Faiyaz Krishnan,2024-04-09,Property,Life,396113,396113,32605,652485,Chennai,South,215,Flood,House Damage,Online,62,Other,Settled,28,No,0.61
C4920-Z,P49242-X,Ayesha Verma,2024-01-26,Health,Agriculture,114272,114272,18316,266426,Kolkata,East,166,Flood,Crop Loss,Mobile App,51,Male,Pending,14,No,0.43
C4901-U,P73906-M,Aarush Balakrishnan,2024-03-06,Agriculture,Agriculture,278434,278434,20870,558914,Hyderabad,South,265,Light Rain,Road Accident,Agent,63,Male,Pending,13,No,0.5
C6314-U,P44267-T,Indrans Rau,2024-12-12,Health,Health,181580,181580,18040,425902,Mumbai,West,158,Light Rain,Road Accident,Mobile App,66,Other,Pending,22,No,0.43
C6636-N,P59988-Y,Anahi Vasa,2024-02-05,Vehicle,Life,41912,41912,39194,207167,Lucknow,North,102,Heavy Rain,Hospitalization,Online,53,Other,Rejected,6,No,0.2
C3821-I,P60517-Q,Tiya Jain,2024-07-26,Health,Life,121862,121862,17445,277413,Pune,West,248,Moderate Rain,Hospitalization,Agent,20,Other,Pending,10,No,0.44
C1722-P,P24846-V,Ehsaan Mahajan,2024-08-04,Vehicle,Health,94289,94289,48434,264639,Delhi,North,157,Light Rain,Flood Damage,Agent,34,Female,Pending,5,No,0.36
C8173-D,P94155-L,Ishita Sem,2024-09-01,Vehicle,Life,71307,58726,40182,247785,Delhi,North,85,Heavy Rain,House Damage,Mobile App,28,Other,Rejected,4,No,0.29
C8629-M,P78228-J,Alia Kota,2024-05-17,Agriculture,Life,133185,133185,17613,394929,Lucknow,North,235,Heavy Rain,Road Accident,Online,63,Female,Settled,25,Yes,0.34
C3735-J,P53236-L,Manjari Amble,2024-09-16,Property,Property,165044,165044,49173,279600,Hyderabad,South,134,Flood,Hospitalization,Branch,38,Female,Settled,18,No,0.59
C1029-U,P98525-I,Aarna Brar,2024-07-14,Health,Life,196205,196205,37577,412236,Lucknow,North,161,Moderate Rain,Road Accident,Mobile App,36,Other,Settled,30,No,0.48
C6567-K,P84985-J,Samiha Bansal,2024-02-21,Property,Vehicle,223742,223742,26519,280425,Mumbai,West,296,Light Rain,Road Accident,Online,43,Other,Settled,18,No,0.8
C3424-B,P31337-W,Samiha Anand,2024-12-19,Property,Life,359484,359484,47654,412889,Delhi,North,118,Flood,House Damage,Agent,49,Female,Settled,26,No,0.87
C9734-A,P55954-J,Heer Ramanathan,2024-04-20,Property,Health,360927,360927,6575,413020,Mumbai,West,107,Light Rain,Flood Damage,Mobile App,48,Female,Settled,12,No,0.87
C1849-M,P87325-E,Prisha Saha,2024-03-11,Vehicle,Health,103109,103109,22467,193563,Chennai,South,73,Light Rain,House Damage,Agent,49,Male,Settled,29,No,0.53
C8456-J,P12818-T,Riaan Kapoor,2024-07-22,Health,Health,137790,137790,45719,381619,Jaipur,North,265,Heavy Rain,Crop Loss,Mobile App,22,Other,Settled,28,No,0.36
C3641-D,P94691-N,Yakshit Bajwa,2024-02-08,Property,Vehicle,411873,411873,36633,610052,Hyderabad,South,187,Moderate Rain,Crop Loss,Agent,43,Female,Settled,9,No,0.68
C2307-I,P65260-Q,Nayantara Gera,2024-02-07,Agriculture,Health,61992,61992,46732,151491,Bangalore,South,183,Moderate Rain,Crop Loss,Agent,18,Other,Settled,29,No,0.41
C3251-V,P68529-R,Jayan Krishnamurthy,2024-08-21,Agriculture,Agriculture,79153,79153,9232,244947,Pune,West,92,Flood,Flood Damage,Agent,27,Male,Settled,10,No,0.32
C5921-O,P75773-Q,Mahika Ganesan,2024-02-26,Health,Health,125527,125527,48256,377896,Jaipur,North,59,Light Rain,Crop Loss,Online,31,Male,Settled,14,No,0.33
C1754-J,P94322-O,Kavya Bhatt,2024-07-05,Property,Health,175234,134798,5838,269449,Delhi,North,54,Heavy Rain,House Damage,Online,35,Female,Pending,28,No,0.65
C1788-D,P75419-J,Baiju Tailor,2024-03-14,Property,Property,355811,355811,31722,481241,Mumbai,West,124,Light Rain,Flood Damage,Mobile App,37,Female,Pending,9,No,0.74
C4642-J,P30663-X,Miraan Jaggi,2024-03-04,Property,Health,353249,353249,38124,521614,Hyderabad,South,173,Light Rain,Flood Damage,Agent,37,Other,Settled,8,No,0.68
C2519-M,P67469-B,Mehul Mani,2024-05-31,Agriculture,Agriculture,113062,113062,27561,328103,Pune,West,187,Heavy Rain,Flood Damage,Mobile App,69,Male,Pending,5,Yes,0.34
C8548-H,P94509-Q,Tiya Chand,2024-03-31,Agriculture,Vehicle,64159,64159,44125,179421,Delhi,North,294,Moderate Rain,Flood Damage,Branch,50,Male,Pending,30,No,0.36
C1105-T,P56657-U,Hiran Seth,2024-05-22,Health,Life,43947,43947,9425,141743,Mumbai,West,170,Flood,Flood Damage,Online,35,Male,Settled,27,No,0.31
C3026-I,P27118-I,Diya Agate,2024-01-30,Vehicle,Life,60184,60184,44130,335719,Jaipur,North,249,Light Rain,Road Accident,Agent,48,Female,Pending,20,No,0.18
C6132-G,P43424-Z,Badal Suresh,2024-06-13,Agriculture,Life,263059,263059,17641,441148,Chennai,South,199,Light Rain,Hospitalization,Mobile App,19,Other,Pending,20,No,0.6
C8586-V,P23397-T,Vritika Shroff,2024-05-06,Vehicle,Agriculture,105467,105467,24755,341118,Lucknow,North,139,Moderate Rain,Flood Damage,Agent,33,Female,Pending,17,No,0.31
C8174-P,P22513-L,Pari Garg,2024-07-10,Vehicle,Health,47770,47770,20223,202167,Chennai,South,168,Light Rain,Crop Loss,Branch,46,Female,Settled,8,No,0.24
C6020-N,P40817-Y,Nayantara Balan,2024-04-08,Property,Agriculture,124455,124455,42805,275973,Mumbai,West,85,Heavy Rain,Road Accident,Mobile App,70,Female,Pending,23,No,0.45
C3223-E,P83142-K,Kismat Contractor,2024-01-13,Property,Agriculture,306490,259099,40158,471896,Lucknow,North,117,Flood,Flood Damage,Agent,31,Male,Settled,13,No,0.65
C9860-W,P25995-L,Raghav Iyengar,2024-10-10,Property,Health,124865,124865,37665,255714,Ahmedabad,West,134,Flood,Road Accident,Branch,23,Other,Pending,12,No,0.49
C4756-G,P93459-B,Abram Kara,2024-06-26,Agriculture,Property,150234,150234,30086,376074,Chennai,South,84,Light Rain,House Damage,Mobile App,60,Male,Rejected,26,No,0.4
C4951-O,P74248-T,Ojas Raval,2024-11-22,Health,Agriculture,177576,177576,34813,333306,Pune,West,274,Moderate Rain,Flood Damage,Mobile App,43,Female,Settled,24,No,0.53
C3362-U,P72960-Q,Vidur Jhaveri,2024-08-11,Agriculture,Property,225744,225164,15224,359092,Jaipur,North,65,Heavy Rain,House Damage,Mobile App,19,Female,Pending,5,No,0.63
C7071-B,P61392-F,Dhanush Choudhry,2024-09-04,Property,Property,360194,360194,43900,487902,Pune,West,74,Moderate Rain,Flood Damage,Branch,70,Male,Settled,7,No,0.74
C8372-M,P59694-O,Nitara Khosla,2024-05-19,Vehicle,Property,83803,83803,22035,258734,Ahmedabad,West,141,Light Rain,Road Accident,Branch,60,Male,Pending,24,No,0.32
C2339-C,P96637-Q,Devansh Arya,2024-08-29,Health,Vehicle,153439,153439,22261,324999,Pune,West,57,Light Rain,Flood Damage,Online,48,Male,Pending,15,No,0.47
C2193-Q,P80165-D,Miraya Varty,2024-06-08,Property,Vehicle,193039,193039,26635,421803,Ahmedabad,West,163,Light Rain,Road Accident,Branch,42,Female,Settled,10,No,0.46
C6153-I,P16124-L,Ritvik Deo,2024-07-24,Vehicle,Property,44510,37425,49725,126663,Delhi,North,110,Heavy Rain,Road Accident,Mobile App,69,Male,Settled,11,No,0.35
C5214-L,P54111-L,Miraya Sem,2024-10-11,Vehicle,Property,86779,86779,11099,268884,Delhi,North,201,Light Rain,Road Accident,Agent,51,Female,Settled,3,No,0.32
C2985-R,P24131-W,Mamooty Grover,2024-06-18,Health,Property,116202,116202,46557,397348,Jaipur,North,198,Moderate Rain,Flood Damage,Online,55,Female,Settled,26,No,0.29
C3326-D,P46515-T,Pranay Sastry,2024-02-17,Health,Agriculture,32234,32234,36053,86924,Delhi,North,127,Heavy Rain,Road Accident,Mobile App,53,Male,Settled,6,No,0.37
C7747-J,P25222-S,Akarsh Dara,2024-10-24,Property,Health,443559,443559,26722,606495,Delhi,North,192,Light Rain,Road Accident,Branch,52,Other,Settled,16,No,0.73
C6204-Y,P39459-E,Amira Chand,2024-08-27,Property,Life,201385,201385,10398,377957,Delhi,North,215,Moderate Rain,Road Accident,Agent,22,Female,Pending,5,No,0.53
C4470-M,P90408-A,Armaan Varma,2024-06-10,Health,Life,176900,176900,47874,444596,Jaipur,North,97,Moderate Rain,Crop Loss,Mobile App,54,Male,Pending,24,No,0.4
C7481-R,P51343-B,Tanya Dixit,2024-11-13,Agriculture,Property,101741,101741,28892,332102,Kolkata,East,103,Flood,House Damage,Online,53,Female,Settled,3,No,0.31
C2579-F,P99449-M,Mamooty Jhaveri,2024-04-02,Property,Vehicle,165076,165076,26786,237172,Hyderabad,South,226,Heavy Rain,House Damage,Branch,67,Female,Settled,17,No,0.7
C5433-O,P99677-D,Adira Salvi,2024-07-05,Property,Property,172356,172356,34761,262478,Kolkata,East,260,Moderate Rain,House Damage,Mobile App,41,Male,Settled,11,No,0.66
C8207-L,P60534-C,Suhana Gala,2024-09-08,Health,Property,188360,188360,20271,259116,Bangalore,South,194,Heavy Rain,Flood Damage,Mobile App,55,Other,Settled,12,No,0.73
C2353-M,P59104-W,Misha Dayal,2024-07-10,Agriculture,Life,272933,272933,11071,351844,Jaipur,North,126,Moderate Rain,Flood Damage,Agent,32,Other,Settled,19,No,0.78
C2548-Q,P38179-L,Amira Balakrishnan,2024-12-19,Property,Life,232002,232002,11365,353873,Chennai,South,262,Moderate Rain,House Damage,Branch,44,Other,Settled,4,Yes,0.66
C9246-O,P35626-F,Oorja Bali,2024-02-09,Vehicle,Life,118874,118874,9547,215086,Delhi,North,281,Moderate Rain,Crop Loss,Agent,44,Male,Settled,25,No,0.55
C5552-F,P56723-R,Ehsaan Bhat,2024-02-15,Vehicle,Vehicle,31871,31871,36437,327669,Pune,West,236,Flood,Road Accident,Agent,21,Other,Settled,9,No,0.1
C9634-M,P36033-U,Eshani Kanda,2024-09-20,Health,Agriculture,59187,59187,18943,350480,Bangalore,South,125,Heavy Rain,Flood Damage,Branch,63,Female,Rejected,7,No,0.17
C7771-Y,P79712-W,Urvi Bath,2024-03-16,Health,Life,74751,74751,8980,216358,Pune,West,297,Moderate Rain,House Damage,Mobile App,26,Male,Settled,12,No,0.35
C7538-J,P46705-K,Ishaan Aggarwal,2024-12-10,Vehicle,Health,77358,77358,44489,135013,Lucknow,North,69,Light Rain,Road Accident,Agent,52,Other,Settled,6,Yes,0.57
C7649-P,P99425-R,Nirvi Ahluwalia,2024-01-16,Health,Life,132875,132875,28136,367873,Pune,West,143,Light Rain,Road Accident,Online,30,Other,Settled,11,No,0.36
C1127-T,P63857-K,Kabir Hans,2024-08-26,Vehicle,Vehicle,123304,123304,40654,334613,Delhi,North,105,Heavy Rain,Road Accident,Online,45,Other,Settled,11,No,0.37
C7026-X,P93419-C,Jivika Konda,2024-03-10,Vehicle,Health,147736,147736,25870,290469,Delhi,North,191,Heavy Rain,Crop Loss,Branch,55,Female,Settled,22,No,0.51
C3915-Z,P63682-F,Samarth Dugal,2024-05-15,Vehicle,Agriculture,51621,51621,16054,296009,Chennai,South,224,Light Rain,Road Accident,Branch,68,Female,Settled,28,No,0.17
C1433-W,P36592-G,Shalv Acharya,2024-07-26,Agriculture,Property,245670,245670,36487,297856,Kolkata,East,143,Light Rain,Flood Damage,Agent,47,Female,Rejected,21,No,0.82
C3581-O,P36333-S,Shalv Baria,2024-02-24,Property,Agriculture,164702,164702,35129,283403,Kolkata,East,222,Flood,Flood Damage,Agent,49,Female,Settled,11,No,0.58
C3905-R,P48230-U,Kaira Dora,2024-05-08,Vehicle,Life,35627,35627,27018,208643,Bangalore,South,132,Moderate Rain,Road Accident,Agent,60,Female,Pending,9,No,0.17
C8618-N,P10863-S,Sana Ramesh,2024-12-19,Health,Agriculture,60724,60724,37860,173266,Lucknow,North,291,Flood,Hospitalization,Branch,56,Female,Pending,6,No,0.35
C6378-J,P91804-K,Adah Dyal,2024-06-29,Health,Health,182157,126091,21893,459759,Ahmedabad,West,112,Light Rain,Flood Damage,Mobile App,64,Female,Rejected,20,No,0.4
C4430-C,P67098-S,Lavanya Yogi,2024-04-28,Agriculture,Agriculture,174654,174654,42937,245088,Hyderabad,South,220,Flood,Flood Damage,Online,40,Other,Pending,15,No,0.71
C1512-R,P50210-A,Navya Kapur,2024-01-23,Agriculture,Life,50407,50407,29258,131770,Delhi,North,275,Heavy Rain,Flood Damage,Agent,52,Female,Settled,26,No,0.38
C3258-L,P82959-W,Yashvi Seshadri,2024-04-07,Vehicle,Property,34837,34837,29995,150102,Hyderabad,South,111,Heavy Rain,Hospitalization,Mobile App,41,Other,Settled,19,No,0.23
C1005-V,P65654-U,Nishith Baria,2024-01-20,Vehicle,Property,121449,121449,47739,267763,Pune,West,79,Moderate Rain,Road Accident,Mobile App,21,Female,Settled,10,No,0.45
C1083-U,P44379-A,Trisha Mallick,2024-11-19,Vehicle,Vehicle,146751,103772,9950,372146,Ahmedabad,West,209,Flood,Flood Damage,Branch,26,Male,Pending,21,No,0.39
C9289-P,P41036-H,Dhruv Banerjee,2024-01-20,Health,Vehicle,160678,160678,5267,321275,Mumbai,West,65,Flood,House Damage,Online,64,Other,Settled,18,No,0.5
C3347-Z,P66782-T,Anika Gole,2024-01-21,Agriculture,Life,79650,79650,21667,149721,Pune,West,64,Moderate Rain,Road Accident,Mobile App,59,Male,Pending,6,Yes,0.53
C4610-Y,P90308-D,Kashvi Sunder,2024-08-23,Health,Agriculture,33451,33451,32518,197242,Ahmedabad,West,199,Moderate Rain,Road Accident,Agent,49,Male,Settled,6,No,0.17
C7035-W,P59626-F,Kiaan Rajagopalan,2024-11-24,Agriculture,Agriculture,273457,273457,10839,502905,Delhi,North,220,Light Rain,Crop Loss,Branch,28,Male,Settled,20,No,0.54
C5700-Z,P94052-L,Nishith Borra,2024-09-09,Health,Agriculture,48874,48874,35492,325868,Delhi,North,237,Heavy Rain,House Damage,Branch,66,Female,Settled,6,No,0.15
C3820-A,P87714-T,Yakshit Konda,2024-10-17,Health,Property,133473,133473,27062,215009,Ahmedabad,West,54,Heavy Rain,Crop Loss,Branch,46,Male,Pending,25,No,0.62
C7801-Y,P24234-G,Diya Dara,2024-07-05,Health,Health,50804,50804,25839,250208,Chennai,South,144,Light Rain,Crop Loss,Mobile App,69,Other,Settled,23,No,0.2
C3815-U,P62491-P,Akarsh Korpal,2024-03-01,Property,Agriculture,238363,238363,34128,452701,Pune,West,249,Light Rain,House Damage,Agent,48,Female,Pending,4,No,0.53
C7386-L,P60232-P,Elakshi Chahal,2024-02-03,Property,Agriculture,357673,357673,34697,440191,Ahmedabad,West,83,Light Rain,Flood Damage,Online,27,Female,Settled,18,No,0.81
C5054-W,P14450-D,Mishti Singhal,2024-11-14,Property,Vehicle,204605,204605,39247,368790,Mumbai,West,218,Flood,Road Accident,Branch,27,Female,Settled,18,No,0.55
C9658-W,P47748-H,Taran Samra,2024-10-28,Agriculture,Vehicle,78839,78839,7152,294865,Ahmedabad,West,297,Moderate Rain,Flood Damage,Mobile App,30,Male,Pending,27,No,0.27
C7825-X,P42727-R,Jiya Mangal,2024-11-16,Property,Life,101940,101940,21899,332106,Delhi,North,142,Light Rain,Flood Damage,Branch,65,Female,Pending,5,No,0.31
C3900-S,P61791-X,Uthkarsh Bandi,2024-02-22,Agriculture,Health,176967,110395,38948,350601,Mumbai,West,273,Heavy Rain,Road Accident,Agent,28,Male,Settled,23,No,0.5
C7716-A,P64920-Q,Nishith Dave,2024-01-23,Health,Vehicle,71733,71733,18869,306433,Bangalore,South,115,Flood,Hospitalization,Online,29,Female,Settled,21,No,0.23
C6761-O,P69918-Z,Pranay Wason,2024-11-26,Property,Property,303330,303330,29395,599791,Bangalore,South,135,Flood,Crop Loss,Mobile App,33,Other,Pending,12,No,0.51
C7481-K,P59275-U,Kavya Malhotra,2024-04-25,Health,Health,147498,107853,31050,204598,Pune,West,228,Heavy Rain,Crop Loss,Agent,55,Female,Rejected,4,No,0.72
C7405-K,P31375-B,Raghav Banik,2024-01-29,Vehicle,Health,94886,94886,11620,391529,Lucknow,North,202,Light Rain,Flood Damage,Mobile App,31,Male,Pending,6,No,0.24
C2616-I,P14144-I,Umang Upadhyay,2024-01-13,Vehicle,Property,52546,52546,44018,308252,Ahmedabad,West,85,Light Rain,Flood Damage,Online,41,Other,Pending,28,Yes,0.17
C4809-B,P97169-Z,Reyansh Iyer,2024-01-13,Vehicle,Vehicle,35399,35399,30138,118148,Jaipur,North,263,Heavy Rain,Road Accident,Agent,47,Female,Settled,6,No,0.3
C4785-L,P43244-M,Seher Bhatia,2024-08-06,Vehicle,Health,56805,56805,10483,272988,Pune,West,155,Light Rain,Road Accident,Agent,36,Female,Rejected,14,No,0.21
C5319-E,P41404-N,Damini Sama,2024-09-29,Health,Property,171799,171799,22248,242855,Pune,West,79,Flood,Hospitalization,Agent,27,Female,Settled,24,No,0.71
C1206-F,P27152-E,Damini Sani,2024-05-29,Health,Agriculture,127326,127326,14083,213005,Ahmedabad,West,136,Heavy Rain,Road Accident,Online,37,Male,Settled,21,No,0.6
C9534-J,P82863-W,Tiya Chawla,2024-08-14,Health,Vehicle,115802,88374,8193,221770,Jaipur,North,57,Light Rain,House Damage,Branch,22,Female,Pending,4,No,0.52
C7517-E,P65040-A,Akarsh Ranganathan,2024-07-10,Agriculture,Agriculture,86030,86030,16502,260136,Delhi,North,184,Light Rain,House Damage,Mobile App,45,Male,Settled,19,No,0.33
C1652-J,P57059-N,Nayantara Setty,2024-10-19,Agriculture,Health,215690,215690,5007,461254,Ahmedabad,West,119,Moderate Rain,Flood Damage,Branch,18,Male,Pending,29,No,0.47
C8939-Q,P70888-W,Kiaan Johal,2024-05-05,Agriculture,Vehicle,187843,187843,14463,366634,Pune,West,176,Light Rain,House Damage,Agent,38,Female,Rejected,12,No,0.51
C3800-I,P60611-Q,Bhamini Sethi,2024-04-25,Health,Health,135187,135187,17605,286159,Kolkata,East,169,Moderate Rain,Road Accident,Mobile App,53,Other,Settled,19,No,0.47
C7825-N,P31506-H,Bhamini Aggarwal,2024-05-05,Vehicle,Property,115519,115519,28828,288554,Chennai,South,65,Heavy Rain,Hospitalization,Branch,44,Other,Rejected,9,No,0.4
C5566-S,P17457-C,Taran Dugal,2024-02-05,Health,Health,109662,109662,6343,382592,Lucknow,North,274,Flood,Flood Damage,Agent,49,Male,Settled,7,No,0.29
C3589-W,P20591-T,Adah Sodhi,2024-01-17,Agriculture,Life,56899,56899,48002,206578,Delhi,North,243,Flood,House Damage,Mobile App,29,Male,Settled,6,No,0.28
C7186-G,P51672-C,Drishya Salvi,2024-09-25,Vehicle,Health,35987,35987,44182,117889,Ahmedabad,West,229,Heavy Rain,House Damage,Mobile App,33,Male,Settled,22,No,0.31
C5095-M,P41940-O,Aarna Gupta,2024-10-30,Health,Agriculture,104259,104259,13113,334763,Ahmedabad,West,290,Moderate Rain,Road Accident,Branch,22,Other,Settled,11,No,0.31
C2103-O,P43180-Q,Piya Atwal,2024-02-07,Vehicle,Property,131474,131474,47920,227880,Bangalore,South,248,Flood,Flood Damage,Agent,41,Female,Pending,19,No,0.58
C9453-S,P56774-I,Ojas Ganesan,2024-04-01,Health,Agriculture,181105,181105,30577,379691,Pune,West,52,Heavy Rain,House Damage,Agent,60,Male,Settled,20,No,0.48
C8411-E,P48639-E,Shanaya Basu,2024-01-03,Health,Vehicle,59215,59215,9783,301334,Delhi,North,71,Heavy Rain,Crop Loss,Agent,45,Male,Rejected,11,No,0.2
C7446-P,P27025-S,Alisha Sinha,2024-01-25,Property,Health,138137,138137,24717,213175,Hyderabad,South,116,Flood,House Damage,Mobile App,39,Other,Settled,18,No,0.65
C9123-Z,P74104-A,Dishani Borra,2024-05-26,Vehicle,Life,85643,85643,23771,354111,Kolkata,East,185,Heavy Rain,Crop Loss,Online,61,Male,Settled,12,No,0.24
C9261-Q,P75089-Y,Tushar Saran,2024-09-28,Property,Agriculture,295148,295148,41649,349978,Pune,West,244,Heavy Rain,Crop Loss,Branch,39,Male,Settled,29,No,0.84
C5460-D,P56908-B,Nirvaan Raja,2024-09-29,Health,Life,181622,181622,48475,404422,Mumbai,West,219,Moderate Rain,Road Accident,Online,47,Male,Pending,26,No,0.45
C6009-I,P15725-T,Devansh Roy,2024-03-27,Property,Vehicle,222617,222617,29633,350183,Hyderabad,South,176,Moderate Rain,Road Accident,Branch,27,Female,Settled,25,No,0.64
C6670-E,P15295-J,Anay Khanna,2024-03-07,Health,Vehicle,27415,27415,26117,129326,Chennai,South,84,Heavy Rain,House Damage,Branch,55,Male,Pending,6,No,0.21
C5451-N,P61137-X,Ojas Sharaf,2024-03-27,Health,Vehicle,102942,102942,46613,173574,Hyderabad,South,86,Light Rain,Crop Loss,Online,43,Other,Settled,26,No,0.59
C8877-J,P17437-O,Indrajit Yadav,2024-10-23,Property,Property,183359,124542,9457,405739,Jaipur,North,256,Light Rain,House Damage,Branch,62,Male,Pending,13,No,0.45
C4334-N,P64442-N,Drishya Brar,2024-01-10,Property,Vehicle,192091,192091,5511,348399,Ahmedabad,West,248,Moderate Rain,Crop Loss,Branch,66,Male,Settled,14,No,0.55
C9840-M,P90133-G,Sara Aurora,2024-08-22,Vehicle,Life,101738,101738,9415,271845,Pune,West,294,Light Rain,Hospitalization,Branch,67,Other,Settled,19,No,0.37
C8878-H,P66419-C,Uthkarsh Deol,2024-07-08,Health,Property,159869,159869,45044,257777,Kolkata,East,244,Heavy Rain,Hospitalization,Agent,59,Female,Settled,3,No,0.62
C3467-M,P55702-I,Hansh Karan,2024-07-13,Agriculture,Health,216487,166397,46643,351961,Kolkata,East,179,Flood,Crop Loss,Agent,22,Male,Settled,6,No,0.62
C3380-C,P84806-F,Dharmajan Rattan,2024-06-22,Property,Vehicle,431819,431819,24297,627940,Mumbai,West,168,Heavy Rain,Hospitalization,Branch,63,Female,Settled,27,No,0.69
C9169-M,P89712-Y,Amani Banerjee,2024-03-03,Property,Agriculture,317075,317075,5392,573452,Hyderabad,South,162,Flood,House Damage,Agent,60,Female,Settled,8,No,0.55
C3393-X,P10593-Z,Ojas Balan,2024-01-05,Vehicle,Life,90299,90299,13301,385881,Chennai,South,154,Moderate Rain,Crop Loss,Online,61,Other,Pending,15,No,0.23
C5051-G,P50005-L,Eshani Khare,2024-12-29,Health,Agriculture,35682,35682,25465,265003,Kolkata,East,129,Flood,Road Accident,Branch,48,Other,Settled,29,No,0.13
C7039-S,P82290-L,Suhana Chand,2024-01-08,Agriculture,Property,134962,134962,39393,251713,Bangalore,South,84,Light Rain,Road Accident,Online,67,Female,Settled,15,No,0.54
C9909-D,P77603-J,Emir Chaudhari,2024-07-15,Vehicle,Vehicle,149276,149276,17311,441455,Jaipur,North,208,Flood,Crop Loss,Agent,68,Male,Settled,6,No,0.34
C7284-A,P75310-A,Jivika Kota,2024-08-30,Vehicle,Property,57627,57627,7330,174478,Ahmedabad,West,68,Light Rain,Road Accident,Mobile App,51,Female,Pending,30,No,0.33
C2578-C,P42320-N,Devansh Sandhu,2024-05-15,Health,Vehicle,77051,77051,47791,330992,Ahmedabad,West,177,Flood,Road Accident,Online,66,Female,Rejected,28,No,0.23
C5025-P,P20909-N,Diya Bedi,2024-02-25,Health,Life,103074,103074,45369,269030,Chennai,South,127,Heavy Rain,Flood Damage,Mobile App,52,Male,Settled,24,No,0.38
C8751-Z,P78404-S,Khushi Kibe,2024-08-24,Agriculture,Agriculture,262584,163263,22917,352940,Mumbai,West,166,Heavy Rain,Road Accident,Online,70,Female,Pending,17,No,0.74
C8386-N,P17666-L,Hunar Goswami,2024-09-01,Vehicle,Vehicle,69469,69469,30584,369256,Jaipur,North,65,Flood,Crop Loss,Mobile App,54,Other,Rejected,9,No,0.19
C9210-E,P24669-X,Manikya Lala,2024-09-19,Property,Life,109203,109203,28090,255843,Ahmedabad,West,195,Flood,Crop Loss,Mobile App,53,Male,Pending,7,No,0.43
C6245-L,P13150-Z,Mamooty Chakraborty,2024-10-23,Health,Health,127951,127951,27499,350350,Mumbai,West,159,Moderate Rain,Crop Loss,Mobile App,48,Male,Settled,22,No,0.37
C9178-I,P75639-W,Mishti Din,2024-12-13,Property,Health,362060,362060,43049,527151,Chennai,South,74,Flood,Road Accident,Mobile App,63,Male,Settled,14,No,0.69
C3278-Z,P24184-S,Tanya Kohli,2024-08-21,Property,Vehicle,482521,482521,6585,724819,Chennai,South,111,Heavy Rain,Hospitalization,Branch,19,Male,Pending,12,No,0.67
C7889-H,P18779-L,Devansh Rout,2024-10-09,Vehicle,Property,73874,73874,37037,307601,Jaipur,North,291,Light Rain,Flood Damage,Branch,28,Female,Rejected,3,No,0.24
C4876-P,P76702-H,Indrans Dhingra,2024-01-12,Vehicle,Life,38751,23529,39312,257381,Jaipur,North,248,Flood,Crop Loss,Mobile App,61,Other,Pending,21,No,0.15
C2834-Q,P51171-M,Chirag Banerjee,2024-08-02,Health,Life,75661,75661,35924,189732,Delhi,North,239,Light Rain,Flood Damage,Agent,46,Male,Settled,13,No,0.4
C2778-M,P22423-I,Reyansh Vaidya,2024-03-21,Vehicle,Vehicle,132302,132302,5999,363193,Hyderabad,South,85,Light Rain,Crop Loss,Online,49,Male,Rejected,29,No,0.36
C8778-A,P99120-N,Ela Rana,2024-04-28,Vehicle,Vehicle,114613,114613,28131,338951,Pune,West,295,Moderate Rain,Road Accident,Branch,61,Male,Pending,30,No,0.34
C6004-S,P84625-C,Charvi Bhandari,2024-04-15,Property,Life,185211,185211,9864,367034,Lucknow,North,150,Flood,Hospitalization,Online,70,Male,Settled,27,No,0.5
C9506-N,P16655-Q,Yakshit Wason,2024-12-27,Vehicle,Agriculture,126286,126286,17300,266986,Hyderabad,South,55,Flood,Crop Loss,Online,70,Other,Settled,26,No,0.47
C1403-L,P39606-X,Aaina Mani,2024-12-12,Health,Health,28911,28911,13524,295461,Jaipur,North,280,Flood,Flood Damage,Agent,61,Male,Settled,12,No,0.1
C8965-R,P82809-G,Farhan Sood,2024-06-30,Property,Vehicle,237680,237680,9845,325929,Jaipur,North,74,Flood,Crop Loss,Online,50,Male,Pending,27,No,0.73
C6389-I,P36071-C,Hazel Kunda,2024-06-03,Property,Property,368592,368592,9687,480828,Lucknow,North,278,Heavy Rain,Flood Damage,Branch,59,Male,Settled,20,Yes,0.77
C3098-U,P56726-A,Nitara Sharaf,2024-07-28,Agriculture,Health,179907,179907,22780,238073,Bangalore,South,209,Flood,Road Accident,Agent,63,Other,Settled,30,No,0.76
C8605-U,P84837-F,Vedika Baria,2024-09-07,Property,Health,402054,402054,36335,700720,Ahmedabad,West,136,Heavy Rain,Flood Damage,Branch,56,Female,Settled,21,No,0.57
C9194-E,P84004-V,Mohanlal Sahni,2024-05-20,Property,Health,297247,297247,22888,349443,Mumbai,West,264,Heavy Rain,Hospitalization,Mobile App,36,Other,Rejected,5,No,0.85
C6214-W,P22043-Y,Vedika Mannan,2024-07-31,Property,Agriculture,140489,140489,27582,409068,Kolkata,East,228,Moderate Rain,Flood Damage,Mobile App,42,Female,Pending,17,No,0.34
C2868-T,P44895-G,Vivaan Shroff,2024-07-17,Vehicle,Agriculture,133950,133950,46878,363921,Pune,West,255,Flood,Hospitalization,Mobile App,70,Other,Settled,28,No,0.37
C9432-N,P47955-B,Faiyaz Vora,2024-11-03,Property,Property,396837,396837,8852,626439,Ahmedabad,West,147,Heavy Rain,Hospitalization,Mobile App,28,Male,Pending,3,No,0.63
C4007-G,P89728-A,Anika Karan,2024-11-14,Health,Life,181290,181290,17278,427845,Mumbai,West,146,Heavy Rain,Road Accident,Branch,34,Female,Pending,17,Yes,0.42
C8805-Q,P80030-C,Navya Gupta,2024-02-18,Health,Property,98327,98327,48951,250887,Mumbai,West,157,Flood,House Damage,Online,47,Female,Pending,7,Yes,0.39
C9434-G,P37513-W,Urvi Chaudhari,2024-06-03,Vehicle,Life,141628,141628,31047,225893,Delhi,North,72,Light Rain,Crop Loss,Mobile App,34,Male,Settled,22,No,0.63
C1988-F,P78754-S,Tanya Joshi,2024-04-06,Agriculture,Agriculture,231537,231537,29833,494959,Hyderabad,South,255,Flood,House Damage,Mobile App,52,Other,Rejected,13,No,0.47
C3319-E,P99729-T,Rasha Balay,2024-08-03,Property,Property,163433,163433,28277,446399,Hyderabad,South,153,Light Rain,Road Accident,Branch,28,Male,Settled,28,No,0.37
C1905-C,P77288-S,Riaan Suri,2024-07-09,Agriculture,Life,99252,99252,42470,206930,Kolkata,East,173,Heavy Rain,House Damage,Mobile App,65,Other,Settled,14,No,0.48
C3308-C,P23745-Y,Heer Sehgal,2024-05-03,Agriculture,Property,271509,271509,20427,469261,Chennai,South,91,Moderate Rain,Hospitalization,Online,32,Female,Settled,15,No,0.58
C7536-J,P31846-S,Hansh Anne,2024-12-10,Agriculture,Agriculture,298970,298970,38245,564318,Mumbai,West,274,Light Rain,Crop Loss,Mobile App,62,Female,Pending,3,No,0.53
C1529-X,P64298-N,Jiya Samra,2024-01-16,Vehicle,Health,115026,115026,25770,315636,Mumbai,West,167,Light Rain,House Damage,Branch,63,Male,Pending,23,No,0.36
C5340-K,P66272-F,Shlok Bobal,2024-06-22,Vehicle,Agriculture,74711,74711,19152,195550,Lucknow,North,107,Light Rain,House Damage,Mobile App,30,Female,Pending,30,No,0.38
C3055-V,P45434-B,Hiran Bhat,2024-11-29,Health,Health,24837,24837,40624,85329,Hyderabad,South,91,Light Rain,Crop Loss,Mobile App,22,Other,Settled,11,No,0.29
C6733-X,P75967-V,Reyansh Karnik,2024-12-15,Health,Life,142222,87438,8525,408129,Bangalore,South,155,Heavy Rain,Hospitalization,Online,21,Other,Pending,12,No,0.35
C9748-Y,P85069-L,Anvi Goswami,2024-05-10,Agriculture,Agriculture,167005,167005,48531,433815,Kolkata,East,99,Heavy Rain,House Damage,Mobile App,48,Female,Settled,17,No,0.38
C9415-D,P36633-Q,Purab Goswami,2024-01-22,Property,Property,450033,450033,19925,510871,Lucknow,North,216,Heavy Rain,Road Accident,Online,58,Male,Pending,23,No,0.88
C2831-N,P98559-D,Anvi Wali,2024-11-08,Vehicle,Life,105462,105462,23588,237423,Bangalore,South,178,Moderate Rain,Hospitalization,Online,62,Male,Settled,22,No,0.44
C5100-D,P44478-V,Mishti Sheth,2024-07-08,Agriculture,Life,285007,285007,36547,393315,Hyderabad,South,72,Flood,Flood Damage,Mobile App,60,Male,Pending,21,No,0.72
C5207-F,P86638-D,Stuvan Lad,2024-09-23,Vehicle,Health,123392,123392,11813,362035,Chennai,South,187,Flood,Road Accident,Agent,51,Other,Settled,5,No,0.34
C3136-W,P92207-P,Sumer Bandi,2024-03-02,Vehicle,Life,43993,43993,40939,290493,Jaipur,North,208,Light Rain,House Damage,Branch,61,Female,Pending,20,No,0.15
C1768-B,P80906-Z,Jayant Bhat,2024-05-30,Property,Property,135074,135074,28949,353286,Mumbai,West,52,Flood,Flood Damage,Mobile App,49,Other,Settled,30,No,0.38
C9854-S,P19476-U,Arnav Swamy,2024-07-30,Property,Property,430295,257321,20238,578656,Chennai,South,259,Heavy Rain,Flood Damage,Agent,67,Other,Pending,15,No,0.74
C4868-P,P52626-R,Divit Sood,2024-07-13,Property,Vehicle,233701,233701,46674,508176,Ahmedabad,West,123,Moderate Rain,Hospitalization,Online,40,Other,Settled,25,No,0.46
C3377-M,P97306-G,Neysa Cherian,2024-02-16,Vehicle,Property,49304,49304,28126,313223,Bangalore,South,128,Flood,Road Accident,Online,55,Female,Pending,10,No,0.16
C3217-M,P68367-T,Purab Sarraf,2024-05-28,Health,Agriculture,188084,188084,31363,334795,Jaipur,North,294,Light Rain,Road Accident,Online,23,Other,Settled,29,No,0.56
C1241-M,P14741-U,Sana Borde,2024-04-26,Vehicle,Property,94642,94642,37415,381768,Pune,West,82,Moderate Rain,House Damage,Mobile App,41,Male,Pending,17,No,0.25
C1427-S,P24335-W,Ojas Shetty,2024-02-20,Property,Vehicle,177660,177660,22623,253076,Kolkata,East,275,Light Rain,House Damage,Agent,68,Male,Settled,20,No,0.7
C1170-P,P83904-P,Faiyaz Bhasin,2024-03-07,Vehicle,Health,121801,121801,40661,197786,Jaipur,North,81,Light Rain,Flood Damage,Online,31,Female,Pending,12,No,0.62
C4926-P,P29168-S,Adira Shanker,2024-10-12,Health,Vehicle,110915,110915,10523,370770,Hyderabad,South,78,Flood,House Damage,Agent,69,Other,Rejected,26,No,0.3
C3693-G,P60676-E,Aradhya Ratta,2024-01-04,Property,Vehicle,204759,204759,31301,379016,Delhi,North,107,Flood,Road Accident,Branch,70,Female,Settled,5,No,0.54
C7052-U,P15781-X,Abram Cheema,2024-11-14,Agriculture,Vehicle,113707,113707,43515,345741,Delhi,North,204,Moderate Rain,Flood Damage,Branch,62,Female,Settled,23,No,0.33
C2627-M,P86698-F,Shayak Bawa,2024-12-06,Vehicle,Property,105986,105986,46459,192881,Ahmedabad,West,226,Heavy Rain,Hospitalization,Online,35,Female,Pending,30,No,0.55
C2404-K,P32212-G,Hansh Shroff,2024-05-14,Property,Vehicle,106457,106457,7689,187641,Bangalore,South,90,Moderate Rain,Flood Damage,Online,43,Male,Pending,25,No,0.57
C5925-A,P12970-P,Saksham Bhasin,2024-11-01,Agriculture,Life,172803,172803,37275,314589,Ahmedabad,West,104,Flood,Hospitalization,Agent,32,Other,Rejected,9,No,0.55
C1145-Q,P73324-G,Dhanuk Malhotra,2024-05-02,Agriculture,Agriculture,178563,178563,14434,366161,Chennai,South,236,Flood,Hospitalization,Branch,55,Male,Settled,12,No,0.49
C4385-I,P32726-D,Kimaya Shan,2024-01-13,Health,Property,118204,118204,48746,398811,Chennai,South,126,Flood,House Damage,Mobile App,64,Male,Settled,13,No,0.3
C4114-Z,P17387-S,Ira Dhillon,2024-05-30,Health,Life,197740,197740,7525,358806,Pune,West,259,Flood,Hospitalization,Online,50,Male,Settled,11,No,0.55
C6462-P,P11134-S,Adah Tella,2024-04-06,Agriculture,Vehicle,189644,189644,29117,418075,Delhi,North,104,Flood,Hospitalization,Branch,33,Male,Settled,5,No,0.45
C3119-D,P25089-O,Shayak Dass,2024-04-23,Property,Agriculture,233567,138177,19545,513585,Lucknow,North,88,Flood,Road Accident,Agent,50,Female,Pending,7,No,0.45
C1510-D,P89957-T,Kabir Shetty,2024-10-21,Vehicle,Life,75224,75224,16177,353546,Mumbai,West,218,Light Rain,Crop Loss,Mobile App,48,Female,Settled,29,Yes,0.21
C1668-N,P23892-X,Lavanya Acharya,2024-06-09,Vehicle,Agriculture,73027,73027,43777,157507,Jaipur,North,212,Light Rain,House Damage,Branch,43,Female,Pending,13,No,0.46
C8328-D,P35132-W,Dhanuk Bansal,2024-10-21,Property,Agriculture,252176,252176,21666,453354,Bangalore,South,160,Heavy Rain,Crop Loss,Mobile App,30,Female,Settled,30,No,0.56
C8310-U,P81585-Y,Inaaya  Chana,2024-09-26,Property,Agriculture,306967,306967,25028,410389,Jaipur,North,207,Flood,Hospitalization,Branch,36,Other,Settled,25,No,0.75
C8626-B,P56563-S,Adah Suri,2024-09-08,Vehicle,Health,96057,96057,17713,297831,Delhi,North,59,Heavy Rain,Flood Damage,Branch,36,Male,Settled,14,No,0.32
C5079-K,P60833-D,Vivaan Vala,2024-05-20,Property,Health,491028,491028,6591,723811,Ahmedabad,West,260,Light Rain,Flood Damage,Mobile App,38,Male,Settled,27,No,0.68
C7125-J,P29712-E,Ritvik Khurana,2024-03-04,Property,Property,419615,419615,34119,711404,Hyderabad,South,193,Heavy Rain,Flood Damage,Agent,36,Female,Settled,28,No,0.59
C5906-P,P40763-I,Eva Goda,2024-06-22,Property,Health,263343,263343,34431,450259,Mumbai,West,200,Heavy Rain,Flood Damage,Mobile App,43,Female,Settled,3,No,0.58
C3250-V,P65543-W,Tarini Chowdhury,2024-11-07,Vehicle,Property,123706,123706,9911,324565,Lucknow,North,186,Flood,House Damage,Mobile App,56,Other,Settled,21,No,0.38
C7459-M,P77756-B,Aaina Mannan,2024-08-25,Vehicle,Life,119351,119351,25135,211649,Ahmedabad,West,118,Light Rain,Road Accident,Agent,49,Female,Pending,7,No,0.56
C6449-J,P25716-A,Arhaan Venkataraman,2024-02-25,Health,Vehicle,24794,24794,5520,80584,Jaipur,North,165,Heavy Rain,House Damage,Agent,39,Male,Settled,7,No,0.31
C6742-Y,P75607-S,Inaaya  Bhavsar,2024-10-27,Vehicle,Property,38470,38470,11770,111937,Jaipur,North,111,Moderate Rain,Flood Damage,Branch,39,Female,Pending,18,No,0.34
C8565-A,P34806-A,Ayesha Dasgupta,2024-12-08,Agriculture,Life,113411,113411,13119,367222,Jaipur,North,287,Flood,Hospitalization,Agent,48,Female,Pending,11,No,0.31
C6640-M,P84466-F,Dhanuk Choudhry,2024-10-09,Health,Property,140765,140765,31128,385700,Ahmedabad,West,271,Moderate Rain,Hospitalization,Mobile App,67,Male,Pending,5,No,0.36
C3040-Q,P33955-J,Indranil Date,2024-09-23,Property,Vehicle,105250,105250,38623,177505,Chennai,South,109,Flood,Hospitalization,Branch,56,Female,Settled,11,No,0.59
C1688-K,P29428-P,Priyansh Rajagopalan,2024-09-16,Agriculture,Agriculture,264815,264815,35266,441123,Jaipur,North,244,Moderate Rain,Hospitalization,Agent,45,Male,Settled,15,No,0.6
C9588-F,P72494-Z,Eva Iyengar,2024-10-17,Property,Property,386957,386957,21814,543341,Mumbai,West,202,Heavy Rain,Crop Loss,Branch,67,Male,Settled,15,No,0.71
C8907-T,P96007-W,Ahana  Saini,2024-09-11,Health,Vehicle,138093,138093,34802,246541,Hyderabad,South,127,Moderate Rain,Hospitalization,Branch,36,Male,Settled,4,No,0.56
C2525-G,P87832-Z,Miraya Guha,2024-05-05,Property,Property,189793,189793,27577,349920,Chennai,South,252,Flood,Flood Damage,Agent,51,Male,Settled,20,No,0.54
C8252-S,P95604-P,Nirvaan Raj,2024-06-27,Vehicle,Vehicle,142013,142013,23726,400793,Pune,West,226,Heavy Rain,Flood Damage,Mobile App,31,Male,Pending,3,No,0.35
C1954-L,P51720-G,Diya Solanki,2024-10-09,Vehicle,Property,95780,95780,6093,341803,Hyderabad,South,222,Light Rain,House Damage,Agent,32,Other,Settled,25,No,0.28
C2093-U,P50838-L,Taimur Raju,2024-01-12,Agriculture,Agriculture,71972,71972,9623,267586,Kolkata,East,203,Flood,House Damage,Online,23,Male,Settled,21,No,0.27
C5740-X,P79364-C,Indranil Gopal,2024-05-30,Vehicle,Agriculture,78193,78193,47424,322885,Pune,West,61,Moderate Rain,Road Accident,Online,48,Male,Settled,4,Yes,0.24
C8562-W,P39626-T,Lakshit Cherian,2024-08-11,Agriculture,Agriculture,133544,133544,17855,296957,Delhi,North,144,Light Rain,Road Accident,Agent,59,Female,Settled,18,No,0.45
C1258-G,P25609-Z,Zeeshan Sodhi,2024-11-07,Property,Life,145334,145334,49147,224612,Delhi,North,52,Flood,Crop Loss,Mobile App,70,Male,Pending,20,No,0.65
C7157-R,P91151-O,Bhamini Krishnamurthy,2024-05-01,Property,Agriculture,249931,249931,6042,507434,Kolkata,East,138,Flood,Road Accident,Online,49,Other,Settled,26,No,0.49
C8099-B,P92605-P,Elakshi Krish,2024-05-25,Property,Health,497723,497723,34006,725489,Jaipur,North,103,Flood,Road Accident,Branch,19,Male,Pending,20,No,0.69
C8020-Q,P70169-V,Kimaya Bava,2024-09-08,Health,Property,80269,80269,18478,162036,Mumbai,West,219,Heavy Rain,Road Accident,Branch,55,Male,Pending,19,No,0.5
C7485-K,P37437-G,Tanya Luthra,2024-09-12,Vehicle,Agriculture,139680,139680,12765,200637,Hyderabad,South,85,Light Rain,Flood Damage,Branch,61,Male,Settled,15,No,0.7
C5398-P,P31592-U,Rohan Vasa,2024-07-28,Agriculture,Health,94979,94979,33448,291077,Bangalore,South,237,Heavy Rain,Crop Loss,Branch,50,Female,Settled,8,No,0.33
C9051-I,P85252-P,Anay Soman,2024-01-08,Vehicle,Property,72598,72598,20620,124060,Lucknow,North,62,Light Rain,House Damage,Mobile App,61,Male,Pending,12,No,0.59
C9076-F,P98822-Q,Ritvik Anand,2024-06-03,Vehicle,Property,133045,133045,13661,325228,Pune,West,140,Heavy Rain,Road Accident,Mobile App,48,Other,Settled,27,No,0.41
C1008-G,P28760-Z,Kaira Dugal,2024-10-21,Health,Health,41180,41180,7768,233910,Chennai,South,210,Flood,Flood Damage,Online,61,Other,Settled,25,No,0.18
C7589-B,P34521-S,Dharmajan Doshi,2024-06-26,Health,Life,117401,117401,16945,192256,Mumbai,West,198,Moderate Rain,Hospitalization,Branch,66,Male,Settled,18,No,0.61
C7323-H,P43830-B,Dhanush D’Alia,2024-11-19,Property,Health,313384,313384,38677,613376,Delhi,North,95,Light Rain,House Damage,Agent,42,Other,Settled,8,No,0.51
C5513-C,P41693-M,Anahi Bumb,2024-07-28,Vehicle,Vehicle,115487,115487,33818,217255,Jaipur,North,273,Moderate Rain,Hospitalization,Mobile App,52,Female,Rejected,27,No,0.53
C6829-T,P11261-T,Hrishita Dey,2024-06-08,Health,Life,167458,167458,9913,364845,Lucknow,North,155,Light Rain,Flood Damage,Branch,63,Male,Settled,9,No,0.46
C5828-Z,P31982-P,Divij Gulati,2024-04-30,Health,Health,173539,173539,35400,284430,Mumbai,West,299,Light Rain,Hospitalization,Online,39,Other,Settled,3,No,0.61
C6317-M,P94255-R,Drishya Kulkarni,2024-11-01,Property,Property,201270,201270,42302,285101,Bangalore,South,287,Heavy Rain,Crop Loss,Branch,62,Other,Pending,9,No,0.71
C8737-E,P25994-N,Armaan Ranganathan,2024-10-24,Property,Agriculture,359736,197120,19441,518073,Pune,West,242,Heavy Rain,Hospitalization,Branch,19,Female,Pending,18,No,0.69
C5581-D,P63935-M,Kashvi Chakraborty,2024-03-05,Health,Agriculture,158508,158508,33810,440258,Delhi,North,126,Flood,House Damage,Branch,27,Female,Settled,19,No,0.36
C2284-X,P16349-X,Jhanvi Basu,2024-11-09,Agriculture,Vehicle,77553,77553,15661,141071,Chennai,South,298,Light Rain,Crop Loss,Branch,34,Other,Settled,20,No,0.55
C4425-V,P56798-S,Madhup Vyas,2024-03-24,Property,Life,129417,100437,6753,315676,Mumbai,West,223,Moderate Rain,Road Accident,Online,55,Female,Pending,21,No,0.41
C8555-X,P46646-P,Ritvik Dar,2024-04-09,Property,Vehicle,407899,407899,42206,580034,Hyderabad,South,290,Heavy Rain,Hospitalization,Agent,60,Female,Settled,26,No,0.7
C2044-D,P53910-U,Anika Swamy,2024-09-26,Property,Property,135827,135827,16865,347141,Jaipur,North,257,Moderate Rain,Hospitalization,Mobile App,41,Female,Settled,25,No,0.39
C2107-X,P97206-U,Baiju Borde,2024-01-19,Agriculture,Life,276698,276698,47466,464468,Delhi,North,181,Flood,House Damage,Online,30,Female,Rejected,23,No,0.6
C6073-J,P30828-B,Dhanuk Deshmukh,2024-05-09,Agriculture,Life,210293,210293,29984,261417,Jaipur,North,95,Light Rain,Flood Damage,Branch,42,Male,Settled,11,No,0.8
C8758-B,P97913-I,Purab Bora,2024-08-20,Property,Vehicle,264623,264623,45684,366238,Delhi,North,117,Heavy Rain,Hospitalization,Branch,49,Male,Settled,26,No,0.72
C9546-S,P27224-O,Ela Kapadia,2024-07-29,Agriculture,Health,291845,291845,25239,585718,Chennai,South,147,Light Rain,Crop Loss,Branch,66,Other,Pending,4,No,0.5
C7775-U,P49765-Y,Tara Bajaj,2024-04-18,Agriculture,Agriculture,71856,71856,35704,186051,Bangalore,South,187,Moderate Rain,Hospitalization,Online,26,Male,Settled,8,No,0.39
C8111-L,P93109-D,Shamik Bhattacharyya,2024-12-14,Agriculture,Life,240544,240544,13403,524735,Chennai,South,96,Flood,Crop Loss,Online,41,Male,Settled,9,No,0.46
C4717-A,P40591-B,Rati Wali,2024-01-07,Health,Agriculture,49302,49302,36189,176999,Delhi,North,142,Flood,House Damage,Mobile App,65,Male,Settled,20,No,0.28
C7237-Z,P51253-T,Aradhya Dutt,2024-11-19,Vehicle,Agriculture,106615,106615,30856,238593,Ahmedabad,West,212,Flood,House Damage,Agent,48,Female,Pending,10,No,0.45
C5688-L,P13262-T,Manjari Issac,2024-04-08,Agriculture,Health,271807,271807,11547,325879,Pune,West,213,Heavy Rain,Hospitalization,Mobile App,50,Male,Rejected,12,No,0.83
C3602-O,P59471-Z,Madhav Kamdar,2024-05-27,Agriculture,Property,253556,253556,26034,417141,Mumbai,West,115,Light Rain,House Damage,Agent,66,Female,Pending,19,No,0.61
C9539-R,P75274-T,Yashvi Wali,2024-11-07,Vehicle,Agriculture,49258,49258,8447,147169,Lucknow,North,147,Light Rain,Flood Damage,Mobile App,48,Other,Settled,28,No,0.33
C4862-L,P97724-H,Charvi Kunda,2024-06-17,Agriculture,Property,219509,219509,26766,290033,Bangalore,South,266,Moderate Rain,Crop Loss,Branch,56,Female,Settled,3,No,0.76
C3513-F,P89863-R,Khushi Chander,2024-03-02,Health,Health,55293,55293,49399,173432,Jaipur,North,279,Heavy Rain,Flood Damage,Online,44,Other,Settled,9,No,0.32
C1079-U,P27341-X,Nakul Kata,2024-06-15,Vehicle,Property,39705,39705,21084,336581,Jaipur,North,84,Light Rain,Flood Damage,Mobile App,29,Male,Pending,11,No,0.12
C7018-I,P75291-S,Kiara Kala,2024-09-22,Property,Vehicle,226145,226145,12165,322993,Kolkata,East,172,Light Rain,House Damage,Mobile App,57,Other,Settled,19,Yes,0.7
C9423-T,P74256-C,Armaan Yogi,2024-03-28,Agriculture,Health,149936,149936,33432,235200,Lucknow,North,201,Heavy Rain,Hospitalization,Agent,38,Other,Pending,21,No,0.64
C7721-Y,P35560-S,Suhana Dhillon,2024-08-06,Health,Property,20181,20181,46038,111753,Pune,West,169,Flood,Crop Loss,Branch,22,Male,Settled,23,No,0.18
C5499-B,P18592-W,Reyansh Vasa,2024-06-13,Property,Life,480280,480280,39038,708359,Chennai,South,106,Heavy Rain,Crop Loss,Mobile App,39,Female,Pending,10,No,0.68
C9108-Z,P34722-U,Prerak Seth,2024-12-26,Property,Property,138180,138180,35240,278400,Ahmedabad,West,90,Moderate Rain,Hospitalization,Online,20,Female,Settled,23,Yes,0.5
C5696-J,P55307-J,Tarini Gupta,2024-12-10,Agriculture,Life,130493,130493,48518,334631,Pune,West,79,Flood,House Damage,Mobile App,40,Other,Settled,17,No,0.39
C3541-L,P20063-V,Misha Bansal,2024-03-12,Health,Agriculture,191156,131154,37395,429622,Ahmedabad,West,270,Flood,Crop Loss,Agent,58,Other,Pending,7,No,0.44
C2661-D,P27518-G,Romil Garde,2024-03-12,Agriculture,Vehicle,253787,253787,49614,507118,Mumbai,West,91,Heavy Rain,Hospitalization,Mobile App,69,Male,Settled,17,Yes,0.5
C7118-T,P40598-Q,Ishaan Gola,2024-03-11,Vehicle,Agriculture,88454,88454,5630,166004,Ahmedabad,West,228,Moderate Rain,Flood Damage,Agent,56,Male,Settled,29,Yes,0.53
C8543-D,P69586-H,Shaan Jain,2024-06-02,Health,Vehicle,161000,118981,8370,407060,Hyderabad,South,79,Light Rain,Road Accident,Branch,52,Male,Rejected,7,No,0.4
C2067-P,P76067-L,Kaira Ganesh,2024-09-19,Health,Agriculture,189097,189097,6353,423348,Chennai,South,283,Flood,Hospitalization,Mobile App,22,Male,Settled,25,No,0.45
C2383-S,P91988-B,Zoya Kurian,2024-11-22,Property,Health,252028,252028,9330,448725,Ahmedabad,West,157,Moderate Rain,House Damage,Mobile App,28,Male,Pending,12,No,0.56
C8588-R,P59470-X,Kanav Soni,2024-10-18,Agriculture,Health,273610,273610,17867,435840,Chennai,South,292,Light Rain,House Damage,Mobile App,41,Female,Settled,9,No,0.63
C5459-B,P95543-R,Veer Bhatnagar,2024-10-27,Agriculture,Agriculture,63652,63652,7369,132048,Jaipur,North,215,Heavy Rain,Crop Loss,Online,42,Other,Settled,3,No,0.48
C9079-O,P66574-N,Himmat Bobal,2024-06-21,Health,Vehicle,138841,138841,36518,211764,Lucknow,North,236,Flood,Crop Loss,Online,68,Other,Settled,15,No,0.66
C7931-L,P68696-H,Jayesh Badal,2024-12-21,Agriculture,Health,277571,277571,25742,374379,Delhi,North,99,Light Rain,Crop Loss,Mobile App,20,Male,Settled,20,No,0.74
C4565-S,P87965-T,Jayesh Devan,2024-11-07,Property,Property,230535,230535,33309,383145,Hyderabad,South,266,Light Rain,Flood Damage,Agent,50,Female,Settled,21,No,0.6
C8993-A,P16619-X,Jayant Behl,2024-07-12,Health,Agriculture,37416,37416,39792,128782,Delhi,North,89,Moderate Rain,Hospitalization,Agent,36,Other,Settled,14,No,0.29
C9417-Z,P36213-H,Zain Lalla,2024-08-11,Health,Agriculture,119948,119948,24416,387669,Kolkata,East,212,Flood,House Damage,Online,20,Other,Pending,25,No,0.31
C2400-J,P40988-U,Yashvi Dutt,2024-09-13,Agriculture,Life,60348,60348,27413,351554,Hyderabad,South,235,Heavy Rain,Hospitalization,Mobile App,22,Other,Settled,21,No,0.17
C3537-S,P48861-K,Rania Sathe,2024-10-17,Vehicle,Property,55076,55076,40692,259497,Jaipur,North,290,Moderate Rain,Crop Loss,Agent,59,Other,Pending,8,No,0.21
C5289-S,P47375-O,Rati Ganesan,2024-08-31,Agriculture,Property,213265,213265,12605,484134,Lucknow,North,275,Flood,Hospitalization,Branch,19,Other,Pending,17,No,0.44
C2011-Y,P69709-D,Divyansh Bhalla,2024-05-17,Property,Property,151891,151891,13026,327066,Pune,West,197,Heavy Rain,Flood Damage,Agent,31,Male,Pending,29,No,0.46
C3798-Z,P45201-G,Divyansh Kade,2024-08-12,Agriculture,Health,216698,216698,42213,338240,Jaipur,North,190,Light Rain,Crop Loss,Mobile App,41,Male,Settled,11,No,0.64
C2754-W,P11096-M,Dhanush Ratta,2024-05-08,Property,Property,399223,399223,36510,591157,Lucknow,North,93,Heavy Rain,Road Accident,Mobile App,42,Female,Settled,24,Yes,0.68
C4820-J,P46989-M,Stuvan Rao,2024-12-27,Health,Health,186313,186313,20128,456768,Chennai,South,249,Heavy Rain,Road Accident,Online,19,Female,Pending,12,No,0.41
C8167-H,P72027-A,Shaan Sandhu,2024-09-29,Vehicle,Life,118578,59988,17634,272874,Lucknow,North,289,Heavy Rain,Flood Damage,Online,44,Other,Settled,7,No,0.43
C7763-Z,P87323-P,Kanav Rajagopal,2024-06-11,Property,Health,137506,137506,47223,291500,Pune,West,178,Moderate Rain,Crop Loss,Mobile App,43,Male,Settled,24,No,0.47
C3659-T,P95404-R,Manikya Raman,2024-02-27,Property,Agriculture,482859,482859,12390,559179,Lucknow,North,80,Moderate Rain,Road Accident,Branch,56,Other,Rejected,21,No,0.86
C1440-Y,P62425-P,Dharmajan Shankar,2024-06-27,Vehicle,Agriculture,96198,96198,47444,176771,Hyderabad,South,52,Moderate Rain,Road Accident,Branch,19,Other,Pending,18,No,0.54
C3637-O,P79809-O,Devansh Srinivasan,2024-11-17,Health,Property,135855,135855,12059,381186,Mumbai,West,53,Heavy Rain,House Damage,Branch,66,Female,Settled,8,No,0.36
C8128-Y,P78763-O,Siya Bakshi,2024-01-10,Property,Agriculture,317809,317809,7925,439379,Lucknow,North,122,Heavy Rain,House Damage,Online,64,Male,Settled,3,No,0.72
C7271-S,P97771-J,Chirag Batta,2024-03-26,Vehicle,Vehicle,141907,141907,25455,211911,Bangalore,South,144,Light Rain,Hospitalization,Mobile App,23,Other,Settled,21,No,0.67
C1747-Q,P95209-U,Aniruddh Kata,2024-11-17,Health,Health,77306,77306,28258,229888,Chennai,South,92,Moderate Rain,Flood Damage,Mobile App,40,Female,Settled,24,No,0.34
C3868-B,P32215-V,Rati Wali,2024-08-10,Property,Property,146832,146832,5089,330670,Ahmedabad,West,119,Light Rain,Crop Loss,Agent,58,Other,Settled,25,No,0.44
C2364-B,P51393-M,Ahana  Som,2024-05-03,Property,Agriculture,212868,212868,34840,422529,Jaipur,North,113,Flood,Hospitalization,Agent,44,Male,Settled,23,No,0.5
C7604-A,P95767-B,Jhanvi Chawla,2024-05-09,Health,Vehicle,129027,121117,27064,185886,Mumbai,West,273,Heavy Rain,Flood Damage,Agent,36,Other,Pending,30,No,0.69
C5957-K,P88063-S,Ishita Ramesh,2024-05-19,Vehicle,Life,144488,144488,35910,429694,Hyderabad,South,209,Moderate Rain,Flood Damage,Mobile App,20,Female,Settled,24,No,0.34
C9770-V,P85156-O,Anika Singhal,2024-12-08,Property,Property,353223,353223,5751,473626,Delhi,North,156,Flood,Road Accident,Agent,31,Female,Rejected,21,No,0.75
C6650-F,P62973-K,Seher Kala,2024-11-11,Vehicle,Life,131171,131171,43442,336445,Chennai,South,295,Flood,Hospitalization,Agent,62,Female,Pending,8,Yes,0.39
C9839-M,P72029-T,Kiaan Boase,2024-11-03,Health,Agriculture,156978,156978,44566,399400,Pune,West,68,Light Rain,Flood Damage,Mobile App,53,Female,Pending,10,No,0.39
C6955-G,P55687-K,Jayan Baral,2024-02-04,Property,Vehicle,424224,424224,26713,509594,Delhi,North,157,Flood,Hospitalization,Mobile App,42,Male,Pending,28,No,0.83
C2851-L,P32184-G,Uthkarsh Mannan,2024-06-22,Vehicle,Health,56488,56488,18628,185269,Chennai,South,100,Moderate Rain,Crop Loss,Online,61,Other,Rejected,20,No,0.3
C1830-T,P26847-J,Azad Issac,2024-05-23,Health,Life,133527,133527,22019,226542,Kolkata,East,111,Flood,Flood Damage,Branch,35,Female,Settled,8,No,0.59
C6044-D,P83023-C,Pihu Dara,2024-03-17,Agriculture,Health,121076,121076,33088,254901,Pune,West,275,Light Rain,Crop Loss,Agent,41,Other,Settled,14,No,0.47
C8142-D,P60084-T,Vivaan Saha,2024-03-30,Health,Life,82873,82873,11813,302479,Pune,West,256,Moderate Rain,Crop Loss,Online,65,Other,Pending,20,No,0.27
C1286-U,P14783-J,Seher Dhingra,2024-07-07,Agriculture,Life,52166,32787,36783,269355,Bangalore,South,200,Light Rain,Crop Loss,Branch,50,Other,Settled,21,No,0.19
C9364-W,P93613-P,Nayantara Dua,2024-02-22,Health,Life,165727,165727,16612,303865,Delhi,North,130,Moderate Rain,Flood Damage,Agent,32,Female,Settled,6,No,0.55
C2569-M,P51218-M,Anaya Sur,2024-02-18,Health,Health,63999,63999,47332,318239,Hyderabad,South,175,Heavy Rain,Hospitalization,Agent,31,Other,Pending,20,No,0.2
C2552-H,P13646-I,Rohan Chander,2024-01-30,Health,Vehicle,174384,174384,6070,441964,Delhi,North,297,Flood,Crop Loss,Mobile App,68,Male,Settled,25,No,0.39
C1828-O,P47304-P,Alia Mall,2024-01-15,Property,Health,209999,209999,11794,494819,Bangalore,South,59,Light Rain,Flood Damage,Online,22,Female,Settled,9,No,0.42
C7696-W,P82632-F,Madhup Ahluwalia,2024-06-11,Property,Vehicle,174085,174085,18352,390842,Jaipur,North,210,Light Rain,Road Accident,Agent,55,Female,Settled,20,No,0.45
C1344-G,P51172-G,Nirvi Date,2024-10-29,Property,Vehicle,274924,274924,39912,431743,Lucknow,North,275,Light Rain,House Damage,Online,32,Male,Settled,24,No,0.64
C2387-M,P73612-Q,Romil Raval,2024-07-02,Agriculture,Health,179024,179024,49951,273497,Ahmedabad,West,237,Light Rain,Crop Loss,Online,64,Female,Pending,19,No,0.65
C9936-J,P12740-U,Reyansh Mane,2024-10-24,Vehicle,Vehicle,116741,116741,42550,255248,Bangalore,South,164,Flood,Road Accident,Agent,27,Other,Settled,10,Yes,0.46
C7195-Q,P36587-M,Manjari Chaudhary,2024-10-13,Property,Health,446813,446813,33967,568767,Ahmedabad,West,212,Flood,Crop Loss,Branch,59,Male,Pending,8,No,0.79
C5440-Y,P61117-E,Taimur Zachariah,2024-12-16,Agriculture,Life,137243,137243,44342,366181,Hyderabad,South,190,Moderate Rain,Road Accident,Online,64,Female,Settled,26,No,0.37
C5111-G,P35091-Z,Pihu Karnik,2024-04-18,Property,Health,359246,359246,15405,421160,Delhi,North,110,Heavy Rain,Flood Damage,Branch,53,Other,Settled,23,No,0.85
C8636-H,P37697-C,Advik Tiwari,2024-12-17,Property,Property,377727,377727,9576,564653,Ahmedabad,West,173,Moderate Rain,House Damage,Branch,29,Male,Settled,26,No,0.67
C6961-M,P91462-G,Shaan Gupta,2024-01-06,Vehicle,Vehicle,39640,39640,43469,142339,Delhi,North,125,Light Rain,Crop Loss,Online,62,Female,Rejected,11,No,0.28
C8085-S,P34847-M,Eva Gandhi,2024-06-29,Property,Vehicle,439700,439700,48669,605270,Bangalore,South,162,Light Rain,Hospitalization,Agent,39,Male,Pending,19,No,0.73
C3562-Z,P49773-N,Keya Majumdar,2024-03-06,Health,Life,30713,30713,15812,253909,Mumbai,West,240,Moderate Rain,Crop Loss,Branch,23,Female,Pending,6,No,0.12
C9563-Q,P57752-N,Krish Mane,2024-11-09,Health,Agriculture,142477,142477,32964,196311,Pune,West,175,Flood,Hospitalization,Branch,37,Male,Settled,19,No,0.73
C6576-H,P80074-R,Trisha Bali,2024-01-20,Vehicle,Life,94532,94532,29444,289643,Kolkata,East,262,Flood,Flood Damage,Mobile App,47,Other,Settled,7,No,0.33
C5641-E,P20138-E,Akarsh Sathe,2024-12-27,Health,Property,31880,31880,15056,175422,Chennai,South,188,Moderate Rain,Crop Loss,Online,24,Female,Pending,20,No,0.18
C1665-I,P16849-M,Mehul Sheth,2024-01-03,Health,Vehicle,95831,95831,19879,233991,Hyderabad,South,176,Moderate Rain,House Damage,Mobile App,26,Other,Settled,3,No,0.41
C7841-G,P61911-A,Mohanlal Dalal,2024-09-29,Vehicle,Agriculture,117728,117728,49598,233177,Jaipur,North,79,Moderate Rain,Crop Loss,Online,37,Male,Settled,20,No,0.5
C4762-H,P89980-U,Neelofar Sule,2024-04-17,Vehicle,Vehicle,96877,96877,25919,320407,Kolkata,East,167,Flood,Crop Loss,Online,33,Other,Rejected,6,No,0.3
C3188-K,P62844-Y,Yakshit Majumdar,2024-01-31,Health,Health,134870,134870,18996,368583,Delhi,North,214,Light Rain,Flood Damage,Branch,66,Female,Settled,9,No,0.37
C1480-G,P41392-Q,Alisha Sheth,2024-07-01,Agriculture,Agriculture,100192,100192,47627,164013,Hyderabad,South,187,Light Rain,House Damage,Online,22,Female,Settled,12,No,0.61
C9086-O,P21679-Z,Mehul Dayal,2024-02-27,Health,Vehicle,64938,64938,21648,178175,Mumbai,West,85,Flood,House Damage,Mobile App,42,Female,Pending,19,No,0.36
C7320-C,P89061-K,Tushar Subramaniam,2024-07-24,Health,Agriculture,101845,101845,44176,327104,Delhi,North,121,Light Rain,Hospitalization,Online,41,Male,Settled,7,No,0.31
C2009-H,P54729-C,Kavya Kamdar,2024-02-02,Health,Life,60420,50470,8403,300023,Mumbai,West,230,Light Rain,Road Accident,Mobile App,53,Male,Settled,25,No,0.2
C6173-G,P97203-S,Urvi Kapadia,2024-04-11,Property,Life,181145,181145,48635,441299,Ahmedabad,West,73,Light Rain,Crop Loss,Agent,33,Female,Settled,22,No,0.41
C3576-U,P97509-E,Drishya Tiwari,2024-12-09,Health,Agriculture,20095,20095,33092,173102,Lucknow,North,134,Heavy Rain,Crop Loss,Agent,41,Female,Settled,28,No,0.12
C7447-M,P15198-T,Kanav Sehgal,2024-06-02,Health,Life,142023,142023,46331,328015,Ahmedabad,West,98,Light Rain,Crop Loss,Mobile App,63,Other,Pending,12,No,0.43
C9336-W,P50178-F,Anahita Datta,2024-11-28,Vehicle,Health,108509,99319,18907,228059,Mumbai,West,131,Flood,Crop Loss,Agent,62,Male,Pending,28,No,0.48
C5830-J,P38149-E,Lagan Sarraf,2024-03-08,Health,Health,169703,169703,44798,315601,Pune,West,263,Flood,Flood Damage,Online,45,Other,Settled,4,No,0.54
C7493-V,P45809-W,Madhav Khosla,2024-01-27,Vehicle,Property,44198,44198,36195,292117,Chennai,South,84,Light Rain,Hospitalization,Agent,61,Female,Pending,17,Yes,0.15
C2607-H,P85067-U,Aaryahi Viswanathan,2024-10-09,Vehicle,Property,68208,68208,49371,201119,Ahmedabad,West,295,Light Rain,Crop Loss,Branch,40,Other,Pending,16,No,0.34
C2840-W,P91820-I,Nitara Malhotra,2024-02-26,Health,Vehicle,122922,122922,46334,400600,Lucknow,North,143,Flood,Hospitalization,Branch,53,Female,Settled,10,No,0.31
C6585-G,P99369-G,Drishya Gupta,2024-07-24,Agriculture,Life,218703,218703,15556,450231,Lucknow,North,300,Flood,House Damage,Branch,65,Male,Settled,5,No,0.49
C8459-V,P88637-K,Kartik Sathe,2024-10-25,Health,Vehicle,94206,94206,11412,211929,Hyderabad,South,63,Flood,Hospitalization,Online,36,Female,Settled,27,No,0.44
C7630-F,P89252-O,Anvi Vyas,2024-07-20,Agriculture,Property,108593,108593,42921,348775,Hyderabad,South,212,Light Rain,Crop Loss,Mobile App,19,Female,Settled,19,No,0.31
C1784-W,P27709-Q,Purab Sarraf,2024-04-16,Property,Health,261386,261386,42822,349592,Pune,West,276,Light Rain,Flood Damage,Online,38,Other,Pending,17,No,0.75
C2641-A,P68466-S,Priyansh Wason,2024-05-14,Vehicle,Life,127580,67598,13154,314241,Lucknow,North,171,Heavy Rain,Crop Loss,Agent,66,Male,Pending,26,Yes,0.41
C4473-Q,P18829-H,Faiyaz Chahal,2024-06-23,Agriculture,Life,210579,210579,11203,282361,Pune,West,96,Heavy Rain,House Damage,Online,35,Other,Settled,12,No,0.75
C1728-C,P85365-E,Vidur Hayer,2024-05-20,Agriculture,Life,281244,281244,31409,418966,Delhi,North,261,Heavy Rain,Flood Damage,Branch,63,Male,Settled,29,No,0.67
C5613-E,P87911-S,Yasmin Shukla,2024-04-19,Vehicle,Life,124949,124949,38517,326608,Lucknow,North,239,Heavy Rain,Road Accident,Agent,43,Female,Settled,22,No,0.38
C8164-J,P27925-R,Zara Khare,2024-05-27,Health,Agriculture,60063,60063,30183,306831,Chennai,South,257,Heavy Rain,Flood Damage,Online,58,Male,Settled,27,No,0.2
C1469-L,P17519-E,Tiya Maharaj,2024-04-25,Vehicle,Agriculture,84342,84342,10175,237762,Jaipur,North,256,Flood,Road Accident,Online,64,Other,Settled,6,No,0.35
C7673-T,P53070-A,Ritvik Chad,2024-12-01,Health,Agriculture,29429,29429,31225,210706,Chennai,South,299,Flood,House Damage,Branch,66,Female,Settled,25,No,0.14
C1553-T,P30563-E,Stuvan Chander,2024-08-29,Health,Agriculture,177498,177498,33081,255958,Bangalore,South,221,Light Rain,Hospitalization,Branch,29,Other,Settled,8,No,0.69
C8220-M,P88267-N,Mohanlal Soni,2024-09-10,Property,Life,482262,482262,38395,552975,Lucknow,North,119,Light Rain,Crop Loss,Online,67,Other,Settled,22,No,0.87
C9357-Z,P87964-H,Oorja Chada,2024-10-01,Vehicle,Health,51587,51587,10041,145145,Lucknow,North,179,Light Rain,Hospitalization,Branch,44,Female,Pending,26,No,0.36
C4414-D,P30588-G,Nitya Bora,2024-11-26,Health,Health,184378,184378,47215,240966,Hyderabad,South,77,Moderate Rain,Road Accident,Online,35,Male,Settled,26,No,0.77
C5597-K,P55460-S,Drishya Chhabra,2024-04-08,Health,Vehicle,104669,104669,31501,273227,Hyderabad,South,197,Light Rain,Crop Loss,Mobile App,37,Male,Pending,14,No,0.38
C2053-E,P72142-E,Sana Bera,2024-09-15,Property,Agriculture,299519,149761,28390,558921,Lucknow,North,282,Heavy Rain,Road Accident,Mobile App,22,Female,Pending,28,No,0.54
C4444-D,P73373-O,Divyansh Subramanian,2024-04-18,Health,Property,115327,115327,15591,394419,Chennai,South,211,Heavy Rain,Hospitalization,Branch,36,Female,Settled,23,No,0.29
C7902-Q,P62372-B,Saksham Dhaliwal,2024-02-15,Property,Health,304338,304338,18145,437214,Chennai,South,197,Light Rain,House Damage,Branch,59,Other,Pending,19,No,0.7
C3616-U,P99011-V,Indrajit Sundaram,2024-03-30,Health,Vehicle,141349,141349,41494,349459,Jaipur,North,55,Heavy Rain,House Damage,Online,53,Male,Rejected,12,No,0.4
C8959-X,P24134-F,Shaan Kamdar,2024-03-06,Agriculture,Property,205921,205921,24834,495410,Ahmedabad,West,134,Moderate Rain,Road Accident,Mobile App,53,Female,Settled,29,No,0.42
C5833-B,P17017-T,Rohan Dubey,2024-08-13,Agriculture,Life,87051,87051,44455,176067,Hyderabad,South,87,Light Rain,Flood Damage,Agent,68,Other,Settled,3,No,0.49
C6252-N,P79532-F,Mamooty Gopal,2024-06-23,Property,Agriculture,459919,459919,6226,697750,Hyderabad,South,120,Light Rain,Hospitalization,Agent,61,Other,Rejected,14,No,0.66
C4466-W,P25662-P,Neysa Sarin,2024-08-25,Health,Vehicle,64753,64753,10787,302870,Hyderabad,South,177,Light Rain,Flood Damage,Mobile App,45,Female,Pending,10,No,0.21
C1506-P,P77532-N,Eshani Sanghvi,2024-10-09,Health,Vehicle,85424,85424,25530,298746,Kolkata,East,94,Flood,Hospitalization,Agent,23,Male,Settled,5,No,0.29
C3034-L,P65490-V,Adira Halder,2024-01-19,Health,Agriculture,89661,58433,21824,326830,Jaipur,North,81,Light Rain,Road Accident,Agent,46,Male,Pending,17,No,0.27
C9955-Z,P73528-V,Arnav Shenoy,2024-11-06,Vehicle,Property,69498,69498,19131,294563,Chennai,South,246,Light Rain,House Damage,Online,56,Male,Settled,12,No,0.24
C4852-D,P48273-A,Himmat Chandra,2024-09-25,Agriculture,Vehicle,53568,49133,42713,138600,Chennai,South,286,Light Rain,Road Accident,Online,29,Other,Settled,7,No,0.39
C9497-W,P51577-N,Alisha Choudhury,2024-09-27,Property,Property,148211,148211,49115,231407,Delhi,North,286,Flood,Road Accident,Branch,29,Male,Settled,12,No,0.64
C1230-Y,P48153-Z,Vihaan Arya,2024-02-09,Property,Property,273402,273402,22432,511157,Kolkata,East,111,Light Rain,House Damage,Branch,49,Other,Settled,30,No,0.53
C2108-B,P73529-K,Zoya Babu,2024-11-01,Vehicle,Agriculture,113458,113458,12120,220149,Delhi,North,51,Moderate Rain,Flood Damage,Online,52,Other,Pending,4,No,0.52
C7122-K,P22001-Q,Romil Sarkar,2024-07-29,Health,Health,115727,115727,18551,196264,Mumbai,West,236,Light Rain,Road Accident,Agent,44,Female,Pending,4,Yes,0.59
C3556-J,P50919-N,Saksham Bali,2024-11-06,Agriculture,Life,77388,77388,10543,296070,Delhi,North,252,Moderate Rain,Hospitalization,Mobile App,56,Male,Settled,11,No,0.26
C3467-Y,P48829-Z,Darshit Dugar,2024-07-16,Vehicle,Property,149328,149328,28953,215346,Lucknow,North,153,Moderate Rain,Crop Loss,Agent,58,Male,Settled,23,No,0.69
C1402-G,P46358-H,Kanav Saxena,2024-10-28,Property,Property,134251,134251,16894,298817,Hyderabad,South,273,Light Rain,Flood Damage,Mobile App,58,Other,Settled,16,No,0.45
C1351-X,P82391-N,Dishani Rana,2024-12-06,Health,Life,63542,63542,33156,310900,Bangalore,South,189,Flood,Flood Damage,Branch,56,Male,Settled,5,No,0.2
C5452-Y,P40004-I,Ritvik Iyengar,2024-11-05,Agriculture,Property,185577,185577,30603,415459,Chennai,South,288,Moderate Rain,Crop Loss,Agent,41,Other,Settled,11,No,0.45
C2509-U,P74643-A,Jhanvi Divan,2024-03-16,Property,Health,251708,251708,37603,538030,Hyderabad,South,121,Moderate Rain,Crop Loss,Mobile App,69,Other,Settled,6,No,0.47
C4802-X,P68407-V,Yuvaan Ravel,2024-09-25,Property,Health,222348,222348,19791,358897,Jaipur,North,243,Flood,House Damage,Mobile App,38,Female,Settled,16,No,0.62
C3130-K,P91418-P,Indranil Date,2024-09-24,Agriculture,Life,246962,246962,7524,388607,Hyderabad,South,224,Heavy Rain,Crop Loss,Online,35,Other,Pending,25,No,0.64
C2449-R,P47253-N,Azad Gopal,2024-12-16,Property,Property,138297,98372,40592,351712,Hyderabad,South,261,Moderate Rain,Flood Damage,Mobile App,58,Other,Rejected,9,No,0.39
C3155-X,P27319-N,Kiaan Gour,2024-09-06,Property,Property,362993,362993,31598,482659,Kolkata,East,61,Flood,Hospitalization,Branch,40,Female,Settled,14,No,0.75
C8619-V,P66425-L,Anahi Dhawan,2024-09-02,Health,Agriculture,60009,60009,21920,265027,Kolkata,East,177,Flood,House Damage,Branch,45,Female,Settled,28,No,0.23
C6116-T,P65226-O,Divyansh Ghose,2024-09-12,Vehicle,Health,59769,59769,13457,287067,Jaipur,North,218,Moderate Rain,Flood Damage,Agent,37,Other,Pending,27,No,0.21
C4953-V,P81403-D,Jiya Lalla,2024-01-06,Property,Life,444401,444401,28485,676814,Bangalore,South,137,Heavy Rain,Crop Loss,Mobile App,59,Male,Settled,26,No,0.66
C8475-V,P43728-Q,Indrans Bawa,2024-12-28,Vehicle,Vehicle,119444,119444,21698,196385,Bangalore,South,62,Heavy Rain,Road Accident,Online,45,Male,Settled,7,No,0.61
C4208-J,P70811-O,Vidur Gola,2024-08-03,Agriculture,Vehicle,52252,52252,23668,142784,Chennai,South,99,Flood,Flood Damage,Online,65,Female,Settled,10,No,0.37
C7183-Y,P75395-I,Myra Bail,2024-05-22,Vehicle,Vehicle,134692,134692,14209,275781,Kolkata,East,78,Light Rain,Crop Loss,Branch,29,Other,Settled,22,No,0.49
C4650-V,P92466-B,Mannat Sule,2024-10-07,Property,Agriculture,478639,478639,22199,556643,Kolkata,East,100,Flood,Crop Loss,Agent,59,Male,Settled,27,No,0.86
C6724-C,P47795-J,Alia Sarraf,2024-11-28,Property,Health,261797,261797,8179,497490,Mumbai,West,182,Light Rain,Hospitalization,Mobile App,31,Other,Rejected,15,No,0.53
C2031-Z,P85651-U,Stuvan Chatterjee,2024-06-11,Property,Agriculture,425043,425043,42162,624067,Bangalore,South,96,Moderate Rain,House Damage,Agent,42,Female,Rejected,8,No,0.68
C8369-W,P62343-K,Hansh Balasubramanian,2024-05-02,Health,Health,99608,99608,8008,301768,Kolkata,East,289,Moderate Rain,Crop Loss,Branch,45,Female,Settled,11,No,0.33
C6077-D,P67319-S,Anahi Bora,2024-10-06,Property,Vehicle,285039,285039,40849,573448,Mumbai,West,133,Heavy Rain,Road Accident,Agent,63,Female,Settled,20,No,0.5
C2619-X,P57266-C,Fateh Tripathi,2024-06-27,Property,Agriculture,409782,409782,7118,625518,Mumbai,West,215,Light Rain,Crop Loss,Agent,27,Female,Rejected,15,No,0.66
C4334-G,P70360-W,Saira Warrior,2024-05-21,Health,Property,27835,27835,11873,198867,Bangalore,South,298,Heavy Rain,Road Accident,Branch,58,Female,Settled,12,No,0.14
C1118-F,P74108-M,Veer Konda,2024-12-08,Health,Life,42629,23574,19781,233147,Chennai,South,53,Moderate Rain,Crop Loss,Mobile App,46,Other,Settled,11,No,0.18
C9619-F,P17500-G,Yuvraj  Kumar,2024-10-12,Agriculture,Life,64437,64437,38063,129962,Pune,West,290,Moderate Rain,Crop Loss,Mobile App,31,Other,Settled,27,No,0.5
C4328-W,P40921-K,Himmat Bansal,2024-11-01,Health,Agriculture,118530,118530,23614,218540,Kolkata,East,223,Flood,Road Accident,Branch,38,Female,Settled,18,No,0.54
C3147-O,P76805-C,Zoya Kohli,2024-02-29,Agriculture,Vehicle,95022,95022,45988,390063,Mumbai,West,242,Moderate Rain,Crop Loss,Branch,46,Male,Rejected,21,No,0.24
C4354-J,P82043-C,Myra Varma,2024-11-27,Vehicle,Vehicle,85502,77815,27898,243855,Pune,West,174,Moderate Rain,Hospitalization,Mobile App,20,Male,Rejected,7,No,0.35
C1410-R,P16072-B,Oorja Wagle,2024-03-17,Vehicle,Vehicle,46128,46128,10930,144283,Chennai,South,80,Light Rain,Hospitalization,Agent,21,Other,Settled,15,No,0.32
C4183-N,P16717-Y,Vardaniya Sarraf,2024-07-07,Property,Vehicle,186405,186405,28770,360133,Mumbai,West,142,Flood,Hospitalization,Agent,51,Male,Pending,22,No,0.52
C4403-W,P96348-A,Seher Goswami,2024-06-01,Property,Agriculture,370023,370023,19973,603349,Delhi,North,98,Flood,Flood Damage,Mobile App,49,Female,Settled,10,No,0.61
C1840-U,P64775-B,Elakshi Kashyap,2024-06-10,Property,Property,173805,173805,21788,238821,Ahmedabad,West,235,Moderate Rain,Crop Loss,Mobile App,18,Female,Pending,29,No,0.73
C7225-O,P98058-K,Kismat Soni,2024-05-14,Agriculture,Property,119815,76127,30273,236724,Delhi,North,64,Heavy Rain,Road Accident,Online,47,Male,Settled,27,No,0.51
C5250-S,P83993-H,Vanya Bava,2024-11-03,Vehicle,Vehicle,141868,141868,8879,281613,Ahmedabad,West,172,Moderate Rain,House Damage,Mobile App,27,Other,Settled,25,No,0.5
C6699-C,P16641-X,Saanvi Chopra,2024-02-18,Health,Health,66783,66783,37714,353224,Bangalore,South,72,Light Rain,Road Accident,Agent,62,Male,Settled,9,No,0.19
C4036-M,P85321-E,Reyansh Kaur,2024-06-24,Health,Health,98477,98477,34467,155728,Pune,West,120,Moderate Rain,Flood Damage,Mobile App,29,Female,Settled,19,No,0.63
C5049-G,P12345-O,Shalv Deshpande,2024-09-30,Property,Property,401001,401001,27045,458320,Lucknow,North,210,Moderate Rain,Crop Loss,Online,62,Other,Pending,13,No,0.87
C3791-M,P75666-F,Urvi Borah,2024-01-11,Agriculture,Health,190024,190024,27402,345035,Lucknow,North,63,Flood,Flood Damage,Online,35,Female,Settled,26,No,0.55
C4405-H,P81632-G,Myra Dayal,2024-01-28,Health,Property,104513,104513,15867,167788,Delhi,North,134,Heavy Rain,House Damage,Mobile App,49,Female,Settled,28,No,0.62
C5054-R,P21258-A,Lagan Vohra,2024-12-02,Property,Agriculture,159132,159132,11075,378038,Chennai,South,151,Heavy Rain,Road Accident,Online,56,Other,Settled,23,No,0.42
C5103-H,P70828-M,Onkar Kari,2024-10-08,Property,Property,137931,137931,11313,306300,Hyderabad,South,116,Moderate Rain,House Damage,Agent,48,Female,Pending,25,No,0.45
C9142-R,P38495-I,Alia Dada,2024-01-21,Property,Property,108270,108270,25883,236381,Ahmedabad,West,160,Heavy Rain,Road Accident,Branch,57,Female,Settled,25,No,0.46
C2782-P,P37969-R,Ira Deo,2024-06-01,Property,Property,179385,179385,35888,239042,Hyderabad,South,126,Heavy Rain,Hospitalization,Online,51,Female,Settled,16,No,0.75
C1392-W,P19752-K,Alia Verma,2024-10-31,Vehicle,Life,87542,53066,37793,348929,Kolkata,East,201,Flood,House Damage,Agent,62,Male,Settled,29,No,0.25
C7422-T,P48105-Z,Advika Dhawan,2024-07-16,Health,Life,149843,149843,29526,214283,Jaipur,North,149,Heavy Rain,Flood Damage,Agent,31,Other,Settled,22,No,0.7
C6240-L,P25996-N,Ehsaan Gade,2024-12-26,Agriculture,Agriculture,60068,60068,30638,309924,Hyderabad,South,149,Light Rain,House Damage,Mobile App,50,Male,Pending,25,No,0.19
C7560-T,P58709-H,Siya Dara,2024-10-21,Vehicle,Property,88047,88047,13307,163070,Kolkata,East,291,Light Rain,House Damage,Online,40,Other,Settled,11,Yes,0.54
C7402-D,P14968-U,Dhanuk Shanker,2024-01-04,Agriculture,Agriculture,204386,204386,5090,408462,Ahmedabad,West,115,Flood,Hospitalization,Branch,40,Female,Settled,25,No,0.5
C8657-Y,P79023-J,Aayush Ganguly,2024-01-26,Health,Property,91569,91569,5085,251499,Mumbai,West,149,Flood,House Damage,Online,18,Female,Settled,28,No,0.36
C5811-X,P68765-Y,Misha Bhargava,2024-01-07,Health,Agriculture,25035,25035,33506,258265,Hyderabad,South,190,Light Rain,Flood Damage,Branch,50,Female,Settled,30,No,0.1
C1280-W,P38868-Z,Neelofar Sama,2024-11-19,Vehicle,Property,55187,34760,24147,241625,Jaipur,North,86,Heavy Rain,Crop Loss,Online,47,Male,Settled,4,No,0.23
C7011-H,P10348-C,Kabir Bandi,2024-07-23,Property,Property,367724,367724,48219,568573,Hyderabad,South,96,Moderate Rain,House Damage,Mobile App,63,Male,Settled,30,No,0.65
C7671-Q,P49667-C,Biju Jaggi,2024-04-17,Agriculture,Vehicle,70654,70654,5786,142976,Jaipur,North,109,Moderate Rain,Flood Damage,Agent,37,Other,Settled,19,No,0.49
C1799-G,P54685-R,Ranbir Manda,2024-05-14,Property,Health,352467,352467,15919,627046,Mumbai,West,170,Light Rain,House Damage,Branch,21,Female,Settled,23,No,0.56
C5616-I,P57233-C,Anika Sani,2024-01-02,Agriculture,Life,216975,216975,19386,469008,Delhi,North,247,Flood,House Damage,Agent,19,Male,Settled,24,No,0.46
C8864-T,P51884-J,Ela Bir,2024-04-14,Health,Life,108412,108412,9234,207788,Mumbai,West,109,Light Rain,Hospitalization,Agent,64,Male,Settled,30,No,0.52
C7677-F,P54252-V,Kanav Bhattacharyya,2024-03-04,Agriculture,Life,102634,102634,44560,241472,Hyderabad,South,212,Flood,Hospitalization,Mobile App,63,Other,Settled,22,No,0.43
C4249-L,P73405-H,Anahi Brar,2024-08-14,Agriculture,Life,148967,148967,23146,433267,Ahmedabad,West,116,Light Rain,Road Accident,Mobile App,68,Male,Settled,7,No,0.34
C3099-X,P66261-S,Ivana Chatterjee,2024-01-29,Property,Agriculture,431203,431203,37354,634358,Delhi,North,200,Heavy Rain,Road Accident,Online,30,Male,Settled,3,No,0.68
C9228-P,P28545-X,Kabir Chaudhary,2024-12-09,Vehicle,Health,36396,19892,18201,159303,Delhi,North,263,Light Rain,Road Accident,Agent,25,Other,Settled,8,No,0.23
C4585-X,P61993-I,Armaan Sodhi,2024-08-18,Vehicle,Vehicle,144581,144581,22293,364191,Kolkata,East,52,Flood,House Damage,Branch,19,Other,Settled,12,No,0.4
C7957-H,P35207-T,Shamik Grover,2024-06-25,Agriculture,Vehicle,99298,99298,27252,376366,Chennai,South,107,Moderate Rain,Crop Loss,Online,57,Female,Settled,3,No,0.26
C6323-S,P22107-E,Samar Buch,2024-11-16,Vehicle,Life,90778,90778,35434,258650,Delhi,North,86,Moderate Rain,House Damage,Branch,30,Other,Pending,12,No,0.35
C1293-K,P86946-K,Suhana Mall,2024-03-20,Property,Health,249995,249995,33625,471266,Delhi,North,227,Flood,Flood Damage,Mobile App,24,Female,Settled,21,No,0.53
C2321-P,P31515-U,Fateh Venkataraman,2024-04-19,Property,Life,499996,499996,34343,630002,Ahmedabad,West,227,Flood,Crop Loss,Branch,40,Other,Settled,8,No,0.79
C8191-E,P57146-E,Samarth Vyas,2024-09-07,Agriculture,Life,162383,162383,34841,321743,Hyderabad,South,84,Moderate Rain,Flood Damage,Online,52,Male,Pending,14,No,0.5
C5510-O,P80935-Q,Reyansh Krishnamurthy,2024-08-11,Property,Property,476688,476688,31027,657792,Jaipur,North,228,Flood,Flood Damage,Online,38,Other,Pending,13,No,0.72
C7560-Q,P82172-T,Miraya Sampath,2024-10-05,Property,Health,450106,450106,17182,556139,Kolkata,East,164,Light Rain,Flood Damage,Online,35,Female,Settled,20,No,0.81
C3866-T,P89726-R,Elakshi Gupta,2024-11-06,Property,Vehicle,499442,499442,23666,595888,Chennai,South,248,Light Rain,Hospitalization,Online,19,Male,Pending,5,No,0.84
C7850-D,P49073-X,Vaibhav Khare,2024-01-03,Property,Property,436947,436947,33994,709931,Chennai,South,71,Light Rain,Flood Damage,Mobile App,35,Other,Settled,17,No,0.62
C6976-D,P39543-T,Tushar Saxena,2024-08-30,Vehicle,Vehicle,141663,141663,38515,413356,Hyderabad,South,157,Flood,Hospitalization,Agent,50,Female,Pending,23,No,0.34
C4738-Z,P53995-F,Kimaya Din,2024-03-04,Vehicle,Health,72455,72455,34091,296621,Ahmedabad,West,64,Light Rain,House Damage,Mobile App,35,Other,Pending,9,No,0.24
C1342-C,P34470-R,Farhan Bora,2024-12-09,Agriculture,Health,57073,57073,49057,287498,Bangalore,South,56,Moderate Rain,Hospitalization,Agent,33,Male,Settled,8,No,0.2
C4330-T,P17331-M,Priyansh Sharma,2024-05-28,Health,Life,185426,95664,31633,333809,Lucknow,North,276,Heavy Rain,Hospitalization,Online,43,Male,Pending,14,No,0.56
C2430-A,P98110-X,Zeeshan Bajwa,2024-10-09,Property,Agriculture,468569,468569,16293,533848,Jaipur,North,187,Moderate Rain,Hospitalization,Mobile App,67,Male,Pending,11,No,0.88
C2862-Q,P25626-F,Piya Chana,2024-07-04,Property,Health,280656,280656,26142,350003,Kolkata,East,215,Moderate Rain,Road Accident,Branch,68,Other,Pending,12,No,0.8
C2700-Y,P77214-X,Ranbir Garg,2024-03-12,Vehicle,Health,76522,76522,47375,262625,Lucknow,North,67,Flood,House Damage,Mobile App,62,Other,Settled,20,No,0.29
C2482-X,P88681-W,Ayesha Dhar,2024-11-24,Property,Property,360668,269322,48029,586586,Kolkata,East,206,Moderate Rain,Hospitalization,Mobile App,31,Female,Pending,27,No,0.61
C8403-H,P24864-P,Divyansh Setty,2024-02-26,Health,Health,132320,132320,7602,233322,Delhi,North,205,Heavy Rain,Flood Damage,Agent,46,Male,Settled,12,No,0.57
C2552-C,P19244-B,Biju Wali,2024-05-11,Vehicle,Vehicle,53682,53682,26404,130512,Ahmedabad,West,251,Flood,Road Accident,Branch,43,Female,Settled,9,No,0.41
C6651-T,P70958-L,Miraan Master,2024-01-27,Agriculture,Life,242290,242290,13247,361449,Mumbai,West,163,Moderate Rain,Hospitalization,Branch,24,Female,Settled,8,No,0.67
C5231-T,P68900-J,Dhruv Kamdar,2024-07-09,Agriculture,Property,206596,206596,28602,436690,Kolkata,East,98,Moderate Rain,Flood Damage,Online,40,Other,Settled,11,No,0.47
C9816-L,P15200-J,Suhana Trivedi,2024-11-22,Property,Agriculture,477855,477855,46154,530765,Delhi,North,223,Moderate Rain,House Damage,Branch,53,Female,Pending,21,No,0.9
C1169-N,P94438-Q,Pranay Bhandari,2024-03-12,Agriculture,Vehicle,182280,182280,9318,420777,Mumbai,West,188,Moderate Rain,Crop Loss,Agent,45,Other,Rejected,5,No,0.43
C4556-G,P20823-M,Rati Bhargava,2024-11-28,Vehicle,Health,106443,76281,21922,337090,Pune,West,76,Moderate Rain,House Damage,Mobile App,27,Other,Pending,3,No,0.32
C5162-J,P78119-B,Nayantara Keer,2024-02-18,Agriculture,Agriculture,81344,81344,43316,279708,Ahmedabad,West,72,Flood,Hospitalization,Branch,41,Other,Settled,4,No,0.29
C5492-X,P64026-K,Darshit Subramanian,2024-01-04,Property,Agriculture,416881,416881,37557,572945,Chennai,South,117,Heavy Rain,Crop Loss,Mobile App,33,Female,Pending,14,No,0.73
C9450-Z,P78722-O,Ela Dayal,2024-03-11,Agriculture,Agriculture,121139,121139,40442,418543,Bangalore,South,63,Moderate Rain,Hospitalization,Agent,45,Other,Settled,16,No,0.29
C1461-F,P14989-H,Lagan Agate,2024-08-05,Property,Health,370430,370430,6409,446008,Hyderabad,South,155,Flood,House Damage,Branch,19,Other,Settled,29,No,0.83
C1086-O,P45318-G,Aarna Dyal,2024-08-22,Health,Agriculture,99110,99110,14847,203402,Delhi,North,81,Moderate Rain,Crop Loss,Online,66,Female,Settled,26,No,0.49
C9047-C,P37646-V,Ela Lalla,2024-12-11,Vehicle,Agriculture,62677,45570,40352,281609,Bangalore,South,273,Moderate Rain,Hospitalization,Agent,45,Male,Pending,27,No,0.22
C9229-L,P66512-O,Amani Goda,2024-08-11,Vehicle,Property,44801,44801,42436,306543,Lucknow,North,283,Light Rain,Hospitalization,Mobile App,57,Female,Settled,5,No,0.15
C2875-E,P81162-R,Indrans Bajwa,2024-06-03,Agriculture,Health,252690,252690,26006,436349,Mumbai,West,154,Flood,Road Accident,Branch,61,Other,Settled,11,No,0.58
C1083-Q,P29734-B,Jayant Chaudhry,2024-06-03,Vehicle,Agriculture,57022,57022,14202,333085,Kolkata,East,146,Heavy Rain,Hospitalization,Agent,29,Female,Pending,23,No,0.17
C7275-S,P78569-M,Seher Master,2024-07-21,Vehicle,Vehicle,130532,86277,33252,324307,Ahmedabad,West,95,Moderate Rain,Flood Damage,Agent,64,Male,Settled,9,No,0.4
C8890-T,P74710-C,Rania Jhaveri,2024-01-19,Health,Health,47178,47178,15103,127031,Ahmedabad,West,202,Heavy Rain,Flood Damage,Agent,49,Male,Pending,9,No,0.37
C3966-S,P31454-M,Anahi Krishnamurthy,2024-03-21,Vehicle,Property,126118,68685,18766,359961,Lucknow,North,188,Moderate Rain,Crop Loss,Mobile App,21,Other,Settled,9,No,0.35
C5823-Z,P72659-T,Indrajit Raju,2024-07-13,Vehicle,Agriculture,100944,100944,28978,268844,Mumbai,West,167,Light Rain,Road Accident,Branch,18,Female,Settled,6,No,0.38
C3753-F,P58266-V,Miraya Sarin,2024-12-30,Property,Vehicle,106705,106705,49079,250693,Hyderabad,South,108,Flood,Flood Damage,Agent,55,Male,Pending,24,No,0.43
C6610-Z,P53568-T,Aaryahi Dhingra,2024-05-06,Agriculture,Life,195221,195221,28499,459455,Hyderabad,South,250,Flood,Crop Loss,Agent,26,Female,Settled,14,No,0.42
C3145-D,P81762-H,Chirag Sane,2024-04-26,Property,Life,367919,367919,26467,452356,Delhi,North,82,Moderate Rain,Crop Loss,Mobile App,60,Male,Settled,12,No,0.81
C2394-R,P48377-X,Zeeshan Sathe,2024-01-24,Health,Life,56593,56593,48595,342394,Jaipur,North,152,Flood,Flood Damage,Branch,61,Female,Settled,8,No,0.17
C6271-R,P94476-C,Hazel Deo,2024-04-11,Vehicle,Life,98084,91417,18499,157034,Lucknow,North,251,Flood,House Damage,Online,50,Male,Pending,23,No,0.62
C3892-B,P34359-L,Ryan Divan,2024-02-04,Property,Health,228534,228534,18519,438019,Jaipur,North,255,Heavy Rain,House Damage,Mobile App,65,Other,Settled,26,No,0.52
C4586-N,P55765-J,Sana Behl,2024-07-12,Vehicle,Property,47063,47063,34477,197856,Lucknow,North,151,Heavy Rain,House Damage,Branch,61,Other,Pending,10,No,0.24
C5978-Y,P74263-D,Raunak Jayaraman,2024-04-16,Vehicle,Property,83377,83377,31856,309989,Delhi,North,234,Light Rain,Flood Damage,Branch,23,Other,Settled,15,No,0.27
C3933-W,P68374-O,Himmat Sankar,2024-12-25,Agriculture,Vehicle,100306,100306,41410,380275,Mumbai,West,218,Heavy Rain,House Damage,Agent,62,Other,Rejected,6,No,0.26
C8093-T,P77295-T,Rati Vasa,2024-04-02,Property,Health,288142,288142,39771,371761,Hyderabad,South,58,Light Rain,Flood Damage,Branch,59,Other,Settled,28,No,0.78
C6160-H,P97498-Q,Arhaan Aggarwal,2024-01-19,Property,Property,284406,284406,20139,367165,Pune,West,248,Moderate Rain,Flood Damage,Branch,19,Male,Pending,26,No,0.77
C7041-W,P39096-J,Shamik Dayal,2024-08-25,Agriculture,Health,214990,214990,15915,441918,Mumbai,West,89,Light Rain,Crop Loss,Online,30,Other,Settled,27,No,0.49
C5488-G,P73162-E,Mohanlal Bansal,2024-01-22,Agriculture,Vehicle,72728,72728,46649,263687,Chennai,South,243,Light Rain,Flood Damage,Mobile App,70,Female,Pending,8,No,0.28
C5453-L,P46742-J,Adira Sibal,2024-11-24,Property,Agriculture,454057,454057,35694,526133,Delhi,North,109,Moderate Rain,House Damage,Branch,62,Male,Settled,21,No,0.86
C6565-T,P10021-J,Yuvraj  Sagar,2024-02-06,Property,Vehicle,151412,151412,11676,298628,Hyderabad,South,261,Heavy Rain,Hospitalization,Online,36,Female,Settled,25,No,0.51
C3507-M,P13626-I,Faiyaz Bobal,2024-03-20,Property,Vehicle,272557,152337,31828,382413,Lucknow,North,285,Light Rain,Hospitalization,Online,30,Other,Rejected,24,No,0.71
C9612-X,P14149-V,Hrishita Vora,2024-02-04,Health,Health,63886,61430,45877,158733,Jaipur,North,255,Moderate Rain,Crop Loss,Online,34,Other,Settled,21,No,0.4
C6473-Y,P94273-L,Bhamini Chadha,2024-08-18,Agriculture,Life,112751,112751,10183,408683,Jaipur,North,138,Heavy Rain,House Damage,Online,51,Other,Pending,24,No,0.28
C3420-Y,P24767-T,Purab Chahal,2024-10-22,Property,Agriculture,462857,462857,10913,735059,Pune,West,241,Moderate Rain,Flood Damage,Mobile App,33,Male,Pending,3,No,0.63
C9664-R,P91577-D,Dharmajan Kumer,2024-08-26,Health,Vehicle,143205,143205,13251,441982,Pune,West,93,Light Rain,Hospitalization,Agent,63,Female,Settled,3,No,0.32
C1531-O,P86574-J,Zara Char,2024-02-21,Vehicle,Life,44172,44172,17324,195485,Hyderabad,South,289,Flood,Crop Loss,Mobile App,69,Other,Pending,29,No,0.23
C1366-B,P64943-O,Rohan Sethi,2024-06-15,Property,Vehicle,443049,443049,39710,659021,Ahmedabad,West,279,Moderate Rain,Flood Damage,Online,28,Female,Settled,9,No,0.67
C7066-R,P86829-X,Taran Sahota,2024-06-04,Property,Health,311102,311102,48295,391481,Kolkata,East,197,Light Rain,Road Accident,Mobile App,24,Male,Settled,24,Yes,0.79
C9288-P,P66210-A,Riya Chawla,2024-11-06,Vehicle,Health,102117,102117,15428,158942,Mumbai,West,122,Moderate Rain,Road Accident,Mobile App,70,Male,Pending,24,No,0.64
C8740-M,P38365-A,Taimur Agarwal,2024-06-15,Agriculture,Health,180452,180452,33182,460973,Jaipur,North,286,Moderate Rain,Hospitalization,Agent,49,Male,Settled,27,No,0.39
C4344-O,P85246-O,Alia Raj,2024-04-04,Property,Agriculture,460458,460458,48827,752271,Bangalore,South,148,Moderate Rain,Hospitalization,Mobile App,55,Other,Settled,19,No,0.61
C7257-P,P91219-I,Advik Bora,2024-12-18,Agriculture,Vehicle,90400,90400,33059,186948,Hyderabad,South,146,Light Rain,Flood Damage,Branch,46,Female,Settled,29,No,0.48
C6735-N,P10860-T,Rasha Mangal,2024-10-12,Health,Health,196803,196803,40608,328469,Delhi,North,112,Flood,House Damage,Agent,23,Male,Settled,30,No,0.6
C3811-F,P58731-F,Rasha Soman,2024-04-09,Health,Agriculture,24254,24254,24383,223212,Jaipur,North,142,Light Rain,Road Accident,Branch,49,Male,Settled,9,No,0.11
C5694-F,P77593-E,Shlok Deshmukh,2024-09-02,Health,Health,161659,161659,14188,425388,Hyderabad,South,170,Light Rain,House Damage,Agent,51,Other,Settled,30,No,0.38
C1697-R,P77724-M,Indrans Saraf,2024-12-05,Health,Property,118085,118085,20975,197650,Bangalore,South,136,Heavy Rain,House Damage,Agent,46,Male,Settled,20,No,0.6
C9541-I,P74166-S,Samaira Hegde,2024-04-20,Agriculture,Life,298007,298007,37491,458820,Mumbai,West,100,Flood,Flood Damage,Agent,48,Female,Rejected,14,No,0.65
C8521-P,P27424-L,Aarav Magar,2024-02-07,Vehicle,Property,145894,145894,24424,261584,Lucknow,North,130,Flood,Flood Damage,Agent,43,Female,Settled,19,No,0.56
C6902-V,P89573-Q,Manikya Chahal,2024-10-10,Vehicle,Property,104369,104369,40514,224645,Mumbai,West,254,Moderate Rain,Flood Damage,Branch,43,Female,Settled,4,No,0.46
C6934-E,P32421-W,Divit Warrior,2024-04-30,Property,Health,161640,161640,27286,368005,Chennai,South,156,Light Rain,House Damage,Agent,23,Male,Settled,16,No,0.44
C9408-E,P20951-N,Misha Manda,2024-08-20,Property,Life,253046,253046,18454,319160,Bangalore,South,252,Moderate Rain,Hospitalization,Online,25,Other,Settled,8,No,0.79
C8256-M,P25623-R,Kismat Hayre,2024-10-15,Property,Life,151286,151286,41409,308393,Jaipur,North,203,Flood,Crop Loss,Mobile App,38,Male,Pending,23,No,0.49
C1611-Q,P39249-X,Advika Kothari,2024-06-08,Property,Life,479522,479522,16362,744021,Mumbai,West,229,Moderate Rain,Road Accident,Online,40,Male,Settled,22,No,0.64
C4617-Z,P67764-H,Keya Baral,2024-10-02,Property,Agriculture,437148,437148,5503,666593,Mumbai,West,128,Light Rain,Flood Damage,Online,47,Male,Settled,16,No,0.66
C6696-R,P16867-U,Hiran Keer,2024-10-07,Vehicle,Agriculture,109862,109862,20758,366691,Kolkata,East,272,Moderate Rain,Hospitalization,Online,59,Male,Settled,7,No,0.3
C7472-S,P17733-M,Kiara Chokshi,2024-01-29,Health,Health,113863,113863,40718,249495,Hyderabad,South,54,Light Rain,Road Accident,Mobile App,43,Other,Settled,6,No,0.46
C1158-R,P54868-I,Armaan Trivedi,2024-10-31,Vehicle,Life,147427,147427,45360,289507,Ahmedabad,West,175,Light Rain,Road Accident,Online,67,Other,Settled,26,No,0.51
C3903-I,P71914-D,Mishti Ramachandran,2024-03-11,Health,Health,114755,114755,12203,302915,Chennai,South,196,Light Rain,Road Accident,Branch,36,Other,Pending,6,No,0.38
C2748-N,P92975-H,Indrajit Kaur,2024-12-29,Health,Life,164702,164702,12415,374507,Hyderabad,South,110,Light Rain,Crop Loss,Agent,63,Male,Settled,29,No,0.44
C6193-Z,P93905-E,Dhanush Chad,2024-02-03,Health,Life,118807,118807,7678,317507,Hyderabad,South,268,Moderate Rain,Crop Loss,Mobile App,40,Male,Settled,25,No,0.37
C6750-B,P28129-F,Mehul Bandi,2024-03-19,Agriculture,Health,189613,189613,32026,444317,Kolkata,East,274,Light Rain,Hospitalization,Mobile App,28,Female,Settled,6,No,0.43
C3716-B,P32013-X,Kiara Dutt,2024-08-05,Property,Agriculture,289028,289028,20003,579317,Ahmedabad,West,83,Heavy Rain,Road Accident,Agent,32,Male,Rejected,24,No,0.5
C7886-G,P93962-Y,Nirvi Shan,2024-04-30,Vehicle,Agriculture,60387,60387,44598,357546,Pune,West,104,Moderate Rain,Hospitalization,Mobile App,18,Male,Rejected,19,No,0.17
C5361-X,P98335-G,Yashvi Vyas,2024-12-12,Health,Health,29202,29202,35158,276709,Hyderabad,South,271,Flood,Crop Loss,Mobile App,46,Female,Settled,10,No,0.11
C2084-O,P70525-D,Yakshit Randhawa,2024-06-06,Property,Vehicle,173628,173628,45077,432217,Pune,West,52,Moderate Rain,Crop Loss,Branch,20,Other,Settled,23,No,0.4
C9857-B,P23140-G,Rohan Varma,2024-03-14,Agriculture,Health,51099,51099,37539,190191,Pune,West,100,Light Rain,Flood Damage,Branch,26,Male,Settled,6,No,0.27
C8552-E,P78582-S,Anika Mammen,2024-01-01,Vehicle,Property,42723,42723,31898,111547,Delhi,North,179,Moderate Rain,Flood Damage,Agent,64,Other,Rejected,28,No,0.38
C9700-Z,P30428-S,Lakshit Khatri,2024-11-18,Property,Agriculture,220261,220261,48550,496130,Chennai,South,225,Flood,Crop Loss,Branch,38,Other,Pending,29,No,0.44
C9528-C,P18286-F,Jayesh Chaudhary,2024-01-26,Agriculture,Vehicle,124640,72394,22563,263773,Chennai,South,160,Heavy Rain,Crop Loss,Agent,69,Male,Pending,13,Yes,0.47
C1267-A,P60058-N,Hiran Ram,2024-05-11,Agriculture,Vehicle,110558,110558,46205,280517,Pune,West,51,Moderate Rain,Crop Loss,Online,35,Other,Settled,30,No,0.39
C5089-Q,P88591-Q,Adira Wali,2024-05-19,Health,Vehicle,62705,62705,40871,293901,Chennai,South,136,Moderate Rain,Road Accident,Online,47,Other,Pending,19,No,0.21
C9609-F,P74757-J,Reyansh Lall,2024-06-02,Health,Property,29314,29314,30293,240530,Jaipur,North,130,Flood,Crop Loss,Online,36,Male,Pending,10,No,0.12
C6944-C,P48663-R,Aarav Goel,2024-12-29,Health,Life,70092,70092,43680,121036,Kolkata,East,154,Flood,Flood Damage,Agent,46,Female,Settled,30,Yes,0.58
C3926-C,P69545-Z,Reyansh Uppal,2024-02-03,Health,Life,57078,57078,36415,327801,Hyderabad,South,124,Moderate Rain,House Damage,Branch,31,Male,Settled,21,No,0.17
C1892-S,P61156-X,Anya Dhawan,2024-09-13,Vehicle,Agriculture,117805,117805,43390,221311,Hyderabad,South,208,Moderate Rain,Hospitalization,Online,44,Female,Rejected,25,No,0.53
C9082-A,P38627-H,Urvi Kurian,2024-05-31,Vehicle,Vehicle,53417,53417,46680,290619,Pune,West,243,Light Rain,Road Accident,Branch,36,Male,Settled,18,No,0.18
C6903-A,P42583-B,Farhan Chandran,2024-08-12,Property,Life,148429,148429,45921,233405,Mumbai,West,72,Moderate Rain,Hospitalization,Mobile App,28,Female,Settled,28,No,0.64
C5619-A,P79019-L,Kiaan Sawhney,2024-09-27,Health,Health,175231,175231,13365,374224,Hyderabad,South,78,Heavy Rain,Flood Damage,Online,49,Male,Settled,5,No,0.47
C8514-D,P28442-K,Zaina Arya,2024-07-08,Agriculture,Health,232300,232300,46641,456100,Kolkata,East,219,Flood,Hospitalization,Branch,19,Other,Settled,14,No,0.51
C7731-H,P95150-G,Riaan Zachariah,2024-01-06,Property,Vehicle,372134,220819,20291,471549,Bangalore,South,62,Flood,Hospitalization,Mobile App,22,Male,Settled,25,No,0.79
C3488-U,P34716-E,Tanya Mangat,2024-08-06,Agriculture,Vehicle,225802,225802,19614,418194,Lucknow,North,131,Light Rain,Hospitalization,Branch,34,Female,Settled,26,No,0.54
C1867-N,P50387-R,Manjari Buch,2024-06-26,Agriculture,Life,211322,211322,9956,341629,Chennai,South,78,Heavy Rain,House Damage,Online,59,Female,Settled,5,No,0.62
C9305-S,P64562-Z,Ela Solanki,2024-02-03,Vehicle,Agriculture,63497,63497,29218,353879,Hyderabad,South,125,Flood,Road Accident,Branch,40,Other,Pending,17,No,0.18
C7508-O,P14836-T,Bhamini Gokhale,2024-06-16,Property,Life,408165,408165,12433,569599,Bangalore,South,67,Heavy Rain,Road Accident,Mobile App,61,Other,Settled,10,No,0.72
C8947-H,P46479-U,Shayak Kumer,2024-04-11,Health,Health,21542,21542,28902,102252,Pune,West,269,Heavy Rain,Crop Loss,Mobile App,41,Male,Pending,21,No,0.21
C5618-V,P69076-R,Ivan Shankar,2024-10-22,Vehicle,Agriculture,139208,93968,40229,427016,Lucknow,North,184,Moderate Rain,Hospitalization,Agent,57,Female,Pending,27,No,0.33
C9697-H,P47907-Q,Faiyaz Zachariah,2024-05-22,Agriculture,Health,121781,121781,40764,201091,Mumbai,West,269,Flood,Road Accident,Agent,35,Female,Pending,18,No,0.61
C5940-H,P35796-D,Ahana  Srinivasan,2024-07-03,Vehicle,Health,69931,69931,42372,147786,Kolkata,East,118,Heavy Rain,Road Accident,Mobile App,40,Female,Rejected,29,No,0.47
C1285-G,P33926-H,Navya Bawa,2024-09-22,Agriculture,Life,96091,96091,47242,308561,Pune,West,55,Heavy Rain,Crop Loss,Branch,53,Other,Settled,3,No,0.31
C3978-H,P86456-O,Tarini Dutta,2024-11-21,Vehicle,Vehicle,37658,27376,26369,287619,Delhi,North,242,Moderate Rain,Hospitalization,Agent,29,Male,Pending,4,No,0.13
C3282-Y,P85566-G,Samarth Handa,2024-07-28,Health,Life,173378,173378,19244,399245,Lucknow,North,216,Moderate Rain,House Damage,Agent,29,Other,Pending,4,No,0.43
C2720-Y,P71863-C,Rania Shanker,2024-03-29,Property,Life,230507,230507,43500,404944,Bangalore,South,109,Light Rain,House Damage,Agent,36,Other,Rejected,24,No,0.57
C3719-M,P39024-G,Ehsaan Manda,2024-11-03,Property,Life,154571,126653,5603,333385,Lucknow,North,188,Heavy Rain,Crop Loss,Mobile App,31,Female,Settled,28,No,0.46
C1471-N,P91038-C,Jayan Ahluwalia,2024-08-04,Property,Life,263443,263443,12193,343355,Jaipur,North,266,Moderate Rain,House Damage,Agent,49,Male,Settled,26,No,0.77
C8875-Y,P64573-T,Miraya Krishnan,2024-09-19,Property,Agriculture,497927,497927,13404,687768,Ahmedabad,West,122,Heavy Rain,House Damage,Mobile App,44,Female,Settled,4,No,0.72
C7023-V,P94471-B,Raunak Ram,2024-06-18,Health,Property,35405,35405,17895,333936,Ahmedabad,West,121,Flood,Flood Damage,Online,52,Male,Settled,23,Yes,0.11
C8351-Z,P20334-F,Pranay Gopal,2024-04-01,Property,Property,215812,215812,19234,456399,Jaipur,North,228,Heavy Rain,Hospitalization,Online,43,Other,Pending,12,No,0.47
C1954-J,P64118-M,Sana Manne,2024-01-30,Property,Agriculture,485753,485753,32309,546020,Jaipur,North,254,Flood,Road Accident,Online,49,Male,Settled,12,No,0.89
C1995-F,P98156-Z,Samarth Chahal,2024-10-09,Vehicle,Property,88263,88263,10983,219187,Hyderabad,South,131,Flood,Road Accident,Online,57,Male,Settled,12,No,0.4
C3942-O,P84930-C,Hunar Balakrishnan,2024-10-03,Vehicle,Property,61403,61403,35353,350931,Ahmedabad,West,286,Heavy Rain,Flood Damage,Mobile App,70,Female,Pending,30,Yes,0.17
C5940-J,P64299-D,Advika Chand,2024-10-15,Property,Life,311486,311486,19653,464164,Bangalore,South,174,Light Rain,Flood Damage,Branch,20,Male,Rejected,4,No,0.67
C8944-P,P55330-J,Heer Sangha,2024-06-19,Health,Property,115063,112498,38400,292887,Jaipur,North,141,Moderate Rain,Flood Damage,Branch,26,Other,Pending,19,No,0.39
C7637-S,P28933-E,Samaira Varghese,2024-12-24,Health,Vehicle,192985,97941,25856,332874,Bangalore,South,282,Heavy Rain,Hospitalization,Branch,34,Other,Rejected,23,No,0.58
C7153-H,P98286-R,Yuvaan De,2024-06-05,Vehicle,Property,110780,110780,32967,367830,Kolkata,East,257,Light Rain,Crop Loss,Agent,55,Female,Pending,20,No,0.3
C2919-U,P18662-B,Madhav Aurora,2024-10-19,Property,Health,218755,218755,47395,384072,Hyderabad,South,163,Light Rain,House Damage,Mobile App,44,Male,Pending,11,No,0.57
C7426-P,P85740-V,Neysa Chada,2024-09-27,Property,Life,420820,265674,41409,653253,Ahmedabad,West,164,Moderate Rain,House Damage,Online,60,Other,Rejected,6,No,0.64
C6299-R,P74836-X,Miraan Bains,2024-05-28,Vehicle,Life,125543,125543,49704,379688,Mumbai,West,186,Heavy Rain,Road Accident,Branch,54,Male,Pending,23,No,0.33
C7867-R,P99470-J,Purab Sibal,2024-05-19,Property,Agriculture,440889,348148,5139,649898,Delhi,North,260,Moderate Rain,Flood Damage,Agent,65,Female,Pending,24,No,0.68
C3531-H,P57142-K,Tushar Mane,2024-08-04,Vehicle,Vehicle,86223,86223,49492,213055,Hyderabad,South,161,Light Rain,Flood Damage,Agent,22,Other,Settled,24,No,0.4
C4017-Y,P91482-V,Sahil Rana,2024-12-14,Agriculture,Agriculture,69901,69901,16031,270852,Pune,West,266,Heavy Rain,House Damage,Agent,57,Other,Pending,29,No,0.26
C3593-E,P28926-O,Zaina Wali,2024-07-18,Health,Health,163963,163963,5984,384908,Kolkata,East,162,Heavy Rain,Flood Damage,Online,66,Male,Settled,8,No,0.43
C5773-V,P22048-Y,Dishani Salvi,2024-11-21,Property,Life,262262,262262,9722,444992,Hyderabad,South,299,Flood,Flood Damage,Branch,55,Female,Pending,19,No,0.59
C4480-V,P51371-G,Madhup Bali,2024-03-16,Agriculture,Property,198598,198598,10324,448734,Chennai,South,164,Light Rain,House Damage,Agent,34,Male,Pending,28,No,0.44
C5911-N,P68837-O,Urvi Banik,2024-01-04,Agriculture,Property,167416,167416,41602,230978,Kolkata,East,248,Flood,House Damage,Branch,47,Male,Pending,4,No,0.72
C6044-Q,P78717-H,Drishya Chanda,2024-11-12,Vehicle,Life,87728,87728,47742,149102,Lucknow,North,154,Heavy Rain,Flood Damage,Online,41,Other,Settled,26,No,0.59
C4010-T,P90837-E,Indrajit Kapur,2024-10-23,Property,Agriculture,190333,190333,44193,263596,Hyderabad,South,135,Moderate Rain,Road Accident,Online,27,Female,Settled,15,No,0.72
C2534-Q,P67384-J,Mishti Jain,2024-12-08,Property,Vehicle,482441,482441,34657,632114,Pune,West,142,Heavy Rain,Hospitalization,Online,41,Female,Settled,16,No,0.76
C9081-A,P26390-U,Adira Gandhi,2024-06-29,Property,Property,469642,469642,17111,715609,Jaipur,North,201,Heavy Rain,Flood Damage,Mobile App,25,Male,Rejected,8,No,0.66
C2287-S,P86189-B,Lagan Issac,2024-05-12,Health,Property,148203,148203,38095,249668,Mumbai,West,185,Moderate Rain,Road Accident,Branch,56,Female,Settled,23,No,0.59
C4347-Q,P60867-S,Inaaya  Bawa,2024-08-21,Health,Agriculture,115604,115604,42728,229922,Delhi,North,201,Light Rain,Flood Damage,Mobile App,47,Female,Rejected,8,No,0.5
C6326-J,P72167-Y,Piya Varughese,2024-09-01,Agriculture,Vehicle,238220,238220,39639,389565,Delhi,North,175,Light Rain,Road Accident,Online,56,Female,Pending,19,No,0.61
C7154-H,P67972-D,Vaibhav Raju,2024-07-08,Health,Agriculture,150520,150520,30341,350639,Kolkata,East,267,Moderate Rain,Flood Damage,Agent,69,Other,Rejected,4,No,0.43
C4863-E,P20777-A,Akarsh Lanka,2024-05-13,Agriculture,Vehicle,87933,65820,23001,359800,Hyderabad,South,251,Heavy Rain,Flood Damage,Online,23,Female,Pending,9,No,0.24
C2258-K,P92334-S,Prisha Maharaj,2024-05-03,Property,Agriculture,115037,115037,5907,225447,Chennai,South,212,Light Rain,House Damage,Branch,49,Other,Pending,9,No,0.51
C7935-K,P36315-S,Saanvi Dugar,2024-11-10,Property,Health,362879,362879,12762,421906,Pune,West,198,Moderate Rain,House Damage,Online,43,Female,Pending,25,No,0.86
C7838-E,P42712-T,Vanya Dhillon,2024-06-23,Agriculture,Property,66806,66806,31776,355487,Kolkata,East,300,Heavy Rain,Flood Damage,Agent,47,Other,Pending,9,No,0.19
C4346-W,P81644-S,Jiya Ratti,2024-12-25,Agriculture,Vehicle,76842,76842,44182,234456,Jaipur,North,298,Heavy Rain,Crop Loss,Agent,57,Other,Settled,5,No,0.33
C5599-K,P72047-N,Parinaaz Bawa,2024-03-18,Health,Property,114818,114818,30636,189234,Delhi,North,297,Light Rain,Road Accident,Branch,59,Male,Settled,7,No,0.61
C7629-M,P54995-D,Ishaan Sane,2024-07-14,Agriculture,Life,285567,285567,25488,562917,Jaipur,North,270,Heavy Rain,Hospitalization,Mobile App,21,Female,Rejected,8,No,0.51
C1499-L,P39605-F,Saksham Bhalla,2024-08-21,Property,Vehicle,353805,353805,9208,450548,Lucknow,North,144,Moderate Rain,Flood Damage,Online,25,Female,Settled,19,No,0.79
C6405-F,P77492-V,Samar Deo,2024-05-19,Agriculture,Life,56004,56004,38696,348096,Delhi,North,147,Light Rain,House Damage,Agent,54,Female,Settled,9,No,0.16
C3024-W,P92795-V,Urvi Bawa,2024-10-31,Vehicle,Agriculture,123944,123944,14331,210312,Ahmedabad,West,115,Light Rain,Hospitalization,Online,26,Female,Settled,5,No,0.59
C1794-A,P95690-P,Anahita Kalita,2024-10-01,Property,Property,325593,325593,31009,405217,Lucknow,North,130,Heavy Rain,House Damage,Branch,43,Male,Pending,20,No,0.8
C2436-J,P51266-X,Kabir Dey,2024-05-30,Agriculture,Agriculture,110053,110053,45819,269172,Mumbai,West,135,Heavy Rain,Crop Loss,Branch,35,Male,Settled,25,No,0.41
C1229-N,P32128-U,Raunak Sibal,2024-10-27,Property,Health,152046,152046,39960,288883,Ahmedabad,West,296,Flood,Hospitalization,Agent,62,Female,Settled,9,No,0.53
C9453-A,P70873-D,Hunar Ramakrishnan,2024-12-06,Property,Property,169808,169808,31976,346791,Bangalore,South,131,Flood,House Damage,Mobile App,22,Other,Settled,24,No,0.49
C8397-V,P22313-V,Dishani Chakraborty,2024-08-07,Property,Property,286367,286367,25272,468703,Hyderabad,South,299,Heavy Rain,Crop Loss,Online,39,Other,Settled,14,No,0.61
C5416-R,P60850-O,Ojas Borde,2024-04-19,Health,Life,70177,70177,9947,184787,Pune,West,196,Flood,Flood Damage,Branch,19,Other,Pending,5,No,0.38
C4279-B,P80222-D,Kiaan Dhar,2024-03-12,Agriculture,Vehicle,78583,78583,30167,229405,Hyderabad,South,284,Moderate Rain,House Damage,Branch,21,Male,Rejected,21,Yes,0.34
C2413-X,P69433-T,Shaan Borde,2024-07-08,Property,Life,239704,239704,5703,305363,Ahmedabad,West,187,Flood,Road Accident,Online,23,Other,Pending,19,No,0.78
C6707-F,P50464-C,Nishith Jayaraman,2024-08-11,Agriculture,Agriculture,293972,293972,43009,483133,Jaipur,North,233,Heavy Rain,House Damage,Mobile App,41,Female,Rejected,18,No,0.61
C4982-E,P71790-E,Yasmin Sachdev,2024-03-16,Vehicle,Life,60110,60110,35068,143222,Lucknow,North,233,Flood,Flood Damage,Online,69,Female,Settled,12,No,0.42
C7227-D,P32827-O,Anvi Chahal,2024-10-12,Agriculture,Agriculture,145138,145138,32327,224970,Lucknow,North,55,Heavy Rain,Hospitalization,Agent,27,Male,Pending,26,No,0.65
C3857-U,P80713-T,Vritika Dubey,2024-03-07,Vehicle,Property,132179,132179,9114,337210,Bangalore,South,266,Light Rain,House Damage,Agent,27,Male,Settled,23,No,0.39
C6611-B,P67341-B,Divit Srivastava,2024-12-14,Agriculture,Life,133914,133914,8047,371439,Pune,West,157,Heavy Rain,House Damage,Agent,55,Male,Settled,4,No,0.36
C9241-U,P96263-G,Shamik Bhargava,2024-10-18,Health,Health,185809,185809,39874,297172,Mumbai,West,215,Light Rain,Road Accident,Online,29,Female,Settled,18,No,0.63
C4100-T,P94249-Z,Rasha Sachdev,2024-12-17,Health,Health,97150,97150,42779,312391,Bangalore,South,57,Flood,Hospitalization,Branch,64,Other,Pending,27,No,0.31
C8449-I,P50693-Q,Veer Dave,2024-03-04,Property,Agriculture,115394,115394,8181,199423,Lucknow,North,294,Heavy Rain,House Damage,Agent,40,Other,Settled,15,No,0.58
C4747-O,P63370-Q,Zaina Thakkar,2024-05-25,Vehicle,Vehicle,112473,112473,5602,332187,Bangalore,South,293,Flood,Crop Loss,Branch,23,Female,Settled,9,No,0.34
C2493-B,P10088-K,Ivana Sachar,2024-07-12,Vehicle,Vehicle,115212,115212,30568,258370,Chennai,South,66,Light Rain,House Damage,Branch,48,Male,Settled,3,No,0.45
C6621-H,P74929-M,Ayesha Mandal,2024-10-18,Agriculture,Agriculture,112013,112013,23690,246308,Pune,West,149,Light Rain,House Damage,Branch,21,Female,Rejected,9,No,0.45
C7141-M,P66368-J,Hrishita Vohra,2024-08-02,Property,Health,215334,215334,27903,435754,Delhi,North,168,Flood,Road Accident,Branch,40,Male,Rejected,13,No,0.49
C8156-P,P65568-Y,Vardaniya Mannan,2024-05-10,Vehicle,Agriculture,61125,61125,26197,160896,Bangalore,South,132,Moderate Rain,Hospitalization,Online,20,Other,Settled,6,No,0.38
C5154-S,P27482-V,Mannat Chopra,2024-07-09,Property,Agriculture,153516,153516,40134,358779,Hyderabad,South,51,Flood,Road Accident,Branch,53,Female,Settled,22,No,0.43
C6990-U,P18100-E,Dharmajan Rajagopalan,2024-08-29,Agriculture,Agriculture,116600,116600,35757,297364,Hyderabad,South,195,Heavy Rain,Hospitalization,Agent,44,Male,Settled,11,Yes,0.39
C5455-L,P67860-U,Akarsh Dugal,2024-09-18,Vehicle,Vehicle,66728,66728,11783,164488,Hyderabad,South,261,Moderate Rain,Crop Loss,Agent,47,Female,Settled,7,No,0.41
C8904-B,P11380-Z,Miraya Gera,2024-07-16,Property,Agriculture,115290,115290,32486,169972,Bangalore,South,182,Heavy Rain,Road Accident,Branch,58,Male,Settled,12,No,0.68
C6410-O,P87885-S,Pari Korpal,2024-03-20,Agriculture,Vehicle,161010,86235,35102,332625,Ahmedabad,West,246,Light Rain,Crop Loss,Mobile App,44,Other,Settled,26,No,0.48
C3516-Y,P25440-U,Kismat Kulkarni,2024-10-23,Agriculture,Life,153972,153972,17306,430490,Lucknow,North,196,Flood,Road Accident,Online,58,Female,Settled,21,No,0.36
C7255-N,P22494-K,Ivan Sibal,2024-10-10,Vehicle,Agriculture,133352,133352,26660,228200,Chennai,South,214,Moderate Rain,House Damage,Agent,56,Other,Settled,22,Yes,0.58
C1912-X,P20082-H,Oorja Bawa,2024-09-09,Agriculture,Life,236575,236575,17635,393975,Pune,West,264,Moderate Rain,Crop Loss,Branch,55,Female,Pending,6,No,0.6
C8892-D,P17703-Q,Lakshit Shukla,2024-03-19,Vehicle,Property,84601,84601,32383,363720,Mumbai,West,136,Heavy Rain,Flood Damage,Mobile App,60,Male,Settled,24,No,0.23
C7745-B,P99819-D,Raghav Khalsa,2024-07-08,Vehicle,Vehicle,116502,116502,22278,266916,Jaipur,North,132,Moderate Rain,Road Accident,Mobile App,47,Other,Settled,25,No,0.44
C1236-S,P92518-H,Miraan Basak,2024-06-15,Property,Life,275123,275123,14458,348971,Delhi,North,253,Heavy Rain,Road Accident,Branch,49,Male,Pending,6,No,0.79
C2942-X,P66480-G,Neelofar Malhotra,2024-11-08,Health,Property,187845,187845,47625,452023,Bangalore,South,172,Moderate Rain,Flood Damage,Branch,69,Male,Pending,3,No,0.42
C5569-U,P94829-A,Faiyaz Shroff,2024-02-18,Property,Life,229813,229813,27939,286029,Kolkata,East,151,Flood,Road Accident,Mobile App,41,Female,Pending,12,No,0.8
C3710-X,P80468-Q,Rhea Dar,2024-10-16,Agriculture,Life,161674,161674,41110,419406,Ahmedabad,West,99,Flood,Hospitalization,Agent,33,Male,Settled,4,No,0.39
C9128-N,P94287-G,Riya Dash,2024-12-02,Property,Agriculture,350089,350089,23062,552894,Mumbai,West,206,Flood,Road Accident,Branch,30,Male,Settled,10,No,0.63
C9447-J,P21736-C,Shanaya Gandhi,2024-07-11,Vehicle,Vehicle,72156,72156,18016,359913,Chennai,South,275,Heavy Rain,Flood Damage,Branch,21,Male,Settled,27,No,0.2
C3466-O,P79692-Y,Bhavin Sarraf,2024-10-10,Property,Agriculture,115744,115744,26564,382160,Hyderabad,South,223,Flood,Crop Loss,Agent,56,Male,Settled,13,No,0.3
C2943-R,P75189-C,Badal Gola,2024-06-25,Agriculture,Life,180954,180954,49800,356665,Lucknow,North,104,Heavy Rain,Hospitalization,Mobile App,57,Female,Settled,17,No,0.51
C5014-F,P90705-K,Veer Dash,2024-09-06,Agriculture,Life,139052,106449,30473,348922,Pune,West,208,Heavy Rain,Crop Loss,Online,69,Male,Settled,18,No,0.4
C8156-H,P91014-R,Dishani Gupta,2024-02-18,Agriculture,Life,96444,96444,26111,248377,Ahmedabad,West,161,Heavy Rain,Hospitalization,Online,55,Female,Settled,15,No,0.39
C8573-H,P10833-W,Eva Mall,2024-08-11,Property,Agriculture,139969,139969,37981,326873,Bangalore,South,70,Flood,Road Accident,Online,40,Female,Settled,26,No,0.43
C4960-L,P54168-W,Pihu Koshy,2024-08-06,Health,Vehicle,185459,185459,19825,313952,Mumbai,West,86,Light Rain,Crop Loss,Online,37,Other,Pending,14,Yes,0.59
C8377-V,P79614-D,Adira Garde,2024-10-14,Property,Property,389092,389092,24473,624113,Lucknow,North,154,Moderate Rain,Flood Damage,Agent,23,Female,Settled,16,No,0.62
C5822-O,P18036-R,Zoya Bora,2024-09-27,Vehicle,Vehicle,144088,144088,42512,225029,Hyderabad,South,196,Light Rain,Flood Damage,Online,22,Male,Settled,20,No,0.64
C4633-P,P66395-Y,Uthkarsh Ravi,2024-12-20,Vehicle,Agriculture,38492,38492,21207,105244,Pune,West,52,Moderate Rain,House Damage,Online,31,Male,Settled,26,No,0.37
C9642-T,P16613-J,Tushar Bhasin,2024-07-15,Property,Property,153774,153774,45198,241677,Bangalore,South,241,Moderate Rain,Hospitalization,Online,35,Other,Settled,5,No,0.64
C6134-K,P76023-T,Amira Sekhon,2024-04-04,Property,Life,205482,205482,13875,324706,Lucknow,North,147,Moderate Rain,Hospitalization,Agent,41,Male,Pending,28,No,0.63
C2828-L,P92298-M,Advik Kannan,2024-12-11,Property,Life,191814,184700,19393,434075,Mumbai,West,251,Heavy Rain,Crop Loss,Agent,63,Female,Settled,14,No,0.44
C1840-H,P47091-Y,Krish Manne,2024-03-18,Property,Agriculture,238345,238345,30908,333160,Pune,West,111,Light Rain,House Damage,Branch,28,Other,Settled,5,No,0.72
C5606-P,P33897-L,Nishith Manda,2024-03-21,Agriculture,Property,291651,291651,48694,533209,Hyderabad,South,152,Light Rain,House Damage,Agent,59,Female,Pending,19,No,0.55
C5156-I,P67963-Z,Azad Rout,2024-08-03,Property,Property,285812,285812,48469,574756,Mumbai,West,59,Moderate Rain,Road Accident,Online,27,Male,Pending,5,No,0.5
C9092-T,P27779-F,Ritvik Contractor,2024-03-27,Vehicle,Vehicle,99713,99713,7175,196572,Jaipur,North,59,Heavy Rain,House Damage,Mobile App,35,Female,Pending,3,No,0.51
C8441-U,P91101-Z,Jivika Apte,2024-01-05,Health,Life,132444,132444,41498,208204,Chennai,South,82,Heavy Rain,Road Accident,Online,55,Female,Pending,17,No,0.64
C9129-U,P90765-I,Samarth Taneja,2024-03-13,Health,Agriculture,45126,45126,16871,229401,Ahmedabad,West,141,Flood,Crop Loss,Mobile App,58,Male,Settled,3,No,0.2
C1409-Y,P65852-O,Aarav Chakraborty,2024-08-05,Agriculture,Life,240293,240293,27680,506807,Pune,West,130,Light Rain,Road Accident,Branch,66,Other,Settled,12,No,0.47
C5586-D,P84637-J,Azad Butala,2024-02-20,Health,Vehicle,145678,145678,41793,379000,Pune,West,89,Moderate Rain,Flood Damage,Mobile App,18,Female,Settled,27,No,0.38
C2397-Y,P88476-W,Vihaan Chaudhari,2024-07-15,Property,Health,100927,100927,16909,360046,Bangalore,South,188,Light Rain,House Damage,Mobile App,54,Female,Pending,15,No,0.28
C4270-D,P27316-E,Fateh Hora,2024-02-29,Health,Life,186251,186251,19585,283491,Lucknow,North,203,Moderate Rain,Hospitalization,Online,28,Female,Pending,12,No,0.66
C2604-E,P74027-J,Riaan Dass,2024-08-12,Vehicle,Vehicle,40869,33047,33143,320034,Chennai,South,119,Heavy Rain,Road Accident,Branch,38,Female,Settled,29,No,0.13
C9118-D,P57317-U,Ahana  Doctor,2024-02-16,Vehicle,Property,131992,131992,29870,206642,Lucknow,North,179,Heavy Rain,House Damage,Agent,27,Other,Pending,14,No,0.64
C9089-A,P78217-Q,Neelofar Mall,2024-02-23,Property,Agriculture,469536,469536,20199,710949,Ahmedabad,West,60,Flood,Crop Loss,Online,36,Other,Rejected,14,No,0.66
C5750-V,P70371-X,Jayant Venkatesh,2024-08-13,Agriculture,Property,190059,166780,29811,245392,Pune,West,275,Light Rain,Road Accident,Agent,67,Male,Settled,18,No,0.77
C8828-A,P69499-B,Vardaniya Agarwal,2024-04-25,Property,Vehicle,421297,421297,36806,626935,Delhi,North,281,Heavy Rain,Hospitalization,Agent,31,Female,Settled,11,No,0.67
C9198-T,P99610-E,Piya Lala,2024-05-22,Vehicle,Health,65307,65307,38874,142042,Hyderabad,South,209,Flood,Flood Damage,Online,65,Other,Settled,8,No,0.46
C9686-G,P49406-T,Misha Ganesan,2024-09-20,Agriculture,Vehicle,203022,203022,42563,475088,Delhi,North,131,Heavy Rain,Road Accident,Agent,57,Male,Pending,16,No,0.43
C3237-M,P31831-K,Emir Agate,2024-04-22,Agriculture,Vehicle,100440,81660,19120,155734,Ahmedabad,West,117,Heavy Rain,Road Accident,Branch,69,Female,Pending,13,No,0.64
C6890-O,P39491-V,Jayan Bhagat,2024-02-19,Agriculture,Agriculture,145890,145890,48708,271335,Bangalore,South,272,Moderate Rain,Hospitalization,Mobile App,53,Other,Pending,7,Yes,0.54
C3418-A,P57231-Z,Miraya Hegde,2024-02-08,Vehicle,Agriculture,92087,92087,28371,149324,Hyderabad,South,131,Moderate Rain,Crop Loss,Mobile App,62,Male,Settled,22,No,0.62
C8152-W,P64698-W,Siya Krishnan,2024-02-04,Vehicle,Life,95294,95294,20063,384852,Bangalore,South,237,Heavy Rain,Hospitalization,Mobile App,54,Male,Settled,25,No,0.25
C7001-D,P63690-T,Yasmin Kala,2024-10-17,Property,Health,124972,124972,44301,360398,Kolkata,East,270,Light Rain,Road Accident,Branch,57,Other,Settled,6,No,0.35
C1238-V,P81961-B,Lakshit Sekhon,2024-08-31,Agriculture,Property,132743,132743,27903,269641,Kolkata,East,156,Heavy Rain,Road Accident,Mobile App,54,Female,Settled,4,No,0.49
C8480-M,P31230-G,Vidur Barad,2024-05-31,Vehicle,Life,87644,87644,48487,345200,Ahmedabad,West,58,Light Rain,House Damage,Online,54,Other,Settled,12,No,0.25
C7782-A,P43845-G,Anya Bora,2024-10-09,Vehicle,Vehicle,73440,73440,5991,218082,Kolkata,East,224,Moderate Rain,House Damage,Agent,40,Male,Settled,29,No,0.34
C7250-O,P21880-G,Uthkarsh Rao,2024-05-13,Health,Vehicle,175269,159150,47356,260584,Chennai,South,146,Flood,Road Accident,Online,26,Female,Settled,10,No,0.67
C2605-O,P69999-B,Aarush Tandon,2024-06-09,Property,Health,104718,104718,36515,190779,Pune,West,69,Light Rain,Crop Loss,Agent,42,Other,Settled,5,No,0.55
C2704-C,P19881-I,Vihaan Sarraf,2024-06-20,Health,Vehicle,107686,107686,32791,286717,Mumbai,West,148,Heavy Rain,Road Accident,Agent,45,Other,Settled,30,No,0.38
C5013-L,P63379-Y,Amani Dar,2024-01-09,Vehicle,Health,42093,42093,44818,340615,Ahmedabad,West,67,Heavy Rain,Flood Damage,Mobile App,30,Male,Settled,3,No,0.12
C6522-W,P46162-Q,Madhup Dayal,2024-01-31,Agriculture,Life,228497,216007,40284,389027,Mumbai,West,298,Moderate Rain,Hospitalization,Agent,51,Other,Pending,13,No,0.59
C1211-M,P69861-Q,Madhup Tella,2024-09-26,Agriculture,Vehicle,101827,101827,30906,263525,Bangalore,South,255,Moderate Rain,Crop Loss,Mobile App,22,Other,Rejected,29,No,0.39
C4357-C,P24090-P,Uthkarsh Buch,2024-11-24,Property,Vehicle,341275,341275,15890,580664,Ahmedabad,West,174,Light Rain,Road Accident,Branch,41,Other,Rejected,10,No,0.59
C7796-M,P31565-D,Manjari Konda,2024-02-01,Vehicle,Vehicle,124549,124549,42634,255429,Delhi,North,288,Flood,House Damage,Agent,52,Female,Settled,10,No,0.49
C9779-R,P48133-U,Jhanvi Venkataraman,2024-06-06,Health,Vehicle,126786,126786,39172,406701,Kolkata,East,218,Light Rain,Crop Loss,Mobile App,49,Female,Settled,30,No,0.31
C6415-S,P63444-V,Shamik Rama,2024-04-24,Property,Agriculture,447424,447424,44273,518907,Kolkata,East,213,Heavy Rain,Flood Damage,Agent,27,Other,Settled,12,No,0.86
C9218-D,P80811-Y,Yuvraj  Gole,2024-09-12,Agriculture,Life,214379,214379,13102,416775,Lucknow,North,186,Light Rain,Road Accident,Online,64,Male,Settled,15,Yes,0.51
C2367-H,P57620-A,Ishita Rajagopal,2024-11-10,Agriculture,Property,262592,262592,12805,467785,Pune,West,149,Heavy Rain,House Damage,Agent,24,Other,Settled,4,No,0.56
C5329-Z,P97211-R,Dhruv Hayer,2024-08-16,Agriculture,Property,152110,152110,28239,410699,Ahmedabad,West,259,Heavy Rain,Crop Loss,Branch,65,Other,Settled,26,No,0.37
C7792-V,P22948-Z,Samiha Kar,2024-02-06,Health,Life,169347,169347,32178,229086,Jaipur,North,249,Heavy Rain,Hospitalization,Online,20,Female,Pending,10,No,0.74
C6110-E,P44767-A,Jayan Sharaf,2024-01-29,Health,Health,163238,163238,27356,312130,Lucknow,North,145,Light Rain,House Damage,Branch,21,Female,Settled,16,No,0.52
C1986-Z,P51341-T,Nitara Dada,2024-09-28,Vehicle,Vehicle,126959,126959,15756,355834,Delhi,North,144,Heavy Rain,Flood Damage,Mobile App,64,Other,Settled,20,No,0.36
C1563-Y,P23579-F,Oorja Chandra,2024-11-11,Agriculture,Property,166196,121144,34995,305637,Chennai,South,298,Flood,Hospitalization,Mobile App,32,Other,Settled,29,No,0.54
C6423-J,P83334-Z,Biju Lad,2024-09-04,Property,Property,498217,306705,35252,689184,Delhi,North,212,Moderate Rain,Crop Loss,Online,58,Other,Settled,12,No,0.72
C4705-P,P33886-G,Navya Sathe,2024-10-03,Property,Life,265599,188544,10388,382999,Delhi,North,234,Light Rain,Crop Loss,Mobile App,35,Female,Settled,29,No,0.69
C2727-P,P35936-L,Samar Subramaniam,2024-12-01,Agriculture,Property,164810,164810,46740,391661,Jaipur,North,96,Heavy Rain,House Damage,Online,29,Other,Pending,8,No,0.42
C1655-B,P96663-K,Hunar Sandhu,2024-09-05,Vehicle,Property,142753,142753,38442,313780,Mumbai,West,124,Heavy Rain,House Damage,Agent,19,Other,Settled,6,Yes,0.45
C9648-E,P67323-S,Riya Manne,2024-10-29,Agriculture,Agriculture,225174,225174,5894,461818,Delhi,North,288,Heavy Rain,Flood Damage,Online,42,Other,Pending,30,No,0.49
C3704-P,P31111-S,Sumer Rau,2024-06-03,Vehicle,Health,75284,75284,48331,178987,Ahmedabad,West,146,Flood,Hospitalization,Online,34,Other,Settled,24,No,0.42
C4812-Y,P21153-B,Kimaya Tiwari,2024-03-22,Property,Vehicle,285958,285958,45076,383005,Delhi,North,103,Heavy Rain,Hospitalization,Mobile App,33,Other,Settled,14,No,0.75
C9593-V,P72884-H,Kashvi Kar,2024-02-09,Health,Vehicle,187438,187438,25714,321918,Pune,West,69,Flood,Hospitalization,Mobile App,68,Other,Settled,26,No,0.58
C1411-D,P44545-M,Rati Raman,2024-07-07,Agriculture,Agriculture,282577,282577,48936,391849,Lucknow,North,66,Flood,Hospitalization,Agent,34,Female,Settled,10,Yes,0.72
C5535-T,P86482-I,Devansh Chacko,2024-02-29,Agriculture,Health,194368,194368,5243,410098,Mumbai,West,283,Flood,Hospitalization,Branch,68,Male,Settled,17,No,0.47
C8744-R,P55195-L,Ehsaan Iyer,2024-01-18,Health,Property,163776,163776,11802,229973,Lucknow,North,252,Flood,Road Accident,Agent,31,Female,Settled,21,No,0.71
C7612-C,P63787-Q,Aaryahi Tella,2024-01-02,Property,Agriculture,275472,275472,12906,331452,Bangalore,South,280,Moderate Rain,Hospitalization,Branch,39,Male,Settled,4,No,0.83
C7356-N,P76074-A,Adah Venkataraman,2024-08-02,Agriculture,Property,81379,81379,27976,338480,Lucknow,North,191,Heavy Rain,Flood Damage,Agent,65,Female,Rejected,8,No,0.24
C3528-Y,P63095-Z,Drishya Sem,2024-12-10,Agriculture,Health,281778,281778,23912,352507,Delhi,North,270,Flood,Flood Damage,Agent,67,Male,Settled,14,No,0.8
C3065-I,P80144-H,Anay Chand,2024-04-22,Health,Health,55557,55557,37499,302611,Jaipur,North,170,Heavy Rain,Crop Loss,Online,40,Male,Settled,3,No,0.18
C7141-O,P86088-G,Kabir Chakrabarti,2024-07-30,Property,Vehicle,453904,453904,38875,695818,Ahmedabad,West,264,Heavy Rain,Hospitalization,Mobile App,19,Male,Rejected,12,No,0.65
C1921-P,P56241-O,Emir Dyal,2024-03-05,Agriculture,Life,238506,238506,30568,457034,Jaipur,North,294,Moderate Rain,Hospitalization,Mobile App,45,Male,Pending,21,No,0.52
C6715-N,P65291-Z,Saksham Bava,2024-09-23,Property,Agriculture,148266,148266,47641,407400,Delhi,North,230,Heavy Rain,Crop Loss,Mobile App,51,Male,Settled,13,No,0.36
C6881-N,P83637-A,Darshit Date,2024-09-17,Property,Agriculture,262933,262933,28738,395175,Delhi,North,233,Moderate Rain,Hospitalization,Agent,19,Female,Pending,20,No,0.67
C4025-D,P35561-U,Dishani Bhardwaj,2024-04-11,Agriculture,Property,276011,276011,14309,369399,Mumbai,West,166,Light Rain,Crop Loss,Agent,29,Female,Rejected,3,Yes,0.75
C1833-B,P25636-M,Mannat Devi,2024-05-02,Property,Health,103709,103709,6356,172355,Bangalore,South,299,Heavy Rain,Crop Loss,Online,28,Other,Settled,29,No,0.6
C9242-Z,P36385-T,Prerak Goyal,2024-12-22,Vehicle,Health,33696,33696,33911,300523,Pune,West,192,Heavy Rain,Hospitalization,Online,56,Male,Rejected,22,No,0.11
C8760-V,P32907-D,Mohanlal Batra,2024-11-10,Agriculture,Life,76490,76490,16660,138973,Delhi,North,54,Moderate Rain,Road Accident,Online,69,Other,Pending,28,No,0.55
C9403-U,P26209-G,Lakshay Ahluwalia,2024-09-26,Agriculture,Health,111102,111102,38992,193836,Pune,West,93,Heavy Rain,Flood Damage,Mobile App,21,Male,Pending,30,No,0.57
C1109-Z,P39409-P,Hrishita Sule,2024-04-02,Health,Property,136652,133846,40932,337037,Chennai,South,245,Flood,Hospitalization,Mobile App,69,Other,Settled,11,No,0.41
C3709-U,P93941-R,Kimaya Hayre,2024-03-07,Health,Property,165316,165316,40822,247151,Lucknow,North,84,Light Rain,Road Accident,Mobile App,59,Female,Settled,3,No,0.67
C6345-Z,P20785-G,Nirvi Krishnamurthy,2024-06-05,Agriculture,Agriculture,146930,146930,18978,394873,Pune,West,194,Light Rain,Road Accident,Mobile App,45,Other,Settled,14,No,0.37
C5236-H,P95349-F,Kartik Som,2024-05-25,Health,Agriculture,35641,35641,10369,310964,Kolkata,East,53,Light Rain,House Damage,Mobile App,42,Other,Pending,6,No,0.11
C3550-L,P48562-T,Romil Virk,2024-03-07,Agriculture,Vehicle,154051,98583,14501,451094,Pune,West,79,Moderate Rain,Crop Loss,Mobile App,51,Male,Settled,26,No,0.34
C2594-Z,P21956-A,Ishita Wadhwa,2024-11-11,Health,Agriculture,89418,58803,45012,186247,Mumbai,West,238,Light Rain,Flood Damage,Online,49,Female,Pending,23,Yes,0.48
C3221-D,P32945-S,Chirag Dua,2024-09-01,Vehicle,Agriculture,143394,143394,19001,334893,Pune,West,232,Light Rain,Flood Damage,Agent,39,Other,Pending,6,Yes,0.43
C7505-X,P53164-V,Bhamini Bhardwaj,2024-04-24,Property,Life,436089,436089,18658,694729,Kolkata,East,206,Light Rain,Hospitalization,Agent,37,Female,Pending,28,No,0.63
C5980-O,P96711-O,Ritvik Bhatt,2024-01-07,Health,Life,183690,183690,19014,330604,Pune,West,130,Moderate Rain,Crop Loss,Mobile App,25,Male,Settled,30,No,0.56
C6081-E,P40853-W,Suhana Buch,2024-11-22,Vehicle,Health,85624,85248,31937,177093,Hyderabad,South,239,Moderate Rain,Crop Loss,Mobile App,62,Male,Rejected,20,No,0.48
C8368-E,P34423-B,Eshani Jayaraman,2024-12-21,Health,Property,167210,167210,43807,418264,Bangalore,South,267,Flood,House Damage,Branch,22,Other,Pending,30,No,0.4
C1321-C,P17755-O,Kimaya Dara,2024-05-20,Agriculture,Life,276753,276753,35348,513761,Bangalore,South,222,Flood,Crop Loss,Branch,51,Other,Pending,27,No,0.54
C6996-C,P68233-G,Madhav Devan,2024-07-05,Property,Property,387379,339912,29966,456279,Pune,West,112,Light Rain,Hospitalization,Branch,56,Other,Pending,19,No,0.85
C5894-Y,P42664-T,Pihu Din,2024-10-26,Property,Property,390708,390708,15020,578234,Bangalore,South,107,Moderate Rain,Hospitalization,Branch,57,Female,Pending,14,No,0.68
C1183-I,P58034-L,Aarush Karpe,2024-10-26,Health,Agriculture,135381,135381,29179,395260,Bangalore,South,136,Heavy Rain,Flood Damage,Branch,54,Other,Settled,3,No,0.34
C2530-B,P31255-R,Keya Chandra,2024-03-17,Agriculture,Health,108004,108004,44498,397149,Mumbai,West,52,Flood,House Damage,Online,42,Male,Settled,29,No,0.27
C9359-D,P75553-I,Priyansh Rama,2024-06-17,Agriculture,Vehicle,92870,92870,40154,234220,Bangalore,South,275,Flood,Flood Damage,Branch,55,Other,Settled,8,No,0.4
C2450-W,P98125-G,Neelofar Shanker,2024-02-29,Vehicle,Life,114024,114024,42192,400107,Bangalore,South,93,Flood,House Damage,Branch,35,Male,Pending,16,No,0.28
C2062-X,P20746-Y,Ishaan Choudhary,2024-06-23,Agriculture,Health,156306,156306,7349,266389,Pune,West,68,Moderate Rain,Crop Loss,Branch,62,Female,Pending,12,No,0.59
C5274-V,P75097-C,Heer Date,2024-10-10,Vehicle,Health,100615,100615,42755,224647,Pune,West,129,Heavy Rain,Crop Loss,Mobile App,56,Other,Settled,4,No,0.45
C5848-W,P15200-M,Neysa Kohli,2024-12-06,Property,Life,444890,444890,46386,610703,Delhi,North,227,Heavy Rain,House Damage,Branch,42,Female,Settled,8,No,0.73
C5224-Z,P78009-I,Nitya Jha,2024-05-11,Agriculture,Vehicle,282783,193711,28761,500046,Mumbai,West,54,Light Rain,Road Accident,Online,44,Other,Pending,24,No,0.57
C9999-X,P64235-W,Nakul Sankaran,2024-07-07,Agriculture,Property,68369,68369,12154,208235,Lucknow,North,245,Flood,Hospitalization,Online,25,Male,Pending,28,No,0.33
C5281-Y,P60383-F,Taran Sule,2024-03-26,Health,Property,118762,65669,9987,202002,Chennai,South,122,Flood,Flood Damage,Online,28,Female,Settled,21,Yes,0.59
C2902-H,P92417-I,Eva Kapoor,2024-02-12,Agriculture,Health,198846,198846,22520,478354,Kolkata,East,103,Light Rain,Hospitalization,Branch,37,Male,Pending,9,No,0.42
C2184-W,P93400-V,Prisha Samra,2024-07-02,Property,Vehicle,187837,187837,5444,444950,Mumbai,West,96,Flood,House Damage,Online,64,Other,Settled,29,No,0.42
C6410-O,P57837-G,Aayush Deshmukh,2024-12-21,Agriculture,Life,268759,147013,40706,468055,Hyderabad,South,280,Moderate Rain,Flood Damage,Agent,53,Female,Settled,24,No,0.57
C9729-P,P32311-V,Saksham Chaudhari,2024-11-10,Vehicle,Health,133741,133741,33385,352302,Lucknow,North,214,Flood,Hospitalization,Mobile App,48,Male,Settled,20,No,0.38
C6513-S,P71449-Y,Charvi Batra,2024-07-10,Health,Life,101949,101949,28922,195860,Jaipur,North,285,Flood,Flood Damage,Mobile App,68,Female,Settled,14,No,0.52
C5712-D,P76544-F,Reyansh Yadav,2024-04-08,Property,Property,176109,169967,46773,280624,Lucknow,North,232,Flood,House Damage,Branch,68,Female,Settled,9,No,0.63
C4679-M,P72745-R,Priyansh Rege,2024-07-07,Property,Property,336261,336261,9862,532480,Lucknow,North,162,Light Rain,Crop Loss,Branch,45,Male,Settled,9,No,0.63
C2713-X,P30678-L,Vardaniya Sawhney,2024-11-15,Health,Health,141250,141250,33163,391157,Mumbai,West,135,Flood,Hospitalization,Mobile App,44,Male,Settled,8,No,0.36
C3835-T,P32841-W,Tarini Lanka,2024-10-06,Agriculture,Vehicle,216090,216090,18788,304544,Chennai,South,255,Heavy Rain,Flood Damage,Branch,68,Male,Pending,19,No,0.71
C7291-R,P97395-U,Riya Tata,2024-09-30,Health,Life,168959,168959,35937,303225,Kolkata,East,146,Flood,Hospitalization,Mobile App,61,Other,Rejected,13,No,0.56
C6499-M,P83259-E,Vardaniya Singhal,2024-07-03,Vehicle,Property,45452,45452,27325,263086,Bangalore,South,176,Light Rain,Hospitalization,Branch,40,Other,Settled,8,No,0.17
C4368-Q,P35489-W,Suhana Goel,2024-04-17,Health,Vehicle,94523,94523,27025,273827,Mumbai,West,272,Heavy Rain,Crop Loss,Mobile App,35,Male,Pending,11,No,0.35
C7103-K,P71304-C,Vardaniya Choudhury,2024-10-08,Property,Agriculture,344667,344667,27052,642738,Kolkata,East,260,Flood,House Damage,Online,57,Male,Settled,3,No,0.54
C6194-G,P62519-T,Kiara Bhardwaj,2024-10-13,Property,Property,235580,235580,18462,483583,Delhi,North,196,Flood,Flood Damage,Online,45,Female,Pending,4,No,0.49
C2530-U,P58517-H,Renee Dass,2024-11-12,Vehicle,Life,72337,72337,22703,265360,Chennai,South,193,Moderate Rain,Hospitalization,Branch,57,Other,Settled,12,No,0.27
C9099-L,P85553-I,Drishya Kuruvilla,2024-04-07,Agriculture,Agriculture,216062,216062,12524,443431,Mumbai,West,152,Moderate Rain,Hospitalization,Branch,44,Female,Settled,22,No,0.49
C3667-K,P80139-P,Shamik Boase,2024-04-12,Property,Life,181039,181039,48794,266488,Mumbai,West,195,Flood,Crop Loss,Online,64,Female,Rejected,8,No,0.68
C6071-E,P81291-G,Kimaya Lad,2024-06-05,Agriculture,Property,177023,177023,28899,363949,Hyderabad,South,224,Flood,Flood Damage,Online,52,Female,Pending,9,No,0.49
C3097-C,P29728-L,Manikya Mallick,2024-07-30,Agriculture,Agriculture,177292,177292,38050,276686,Chennai,South,109,Heavy Rain,Road Accident,Mobile App,67,Male,Pending,6,No,0.64
C5834-O,P60541-K,Zeeshan Raman,2024-06-11,Property,Health,294514,294514,21792,564725,Lucknow,North,217,Light Rain,Road Accident,Agent,41,Male,Rejected,22,No,0.52
C8812-H,P86868-B,Krish Acharya,2024-10-07,Vehicle,Life,122643,122643,11734,388991,Delhi,North,286,Heavy Rain,House Damage,Mobile App,42,Male,Pending,21,No,0.32
C6405-Y,P66177-S,Jayan Tailor,2024-02-25,Health,Agriculture,91194,91194,25655,388869,Chennai,South,277,Moderate Rain,Flood Damage,Online,58,Male,Pending,22,No,0.23
C4408-Y,P53904-S,Keya Kala,2024-03-29,Property,Agriculture,363457,363457,24300,467375,Hyderabad,South,176,Heavy Rain,Hospitalization,Online,29,Other,Settled,9,No,0.78
C3366-L,P78553-P,Kabir Dasgupta,2024-12-07,Health,Property,101070,101070,29893,359937,Jaipur,North,94,Heavy Rain,Road Accident,Mobile App,32,Female,Settled,28,No,0.28
C8845-W,P25814-B,Samar Mander,2024-08-29,Agriculture,Life,272586,272586,49046,557053,Delhi,North,298,Flood,Crop Loss,Online,46,Other,Rejected,26,No,0.49
C1005-G,P60695-C,Lavanya Master,2024-04-30,Property,Agriculture,340372,340372,44717,550898,Bangalore,South,131,Flood,Flood Damage,Agent,42,Female,Settled,12,No,0.62
C9976-R,P96300-O,Pari Korpal,2024-08-13,Vehicle,Health,93081,93081,47456,389217,Mumbai,West,253,Moderate Rain,House Damage,Agent,34,Male,Rejected,17,No,0.24
C9953-G,P10476-B,Azad Tailor,2024-04-01,Property,Vehicle,264456,264456,32589,488706,Jaipur,North,155,Light Rain,Hospitalization,Online,67,Female,Settled,8,No,0.54
C3797-D,P11558-A,Samarth Rege,2024-07-12,Health,Health,106213,106213,20182,392438,Kolkata,East,264,Light Rain,Flood Damage,Agent,41,Female,Settled,10,No,0.27
C1758-I,P22340-H,Indrans Dayal,2024-12-10,Vehicle,Property,46033,46033,49128,326795,Kolkata,East,264,Flood,Hospitalization,Agent,35,Female,Settled,25,No,0.14
C8082-G,P10979-I,Ishita Raj,2024-11-26,Vehicle,Property,101422,101422,19941,333626,Lucknow,North,105,Heavy Rain,Hospitalization,Mobile App,59,Female,Settled,23,No,0.3
C8119-C,P71485-N,Kiara Malhotra,2024-01-15,Health,Health,199374,120478,35456,256026,Mumbai,West,234,Flood,Road Accident,Mobile App,53,Other,Settled,3,No,0.78
C5536-Q,P79321-K,Myra Venkatesh,2024-11-13,Agriculture,Vehicle,155407,155407,22236,445637,Chennai,South,121,Moderate Rain,Crop Loss,Agent,34,Other,Pending,17,No,0.35
C9407-U,P19952-S,Nirvi Kapadia,2024-12-24,Health,Agriculture,115761,115761,5499,177028,Pune,West,86,Flood,Flood Damage,Mobile App,33,Male,Pending,10,No,0.65
C9455-F,P84299-L,Eva Thaman,2024-08-07,Agriculture,Agriculture,257446,257446,9777,529803,Lucknow,North,273,Moderate Rain,Crop Loss,Mobile App,33,Female,Settled,15,No,0.49
C6216-Z,P21585-T,Ryan Aurora,2024-09-20,Vehicle,Vehicle,145037,145037,12570,437027,Kolkata,East,262,Light Rain,Road Accident,Agent,66,Other,Settled,8,No,0.33
C9672-X,P25007-B,Yakshit Khatri,2024-03-09,Health,Vehicle,122345,122345,43846,374638,Kolkata,East,284,Moderate Rain,Crop Loss,Mobile App,58,Other,Settled,7,No,0.33
C3431-G,P29876-M,Hiran Dhingra,2024-02-27,Agriculture,Life,181131,181131,18345,313358,Hyderabad,South,100,Heavy Rain,Flood Damage,Branch,30,Male,Settled,11,No,0.58
C8841-F,P60328-K,Diya Manda,2024-01-01,Agriculture,Health,58189,58189,27521,238430,Mumbai,West,108,Flood,Crop Loss,Agent,35,Male,Settled,20,No,0.24
C1323-M,P26249-R,Zain Hans,2024-12-06,Property,Life,380227,380227,30531,457564,Chennai,South,268,Light Rain,House Damage,Mobile App,29,Other,Settled,17,No,0.83
C6779-R,P76920-K,Myra Krishnan,2024-01-25,Health,Health,99635,64240,22243,288654,Delhi,North,215,Light Rain,House Damage,Agent,22,Female,Settled,12,No,0.35
C8113-I,P49702-F,Ehsaan Chopra,2024-06-06,Agriculture,Agriculture,275261,191556,49835,506470,Bangalore,South,249,Flood,Road Accident,Mobile App,64,Male,Pending,14,No,0.54
C5280-N,P61010-T,Shray Mannan,2024-05-14,Health,Agriculture,128720,128720,35692,312842,Lucknow,North,102,Moderate Rain,Road Accident,Agent,69,Male,Rejected,19,No,0.41
C9323-D,P56702-K,Anvi Ray,2024-07-04,Health,Agriculture,50093,50093,16260,127448,Bangalore,South,128,Flood,Flood Damage,Branch,39,Male,Settled,4,No,0.39
C2382-D,P62384-I,Samiha Gade,2024-05-01,Health,Agriculture,51599,33433,48505,245030,Pune,West,280,Flood,Flood Damage,Agent,54,Male,Settled,20,No,0.21
C4758-O,P22723-V,Zoya Bora,2024-10-22,Property,Vehicle,331815,331815,48131,513629,Bangalore,South,224,Moderate Rain,Hospitalization,Agent,22,Male,Settled,11,No,0.65
C1795-U,P12103-Z,Aradhya Sachdeva,2024-03-15,Vehicle,Health,135468,135468,34985,337923,Delhi,North,290,Flood,Hospitalization,Branch,60,Female,Pending,20,No,0.4
C1071-D,P67949-D,Hunar Yohannan,2024-01-16,Property,Life,416215,416215,39662,623064,Pune,West,139,Moderate Rain,Hospitalization,Mobile App,50,Female,Settled,22,No,0.67
C3996-V,P31471-Z,Zeeshan Sachar,2024-10-03,Agriculture,Life,262771,262771,43775,502013,Lucknow,North,219,Moderate Rain,Road Accident,Agent,60,Female,Settled,26,No,0.52
C3299-G,P25136-J,Yakshit Bail,2024-06-16,Property,Life,230740,156472,43744,471915,Pune,West,117,Light Rain,Flood Damage,Mobile App,44,Female,Settled,3,No,0.49
C1536-Y,P21537-L,Amira Loke,2024-07-01,Vehicle,Health,139550,139550,19500,357136,Mumbai,West,280,Light Rain,Hospitalization,Mobile App,62,Other,Pending,27,No,0.39
C2596-T,P46876-B,Raunak Andra,2024-05-30,Agriculture,Vehicle,277252,277252,39379,483883,Pune,West,259,Heavy Rain,Flood Damage,Online,32,Male,Rejected,30,No,0.57
C6140-C,P60013-P,Miraya Sarin,2024-06-04,Agriculture,Agriculture,126324,126324,42505,268099,Kolkata,East,179,Moderate Rain,Flood Damage,Agent,48,Female,Pending,16,No,0.47
C2325-U,P25006-G,Shayak Sidhu,2024-07-02,Vehicle,Property,31119,31119,20644,174737,Jaipur,North,148,Flood,Hospitalization,Agent,25,Other,Settled,9,No,0.18
C7741-M,P24092-Z,Myra Sunder,2024-08-20,Vehicle,Property,87568,87568,24979,385462,Hyderabad,South,210,Heavy Rain,Crop Loss,Online,68,Female,Settled,29,No,0.23
C1730-Q,P86249-L,Devansh Tiwari,2024-09-04,Agriculture,Vehicle,76379,76379,48979,171911,Delhi,North,119,Flood,Flood Damage,Agent,64,Male,Pending,16,No,0.44
C5514-W,P28073-M,Riaan Shanker,2024-10-26,Property,Life,347649,347649,37738,425988,Delhi,North,172,Flood,Hospitalization,Branch,39,Male,Pending,11,No,0.82
C6857-V,P64999-Y,Kiara Buch,2024-07-18,Health,Property,137140,137140,44222,210280,Ahmedabad,West,269,Light Rain,House Damage,Branch,31,Male,Pending,18,No,0.65
C6820-G,P37960-Q,Rhea Wagle,2024-03-22,Vehicle,Property,135139,116899,26827,315110,Lucknow,North,95,Heavy Rain,House Damage,Agent,42,Male,Pending,21,No,0.43
C6644-I,P55972-H,Myra Virk,2024-12-24,Vehicle,Life,127638,127638,35789,291745,Ahmedabad,West,59,Moderate Rain,Flood Damage,Agent,37,Female,Settled,26,No,0.44
C4801-K,P68885-K,Kismat Tripathi,2024-01-17,Agriculture,Health,141987,141987,7153,240470,Jaipur,North,82,Heavy Rain,Road Accident,Mobile App,48,Female,Pending,28,No,0.59
C2308-U,P82121-F,Indranil Mand,2024-09-14,Agriculture,Vehicle,276147,215573,40298,523367,Hyderabad,South,59,Moderate Rain,Road Accident,Online,43,Other,Settled,6,No,0.53
C2271-Z,P95815-N,Indranil Sane,2024-10-26,Agriculture,Property,75472,75472,28659,216676,Pune,West,206,Flood,Flood Damage,Agent,28,Male,Settled,7,No,0.35
C9421-V,P51599-Z,Anay Brar,2024-10-23,Property,Agriculture,365975,365975,27577,635956,Delhi,North,114,Moderate Rain,Road Accident,Branch,31,Female,Pending,11,Yes,0.58
C7281-D,P10970-Y,Adira Uppal,2024-12-05,Agriculture,Property,84726,84726,24132,258696,Ahmedabad,West,152,Flood,House Damage,Branch,61,Female,Pending,21,No,0.33
C7743-T,P44829-B,Adah Keer,2024-06-06,Property,Vehicle,292357,292357,39172,471670,Bangalore,South,235,Moderate Rain,Flood Damage,Branch,55,Male,Settled,4,Yes,0.62
C4350-L,P44695-J,Chirag Raju,2024-07-18,Agriculture,Vehicle,56160,33239,28389,175724,Chennai,South,270,Heavy Rain,Road Accident,Branch,68,Male,Pending,12,No,0.32
C8327-O,P60536-T,Lakshay Sagar,2024-06-12,Agriculture,Health,187647,187647,20772,326039,Ahmedabad,West,129,Light Rain,House Damage,Agent,40,Female,Pending,4,No,0.58
C5438-E,P72502-G,Yuvaan Butala,2024-07-10,Vehicle,Property,59737,32463,39839,186873,Jaipur,North,226,Heavy Rain,Crop Loss,Agent,59,Other,Settled,13,No,0.32
C8150-S,P46205-W,Gokul Bains,2024-08-03,Property,Agriculture,369010,369010,31972,608025,Mumbai,West,214,Heavy Rain,Crop Loss,Branch,22,Male,Pending,13,No,0.61
C4209-Y,P25369-Z,Samaira Tara,2024-01-10,Vehicle,Life,75171,75171,39308,128090,Chennai,South,78,Moderate Rain,Crop Loss,Agent,19,Female,Settled,17,No,0.59
C4213-K,P46535-A,Indrans Dixit,2024-01-13,Property,Life,331666,331666,49006,430370,Hyderabad,South,55,Light Rain,Hospitalization,Online,20,Other,Settled,24,No,0.77
C2118-P,P29942-Q,Nishith Tata,2024-03-21,Agriculture,Life,240781,237986,47024,453783,Lucknow,North,178,Light Rain,Hospitalization,Agent,41,Female,Settled,17,No,0.53
C2493-P,P37143-B,Drishya Gola,2024-09-27,Agriculture,Property,204287,204287,33501,414592,Lucknow,North,286,Heavy Rain,Hospitalization,Branch,30,Female,Pending,23,Yes,0.49
C7177-E,P83032-M,Manikya Roy,2024-12-02,Property,Agriculture,325967,325967,34466,588112,Lucknow,North,224,Light Rain,House Damage,Online,62,Male,Settled,26,No,0.55
C9476-C,P82985-B,Nishith Manne,2024-11-06,Vehicle,Vehicle,136787,124193,48392,344894,Jaipur,North,57,Light Rain,Road Accident,Online,56,Male,Pending,19,No,0.4
C6679-O,P93244-Q,Nitya Garg,2024-03-01,Vehicle,Agriculture,33767,33767,11913,248776,Jaipur,North,81,Moderate Rain,Flood Damage,Agent,29,Male,Settled,6,No,0.14
C4015-J,P15866-S,Emir Divan,2024-02-18,Health,Health,130014,130014,22082,391049,Delhi,North,274,Flood,Hospitalization,Agent,26,Female,Settled,28,Yes,0.33
C6975-F,P74036-O,Mamooty Johal,2024-04-11,Agriculture,Agriculture,71946,71946,34684,361220,Ahmedabad,West,284,Heavy Rain,House Damage,Agent,21,Female,Settled,26,No,0.2
C1953-I,P13150-E,Yakshit Kala,2024-01-05,Vehicle,Life,88366,88366,22252,172774,Hyderabad,South,277,Moderate Rain,Road Accident,Agent,68,Female,Settled,26,No,0.51
C8528-R,P64094-A,Nishith Soni,2024-05-28,Property,Life,163264,163264,34574,358454,Bangalore,South,273,Light Rain,Flood Damage,Online,64,Female,Pending,17,No,0.46
C3903-R,P89968-I,Nakul Mandal,2024-09-07,Health,Vehicle,124779,124779,19041,408452,Kolkata,East,246,Heavy Rain,House Damage,Mobile App,38,Male,Rejected,16,No,0.31
C7759-J,P97699-H,Madhup D’Alia,2024-02-05,Property,Property,344639,202060,36972,428249,Bangalore,South,259,Flood,Flood Damage,Agent,18,Female,Settled,18,No,0.8
C3360-E,P71913-J,Charvi Cherian,2024-06-09,Agriculture,Health,97834,97834,40345,385144,Hyderabad,South,81,Heavy Rain,Hospitalization,Agent,41,Other,Settled,21,No,0.25
C5058-Q,P69844-F,Ritvik Yohannan,2024-05-25,Property,Life,152539,152539,27343,323174,Bangalore,South,167,Heavy Rain,Crop Loss,Branch,52,Female,Pending,4,Yes,0.47
C9682-I,P13147-F,Vardaniya Reddy,2024-10-12,Property,Agriculture,134339,134339,46724,349084,Lucknow,North,142,Flood,House Damage,Branch,68,Female,Settled,27,No,0.38
C9584-Z,P87695-K,Nayantara D’Alia,2024-12-30,Property,Property,204978,204978,45305,267869,Ahmedabad,West,162,Moderate Rain,Crop Loss,Online,67,Female,Settled,25,No,0.77
C1429-R,P58270-H,Miraya Chada,2024-05-15,Agriculture,Health,214089,214089,27883,493432,Mumbai,West,232,Light Rain,Road Accident,Online,24,Other,Pending,26,No,0.43
C2149-K,P97387-W,Madhav Agarwal,2024-09-24,Health,Agriculture,99165,99165,33433,251245,Bangalore,South,227,Light Rain,Flood Damage,Online,30,Male,Pending,24,No,0.39
C6956-F,P56371-G,Mishti Sabharwal,2024-10-25,Vehicle,Health,72789,72789,7493,195492,Hyderabad,South,208,Flood,Crop Loss,Agent,47,Female,Settled,12,No,0.37
C1655-D,P82732-O,Trisha Dara,2024-07-07,Vehicle,Life,135985,135985,19925,259682,Mumbai,West,211,Flood,House Damage,Online,40,Male,Pending,7,No,0.52
C2474-X,P17706-B,Riya Mane,2024-10-22,Agriculture,Health,176181,176181,48024,406878,Hyderabad,South,124,Heavy Rain,Road Accident,Agent,19,Male,Settled,18,No,0.43
C3820-B,P63093-Y,Lavanya Brahmbhatt,2024-11-17,Vehicle,Agriculture,97367,97367,15214,300390,Pune,West,196,Flood,Crop Loss,Online,26,Other,Settled,18,No,0.32
C9927-Y,P80384-M,Ahana  Divan,2024-09-02,Health,Vehicle,62532,62532,25935,204648,Kolkata,East,189,Light Rain,Flood Damage,Branch,20,Female,Settled,30,No,0.31
C6833-V,P95077-Q,Alia Sha,2024-03-11,Property,Health,418952,418952,8958,637734,Kolkata,East,145,Flood,House Damage,Agent,63,Male,Rejected,27,No,0.66
C3415-G,P42537-T,Kashvi Korpal,2024-09-25,Property,Vehicle,315697,315697,9745,486641,Ahmedabad,West,69,Flood,Flood Damage,Branch,66,Female,Rejected,30,No,0.65
C4760-C,P30957-X,Shray Bajwa,2024-05-07,Vehicle,Property,127922,75653,16082,409993,Pune,West,274,Flood,Hospitalization,Agent,53,Male,Pending,14,No,0.31
C7571-V,P42796-M,Mehul Bakshi,2024-01-06,Vehicle,Health,61902,61902,19637,185336,Pune,West,123,Heavy Rain,House Damage,Online,54,Male,Pending,4,No,0.33
C6712-B,P57468-M,Saksham Soni,2024-04-17,Agriculture,Vehicle,192518,192518,40206,444156,Delhi,North,299,Moderate Rain,House Damage,Agent,31,Male,Settled,22,No,0.43
C8115-M,P20169-Q,Yashvi Kakar,2024-04-10,Health,Agriculture,86357,86357,8527,337239,Kolkata,East,99,Light Rain,Crop Loss,Mobile App,22,Female,Rejected,26,No,0.26
C1919-Q,P72422-G,Saanvi Karan,2024-07-08,Agriculture,Property,108987,108987,28340,389364,Ahmedabad,West,96,Light Rain,Crop Loss,Mobile App,37,Male,Rejected,13,No,0.28
C9344-N,P20971-S,Anika Ray,2024-05-13,Agriculture,Life,259071,259071,32860,451537,Mumbai,West,58,Heavy Rain,Crop Loss,Online,55,Other,Settled,5,No,0.57
C9645-A,P19100-R,Anay Dhaliwal,2024-11-04,Vehicle,Property,33117,33117,32191,181870,Mumbai,West,219,Moderate Rain,Crop Loss,Online,63,Other,Rejected,19,No,0.18
C1507-E,P47664-S,Riya Chauhan,2024-07-18,Property,Life,191868,191868,30343,309162,Hyderabad,South,292,Heavy Rain,Flood Damage,Online,25,Male,Pending,27,Yes,0.62
C2379-B,P84729-S,Ranbir Sabharwal,2024-05-13,Property,Health,300465,300465,16642,530702,Bangalore,South,237,Light Rain,Flood Damage,Mobile App,43,Other,Settled,9,No,0.57
C4923-J,P99315-U,Lagan Cheema,2024-01-27,Health,Vehicle,107378,107378,38620,374017,Hyderabad,South,166,Moderate Rain,House Damage,Online,20,Other,Settled,3,No,0.29
C1173-F,P40731-Z,Aarna Kumer,2024-08-24,Health,Health,37338,35947,17987,179225,Jaipur,North,272,Light Rain,House Damage,Mobile App,41,Female,Pending,20,Yes,0.21
C7052-A,P52064-S,Kiaan Devan,2024-09-25,Agriculture,Property,167160,156148,44745,413775,Hyderabad,South,161,Light Rain,Flood Damage,Mobile App,20,Female,Settled,28,No,0.4
C9000-Z,P52872-G,Darshit Kapoor,2024-01-06,Property,Vehicle,491788,491788,34108,749154,Pune,West,210,Light Rain,Crop Loss,Branch,35,Other,Rejected,7,No,0.66
C3150-M,P25839-P,Advik Sharaf,2024-06-11,Property,Health,425046,329578,36543,512782,Delhi,North,280,Flood,Road Accident,Agent,63,Female,Settled,13,No,0.83
C4505-J,P46222-S,Lagan Shere,2024-05-19,Property,Health,146061,146061,5416,286490,Ahmedabad,West,243,Light Rain,Road Accident,Online,41,Other,Settled,27,No,0.51
C5560-D,P74322-B,Ela Soni,2024-06-26,Property,Life,435747,435747,25653,488330,Delhi,North,247,Heavy Rain,Crop Loss,Branch,59,Male,Settled,20,No,0.89
C7230-R,P22631-S,Keya Dugar,2024-06-04,Health,Life,66232,66232,26490,296166,Delhi,North,251,Flood,Flood Damage,Online,70,Other,Settled,13,No,0.22
C5135-M,P59029-B,Vritika Keer,2024-02-29,Agriculture,Life,198096,198096,38454,287393,Delhi,North,175,Moderate Rain,Road Accident,Agent,33,Other,Settled,11,No,0.69
C4550-D,P27149-S,Gokul Yohannan,2024-01-17,Health,Vehicle,195804,102173,32797,373254,Pune,West,261,Heavy Rain,Crop Loss,Branch,46,Male,Settled,22,No,0.52
C2454-J,P55129-U,Jayesh Lall,2024-04-08,Vehicle,Health,54049,47384,15054,264168,Delhi,North,120,Light Rain,Road Accident,Agent,66,Other,Settled,26,No,0.2
C1892-P,P19746-U,Taran Sankar,2024-04-16,Health,Agriculture,85143,85143,21136,147693,Jaipur,North,122,Flood,Hospitalization,Online,42,Female,Pending,15,No,0.58
C6910-I,P29604-M,Aarush Chada,2024-12-12,Property,Vehicle,165972,165972,11964,352503,Delhi,North,134,Moderate Rain,Crop Loss,Mobile App,18,Other,Settled,28,No,0.47
C5105-P,P52623-B,Aayush Contractor,2024-08-09,Vehicle,Vehicle,93322,93322,21755,153932,Chennai,South,204,Moderate Rain,House Damage,Online,56,Male,Settled,11,Yes,0.61
C9697-P,P70417-I,Vritika Choudhury,2024-11-20,Property,Life,163776,163776,27980,311882,Ahmedabad,West,141,Heavy Rain,Hospitalization,Mobile App,67,Other,Settled,28,No,0.53
C7631-B,P60682-C,Lakshit Chakrabarti,2024-11-17,Health,Health,100826,100826,41356,242106,Kolkata,East,106,Moderate Rain,Flood Damage,Branch,31,Other,Settled,15,Yes,0.42
C2274-A,P98412-P,Nirvi Keer,2024-11-24,Agriculture,Vehicle,227604,227604,13436,484865,Jaipur,North,128,Moderate Rain,Crop Loss,Mobile App,64,Male,Settled,24,No,0.47
C8199-V,P60855-I,Sara Sathe,2024-03-05,Health,Property,151739,151739,10722,412198,Hyderabad,South,122,Light Rain,Hospitalization,Branch,70,Male,Pending,26,No,0.37
C9883-P,P22976-U,Vihaan Brar,2024-01-10,Vehicle,Life,64551,64551,33807,220544,Pune,West,223,Light Rain,Road Accident,Branch,51,Other,Pending,5,No,0.29
C9661-K,P67168-M,Taimur Jhaveri,2024-12-06,Agriculture,Vehicle,222554,222554,16829,411248,Kolkata,East,118,Heavy Rain,Road Accident,Agent,25,Male,Pending,23,No,0.54
C9589-O,P45084-A,Kiaan Choudhary,2024-01-19,Property,Life,365747,365747,6334,576831,Bangalore,South,274,Flood,Crop Loss,Online,40,Male,Pending,26,No,0.63
C8936-K,P14400-E,Umang Rao,2024-04-14,Property,Agriculture,150921,133945,24716,251502,Chennai,South,140,Heavy Rain,Flood Damage,Branch,64,Female,Settled,21,No,0.6
C3334-H,P16625-U,Hansh Chander,2024-09-17,Vehicle,Property,90919,90919,8133,215682,Jaipur,North,298,Flood,House Damage,Mobile App,64,Female,Rejected,22,No,0.42
C8199-G,P74132-T,Ojas Tank,2024-02-22,Health,Vehicle,76353,76353,19032,204221,Chennai,South,186,Moderate Rain,Hospitalization,Agent,63,Female,Pending,13,No,0.37
C7791-D,P83664-Q,Ojas Mammen,2024-12-22,Vehicle,Life,45274,45274,18915,206941,Jaipur,North,200,Light Rain,Flood Damage,Branch,29,Female,Settled,28,No,0.22
C1627-H,P85506-N,Mannat Kakar,2024-03-25,Property,Property,114642,114642,42647,214666,Pune,West,126,Heavy Rain,House Damage,Mobile App,66,Male,Settled,7,No,0.53
C5656-X,P38620-D,Shalv Bhat,2024-04-07,Property,Health,396150,396150,44603,664621,Delhi,North,250,Flood,Crop Loss,Agent,41,Male,Pending,24,No,0.6
C8894-K,P31808-W,Lavanya Shetty,2024-04-21,Agriculture,Vehicle,195173,195173,44585,295315,Pune,West,205,Heavy Rain,Road Accident,Mobile App,22,Female,Rejected,5,No,0.66
C6743-T,P87880-Q,Lagan Buch,2024-03-21,Health,Property,30002,30002,22332,171574,Bangalore,South,102,Moderate Rain,Crop Loss,Agent,53,Other,Settled,20,No,0.17
C2397-S,P85291-W,Tanya Dutt,2024-04-22,Health,Vehicle,177492,109299,29201,327753,Chennai,South,251,Moderate Rain,Crop Loss,Mobile App,34,Female,Settled,26,No,0.54
C2583-H,P84376-D,Keya Kumer,2024-07-17,Agriculture,Life,148861,148861,45139,318915,Kolkata,East,220,Flood,House Damage,Branch,27,Male,Settled,17,No,0.47
C4873-S,P14519-N,Divyansh Dugar,2024-11-05,Vehicle,Vehicle,116486,110408,23128,392759,Jaipur,North,154,Light Rain,Crop Loss,Agent,45,Other,Rejected,16,No,0.3
C8017-H,P28907-D,Jayesh Mangal,2024-03-21,Health,Vehicle,90692,90692,37045,269923,Bangalore,South,97,Heavy Rain,Hospitalization,Mobile App,54,Female,Pending,16,No,0.34
C8802-Z,P42652-J,Ranbir Hora,2024-11-06,Vehicle,Life,140056,140056,41239,267894,Jaipur,North,212,Light Rain,Crop Loss,Online,63,Other,Settled,13,No,0.52
C4628-I,P86196-J,Krish Bhakta,2024-03-09,Vehicle,Agriculture,40875,40875,29836,335908,Kolkata,East,219,Heavy Rain,Hospitalization,Online,19,Other,Pending,9,No,0.12
C8636-F,P79545-F,Jayan Choudhry,2024-10-27,Agriculture,Health,51318,51318,36168,253342,Chennai,South,101,Heavy Rain,Flood Damage,Mobile App,59,Male,Pending,10,No,0.2
C5600-S,P85925-R,Navya Sen,2024-04-18,Health,Health,76198,76198,14070,167285,Delhi,North,229,Moderate Rain,Hospitalization,Agent,53,Male,Settled,18,No,0.46
C7093-Z,P47273-M,Kimaya Dave,2024-02-03,Property,Life,442179,442179,33601,662358,Mumbai,West,54,Light Rain,Road Accident,Branch,25,Female,Settled,26,No,0.67
C1673-F,P90839-V,Baiju Chand,2024-04-06,Health,Vehicle,154048,154048,5672,269599,Kolkata,East,270,Light Rain,Road Accident,Mobile App,43,Other,Pending,21,No,0.57
C5411-E,P29186-R,Arhaan Walla,2024-09-14,Health,Property,28487,28487,31425,243810,Jaipur,North,223,Light Rain,Hospitalization,Agent,37,Female,Pending,24,No,0.12
C5773-S,P80807-D,Kaira Chana,2024-01-01,Health,Agriculture,144228,144228,32693,220870,Jaipur,North,60,Flood,Crop Loss,Agent,27,Female,Settled,30,No,0.65
C9616-X,P70001-K,Drishya Varkey,2024-01-15,Agriculture,Life,181527,181527,26170,286839,Pune,West,76,Heavy Rain,Flood Damage,Agent,25,Female,Pending,12,No,0.63
C3949-C,P90177-R,Saira Lal,2024-04-08,Vehicle,Agriculture,31028,17136,34934,282010,Mumbai,West,95,Light Rain,House Damage,Online,47,Male,Pending,29,No,0.11
C8718-C,P97407-J,Kismat Keer,2024-12-28,Agriculture,Life,170368,170368,37054,286972,Delhi,North,174,Heavy Rain,Crop Loss,Branch,52,Female,Pending,25,No,0.59
C2480-O,P83294-J,Samiha Kapadia,2024-09-08,Agriculture,Property,149082,149082,26406,277036,Pune,West,85,Light Rain,House Damage,Online,29,Other,Settled,29,No,0.54
C7227-B,P50591-U,Ranbir Srinivasan,2024-05-29,Agriculture,Health,190732,190732,29640,363723,Kolkata,East,259,Flood,House Damage,Mobile App,40,Other,Settled,6,No,0.52
C4889-C,P89543-L,Vanya Loyal,2024-01-25,Property,Health,317151,317151,44578,532235,Pune,West,281,Flood,Road Accident,Online,36,Male,Settled,29,No,0.6
C4713-L,P68052-O,Yasmin Borah,2024-02-17,Property,Health,116787,116787,6704,172223,Bangalore,South,75,Light Rain,Hospitalization,Mobile App,21,Other,Pending,30,No,0.68
C6512-T,P73669-D,Yuvraj  Gill,2024-03-06,Health,Vehicle,180320,157206,13363,250871,Hyderabad,South,292,Moderate Rain,Hospitalization,Mobile App,46,Male,Settled,13,Yes,0.72
C3351-H,P46228-T,Vanya Chaudhari,2024-10-17,Agriculture,Vehicle,186200,186200,33543,373439,Kolkata,East,139,Moderate Rain,Flood Damage,Online,19,Other,Pending,9,No,0.5
C1104-V,P82085-V,Sara Raman,2024-12-17,Health,Property,40877,40877,46264,100063,Kolkata,East,185,Moderate Rain,Hospitalization,Online,53,Other,Settled,3,No,0.41
C5439-D,P21018-W,Madhav Kothari,2024-05-02,Vehicle,Health,40950,40950,7025,258223,Delhi,North,298,Flood,Flood Damage,Mobile App,53,Other,Pending,24,No,0.16
C5310-Y,P50958-J,Shanaya Sule,2024-07-31,Health,Life,129914,129914,46488,346920,Mumbai,West,218,Moderate Rain,House Damage,Mobile App,58,Female,Pending,8,No,0.37
C4511-N,P23442-N,Sara Deshmukh,2024-02-19,Agriculture,Property,295452,295452,12991,524580,Ahmedabad,West,240,Light Rain,Crop Loss,Branch,36,Male,Pending,8,No,0.56
C6685-S,P46698-S,Hrishita Sur,2024-10-05,Agriculture,Life,281531,281531,49712,510354,Jaipur,North,294,Flood,Road Accident,Agent,45,Male,Pending,12,No,0.55
C4330-A,P20415-T,Piya Sharma,2024-01-03,Vehicle,Agriculture,130856,130856,10235,382990,Mumbai,West,184,Light Rain,Crop Loss,Branch,21,Other,Settled,21,No,0.34
C5220-P,P15440-W,Vivaan Walia,2024-09-03,Health,Agriculture,135801,135801,18854,204225,Hyderabad,South,259,Light Rain,Flood Damage,Branch,51,Other,Pending,21,Yes,0.66
C7630-M,P60234-Z,Alisha Dey,2024-09-09,Agriculture,Life,180767,180767,7092,372869,Delhi,North,231,Flood,Crop Loss,Agent,36,Female,Settled,4,No,0.48
C7159-E,P25687-D,Indrans Balay,2024-01-20,Vehicle,Vehicle,31828,31828,23761,255002,Delhi,North,56,Heavy Rain,Crop Loss,Online,36,Other,Pending,13,No,0.12
C1888-Z,P65200-Y,Jayesh Soni,2024-05-25,Agriculture,Property,182905,182905,40585,259162,Lucknow,North,156,Light Rain,Hospitalization,Branch,59,Male,Pending,11,No,0.71
C6348-L,P92304-P,Eshani Dave,2024-04-19,Property,Agriculture,172364,172364,7983,456385,Chennai,South,103,Flood,Crop Loss,Agent,66,Other,Settled,23,Yes,0.38
C6470-Q,P13189-Q,Pranay Maharaj,2024-11-03,Property,Agriculture,407816,407816,9916,603750,Kolkata,East,250,Heavy Rain,Road Accident,Branch,24,Male,Settled,7,Yes,0.68
C7585-Q,P42548-N,Hiran Korpal,2024-09-02,Property,Vehicle,311102,311102,42249,521711,Lucknow,North,300,Flood,House Damage,Branch,62,Other,Pending,10,No,0.6
C2869-I,P25752-P,Uthkarsh Rajan,2024-03-06,Property,Life,418444,418444,35356,538272,Chennai,South,161,Light Rain,Road Accident,Agent,42,Male,Settled,8,No,0.78
C1964-U,P57652-R,Mamooty Gole,2024-04-10,Property,Vehicle,184095,184095,19879,374742,Chennai,South,66,Flood,Road Accident,Branch,48,Female,Pending,28,No,0.49
C2505-F,P53153-T,Divij Yadav,2024-05-13,Vehicle,Life,143678,143678,42491,245225,Hyderabad,South,257,Flood,Hospitalization,Branch,57,Female,Pending,26,No,0.59
C2394-G,P35689-M,Jayan Dewan,2024-10-14,Vehicle,Property,106453,106453,13064,261963,Pune,West,56,Moderate Rain,Crop Loss,Online,43,Other,Settled,20,No,0.41
C9453-N,P17513-R,Tanya Ben,2024-06-19,Agriculture,Agriculture,195195,195195,8236,286885,Mumbai,West,218,Light Rain,Flood Damage,Online,39,Male,Settled,6,No,0.68
C2151-U,P22669-B,Ira Bhandari,2024-12-14,Health,Life,72411,72411,46682,251678,Jaipur,North,121,Light Rain,Road Accident,Branch,57,Female,Settled,27,No,0.29
C7964-E,P29406-G,Sara Shetty,2024-07-10,Property,Property,179592,102391,15062,468867,Delhi,North,239,Light Rain,House Damage,Branch,53,Female,Settled,12,No,0.38
C3008-R,P22165-V,Umang Gour,2024-12-07,Vehicle,Agriculture,43793,43793,39417,255701,Chennai,South,114,Heavy Rain,Flood Damage,Online,22,Other,Pending,17,No,0.17
C1008-K,P41403-C,Shray Bera,2024-04-01,Vehicle,Vehicle,32787,32787,27786,108651,Kolkata,East,61,Flood,Crop Loss,Mobile App,24,Other,Pending,15,No,0.3
C1558-X,P22716-G,Anahita Kara,2024-02-06,Health,Property,137419,137419,21491,431839,Pune,West,91,Light Rain,House Damage,Agent,67,Other,Settled,30,No,0.32
C4384-R,P80364-J,Dhanush Magar,2024-09-05,Vehicle,Health,113602,113602,5860,177432,Jaipur,North,91,Heavy Rain,House Damage,Agent,69,Male,Settled,30,No,0.64
C1951-A,P77520-L,Dhruv Varty,2024-10-16,Health,Health,104718,104718,13415,184097,Kolkata,East,174,Light Rain,Hospitalization,Online,59,Male,Pending,20,No,0.57
C2774-Q,P27293-Z,Hazel Taneja,2024-04-07,Agriculture,Health,107676,107676,14777,164130,Mumbai,West,114,Light Rain,Crop Loss,Mobile App,46,Other,Settled,10,No,0.66
C1387-D,P85799-T,Rania Ravel,2024-11-05,Health,Health,102981,102981,6681,374636,Lucknow,North,86,Moderate Rain,Flood Damage,Branch,58,Female,Settled,5,No,0.27
C8845-J,P64335-F,Pranay Soman,2024-09-15,Agriculture,Vehicle,132754,132754,30982,356983,Kolkata,East,65,Moderate Rain,Hospitalization,Online,36,Male,Settled,10,No,0.37
C2538-G,P84653-D,Shray Chowdhury,2024-11-14,Property,Health,376285,376285,39491,472347,Kolkata,East,103,Light Rain,Crop Loss,Branch,57,Male,Settled,12,No,0.8
C7996-M,P92904-W,Shaan Sodhi,2024-01-11,Health,Life,41622,41622,10667,265420,Mumbai,West,65,Heavy Rain,Crop Loss,Online,33,Other,Settled,25,No,0.16
C5907-C,P41280-M,Urvi Dalal,2024-07-03,Agriculture,Agriculture,179899,179899,5131,378597,Chennai,South,231,Moderate Rain,Hospitalization,Branch,25,Female,Settled,5,No,0.48
C6700-X,P33025-E,Vidur Bedi,2024-12-25,Vehicle,Property,96802,96802,35699,331427,Ahmedabad,West,152,Moderate Rain,Hospitalization,Mobile App,28,Other,Settled,15,No,0.29
C4410-S,P94841-K,Oorja Chaudhry,2024-01-29,Property,Life,173606,173606,20603,399883,Lucknow,North,73,Heavy Rain,Hospitalization,Agent,60,Female,Pending,4,No,0.43
C7931-E,P57332-L,Ishaan Sabharwal,2024-07-01,Health,Health,177316,148488,35435,474972,Bangalore,South,93,Heavy Rain,Road Accident,Online,29,Male,Settled,18,No,0.37
C7998-P,P86747-Q,Vihaan Tara,2024-06-06,Health,Health,76262,76262,13039,323576,Pune,West,141,Flood,Hospitalization,Agent,47,Other,Pending,18,No,0.24
C8511-T,P79193-H,Siya Ram,2024-03-20,Vehicle,Vehicle,40283,40283,12538,289509,Delhi,North,103,Moderate Rain,House Damage,Mobile App,37,Female,Rejected,24,No,0.14
C7750-X,P51644-I,Ishita Dave,2024-03-29,Property,Agriculture,100114,100114,48109,294834,Lucknow,North,133,Light Rain,House Damage,Mobile App,53,Other,Pending,3,No,0.34
C6089-Q,P18239-R,Vedika Sabharwal,2024-06-19,Health,Vehicle,195664,195664,22993,294756,Mumbai,West,214,Heavy Rain,Flood Damage,Agent,69,Female,Pending,17,No,0.66
C2233-X,P15755-C,Shanaya Hayre,2024-09-27,Health,Health,132202,132202,30261,277000,Mumbai,West,242,Light Rain,Hospitalization,Branch,37,Male,Rejected,11,No,0.48
C5434-C,P83229-X,Ranbir Khalsa,2024-08-04,Vehicle,Vehicle,102823,102823,44907,214786,Chennai,South,252,Heavy Rain,Road Accident,Branch,30,Other,Settled,26,No,0.48
C1734-J,P56770-L,Saksham Sharma,2024-08-27,Property,Property,101649,101649,6620,388294,Jaipur,North,160,Heavy Rain,Road Accident,Agent,33,Other,Settled,21,No,0.26
C2690-K,P74428-V,Renee Chana,2024-05-20,Vehicle,Health,58712,58712,45307,248188,Chennai,South,271,Flood,Flood Damage,Mobile App,20,Other,Rejected,4,No,0.24
C8220-C,P79319-N,Raunak Sekhon,2024-06-17,Vehicle,Health,99365,99365,9625,195414,Kolkata,East,231,Light Rain,Crop Loss,Branch,50,Male,Pending,4,No,0.51
C3259-P,P15714-G,Kabir Ghosh,2024-03-04,Agriculture,Life,150805,150805,48837,352737,Delhi,North,87,Light Rain,House Damage,Online,63,Female,Pending,14,No,0.43
C8909-C,P86803-M,Nirvi Batra,2024-06-10,Property,Agriculture,329587,329587,27380,545463,Chennai,South,138,Flood,Crop Loss,Mobile App,66,Female,Settled,20,No,0.6
C7577-H,P96318-S,Zara Kale,2024-08-02,Vehicle,Agriculture,100815,100815,25900,203593,Bangalore,South,56,Light Rain,Road Accident,Branch,61,Male,Settled,14,Yes,0.5
C2366-O,P56695-R,Madhup Basu,2024-04-15,Health,Property,41512,33636,43538,172210,Mumbai,West,247,Light Rain,Crop Loss,Online,57,Female,Settled,5,No,0.24
C7606-W,P36066-X,Zoya Kulkarni,2024-10-24,Property,Property,446515,446515,22832,629771,Jaipur,North,286,Flood,Flood Damage,Branch,68,Female,Rejected,29,No,0.71
C9057-C,P56090-X,Aniruddh Lanka,2024-03-17,Property,Vehicle,426181,426181,43406,636554,Lucknow,North,198,Heavy Rain,Flood Damage,Mobile App,49,Other,Settled,30,No,0.67
C5217-L,P72140-C,Hrishita Arya,2024-01-29,Agriculture,Health,289292,289292,34371,537186,Mumbai,West,197,Flood,House Damage,Online,19,Male,Pending,20,No,0.54
C5309-Z,P79942-Y,Jayant Date,2024-09-10,Health,Agriculture,68976,68976,34385,298374,Mumbai,West,69,Heavy Rain,Crop Loss,Mobile App,46,Other,Settled,30,No,0.23
C8892-G,P23583-L,Adira Iyengar,2024-04-30,Vehicle,Vehicle,123842,123842,43878,305923,Ahmedabad,West,69,Heavy Rain,Hospitalization,Online,57,Other,Settled,14,No,0.4
C1265-O,P85726-Y,Vivaan Sampath,2024-04-23,Agriculture,Health,256842,256842,39200,415819,Hyderabad,South,261,Moderate Rain,Road Accident,Online,43,Female,Settled,3,No,0.62
C8966-P,P71329-I,Taran Bora,2024-10-30,Health,Vehicle,191692,191692,39545,299882,Ahmedabad,West,74,Moderate Rain,Hospitalization,Branch,40,Other,Settled,5,No,0.64
C4393-J,P36587-C,Lavanya Bera,2024-04-26,Vehicle,Property,37743,37743,15404,223271,Mumbai,West,81,Heavy Rain,Flood Damage,Agent,32,Male,Pending,13,No,0.17
C1635-X,P30643-N,Nirvaan Tella,2024-08-11,Agriculture,Vehicle,273175,273175,29825,401368,Jaipur,North,114,Heavy Rain,Hospitalization,Mobile App,70,Female,Pending,15,No,0.68
C3589-V,P91221-R,Tiya Ramachandran,2024-10-21,Health,Vehicle,136142,88744,40823,200576,Mumbai,West,155,Flood,Crop Loss,Mobile App,47,Male,Settled,18,No,0.68
C7394-S,P62837-E,Amani Vyas,2024-02-27,Health,Property,60823,60823,11305,321608,Chennai,South,291,Moderate Rain,Flood Damage,Online,56,Male,Pending,3,No,0.19
C5100-C,P46299-K,Mannat Brahmbhatt,2024-04-21,Property,Vehicle,246371,194324,11516,475040,Bangalore,South,300,Heavy Rain,Road Accident,Agent,24,Other,Settled,29,No,0.52
C8991-Y,P17199-R,Miraan Chaudhary,2024-04-07,Health,Agriculture,75947,38590,42009,252260,Ahmedabad,West,268,Light Rain,Crop Loss,Online,56,Female,Settled,25,No,0.3
C3248-X,P59845-W,Riya Badami,2024-03-26,Property,Health,107843,107843,34386,331316,Kolkata,East,89,Moderate Rain,Hospitalization,Mobile App,53,Female,Pending,16,No,0.33
C9285-X,P87570-U,Abram Walia,2024-03-13,Property,Life,459791,459791,38109,533130,Bangalore,South,257,Heavy Rain,House Damage,Online,18,Female,Pending,3,No,0.86
C4873-F,P85524-B,Reyansh Dhingra,2024-05-10,Property,Health,329179,329179,45995,605629,Pune,West,223,Moderate Rain,Crop Loss,Agent,40,Male,Settled,23,No,0.54
C4494-U,P69093-R,Rohan Krishna,2024-10-24,Health,Health,67054,67054,31836,258219,Bangalore,South,300,Heavy Rain,House Damage,Branch,41,Female,Settled,28,No,0.26
C8295-W,P86888-D,Kimaya Grewal,2024-12-22,Property,Life,325293,325293,7033,400462,Ahmedabad,West,228,Light Rain,Flood Damage,Agent,39,Other,Rejected,24,No,0.81
C2113-H,P81300-Y,Amani Andra,2024-09-08,Vehicle,Property,38771,38771,34101,277651,Chennai,South,126,Moderate Rain,Hospitalization,Branch,63,Other,Settled,8,No,0.14
C4106-J,P21522-C,Farhan Sengupta,2024-01-06,Agriculture,Health,209915,209915,13286,489720,Hyderabad,South,65,Heavy Rain,Hospitalization,Branch,49,Other,Settled,7,No,0.43
C3933-L,P85499-M,Samarth Mall,2024-04-23,Health,Health,188391,188391,8117,320748,Chennai,South,178,Light Rain,Road Accident,Branch,48,Male,Settled,6,No,0.59
C5971-C,P90985-S,Oorja Sehgal,2024-10-07,Property,Vehicle,257370,257370,9760,336700,Bangalore,South,67,Light Rain,Hospitalization,Branch,61,Other,Settled,11,No,0.76
C9232-M,P18272-Z,Saksham Mane,2024-03-20,Agriculture,Life,295629,295629,6644,422346,Ahmedabad,West,75,Flood,House Damage,Mobile App,28,Other,Settled,15,No,0.7
C4726-H,P57143-Z,Piya Aggarwal,2024-01-20,Vehicle,Vehicle,34495,34495,10444,218762,Ahmedabad,West,162,Heavy Rain,Hospitalization,Mobile App,34,Female,Settled,25,No,0.16
C5647-U,P16533-O,Gatik Master,2024-07-03,Property,Life,332584,332584,29055,525669,Jaipur,North,72,Heavy Rain,Crop Loss,Branch,51,Female,Rejected,6,No,0.63
C2987-C,P70637-I,Rhea Dey,2024-01-29,Agriculture,Agriculture,132014,132014,25406,375709,Mumbai,West,94,Heavy Rain,Crop Loss,Online,58,Male,Settled,28,No,0.35
C4871-A,P12575-K,Madhav Gala,2024-11-26,Health,Health,52463,52463,23804,213134,Mumbai,West,279,Moderate Rain,Hospitalization,Online,35,Female,Settled,23,No,0.25
C7314-H,P82222-D,Nayantara Mallick,2024-09-26,Agriculture,Life,246793,246793,28256,351621,Kolkata,East,147,Moderate Rain,Hospitalization,Online,63,Female,Settled,15,No,0.7
C7954-E,P60228-R,Ira Singhal,2024-09-27,Health,Health,28072,28072,32073,162976,Kolkata,East,66,Flood,Hospitalization,Agent,31,Other,Settled,11,No,0.17
C3690-N,P97468-N,Aarav Suresh,2024-12-12,Property,Property,300268,300268,31430,489115,Hyderabad,South,190,Flood,Hospitalization,Agent,29,Male,Pending,27,No,0.61
C5581-M,P31228-Q,Lakshay Shah,2024-01-27,Vehicle,Life,101373,101373,23024,363353,Jaipur,North,241,Moderate Rain,Hospitalization,Mobile App,22,Other,Settled,13,Yes,0.28
C9992-C,P68776-O,Jivika Rao,2024-06-23,Vehicle,Life,146576,146576,19618,227724,Hyderabad,South,285,Light Rain,Crop Loss,Branch,67,Male,Settled,15,No,0.64
C5734-I,P45176-Z,Darshit Tailor,2024-03-13,Vehicle,Agriculture,139854,139854,8733,260829,Chennai,South,176,Flood,Road Accident,Mobile App,61,Other,Settled,16,No,0.54
C4211-O,P83855-I,Amira Kulkarni,2024-07-04,Agriculture,Vehicle,177104,177104,43109,313583,Chennai,South,168,Moderate Rain,House Damage,Branch,40,Male,Settled,16,No,0.56
C6453-N,P84961-D,Kavya Korpal,2024-08-12,Agriculture,Agriculture,292806,292806,38383,510985,Hyderabad,South,128,Light Rain,Hospitalization,Online,68,Other,Settled,11,No,0.57
C8849-L,P68550-Z,Hridaan Bahri,2024-08-08,Agriculture,Property,133073,133073,26858,248854,Lucknow,North,236,Moderate Rain,House Damage,Branch,43,Male,Settled,29,No,0.53
C7480-N,P19229-W,Ela Koshy,2024-07-15,Agriculture,Property,173340,173340,43050,427123,Ahmedabad,West,266,Light Rain,Road Accident,Online,35,Female,Settled,3,No,0.41
C1948-Y,P65153-Q,Prisha Bal,2024-07-04,Vehicle,Agriculture,110537,72027,29563,261742,Mumbai,West,149,Light Rain,House Damage,Branch,54,Female,Settled,3,No,0.42
C1928-Y,P17424-O,Himmat Ramaswamy,2024-10-05,Property,Vehicle,203332,123392,36145,489083,Mumbai,West,120,Moderate Rain,Flood Damage,Mobile App,60,Other,Settled,9,No,0.42
C1715-H,P77325-M,Nirvi Manne,2024-02-26,Property,Property,257812,257812,45011,404008,Lucknow,North,74,Flood,House Damage,Agent,66,Other,Settled,19,No,0.64
C5025-Q,P37993-W,Chirag Kurian,2024-07-08,Property,Agriculture,254192,254192,43532,376420,Ahmedabad,West,52,Flood,House Damage,Branch,44,Other,Pending,18,No,0.68
C4754-B,P88707-Q,Mishti Tara,2024-10-18,Health,Life,59065,40791,35867,168113,Delhi,North,108,Flood,Flood Damage,Agent,42,Female,Settled,3,No,0.35
C4526-Y,P49841-Q,Mannat Verma,2024-09-27,Agriculture,Life,243393,243393,29164,404452,Mumbai,West,95,Moderate Rain,Flood Damage,Mobile App,37,Other,Pending,25,No,0.6
C3678-M,P64045-C,Ehsaan Goda,2024-10-26,Property,Health,231819,231819,26823,402373,Jaipur,North,68,Moderate Rain,Flood Damage,Branch,21,Male,Settled,3,No,0.58
C9956-F,P62753-D,Aarna Gaba,2024-02-29,Property,Life,499058,356477,26628,671710,Ahmedabad,West,117,Flood,Flood Damage,Online,64,Other,Settled,23,No,0.74
C4121-N,P63254-G,Faiyaz Chanda,2024-07-29,Property,Vehicle,214217,214217,33004,474684,Delhi,North,150,Flood,House Damage,Agent,21,Female,Settled,27,No,0.45
C9513-K,P87815-K,Advika Kalita,2024-06-07,Vehicle,Health,54415,54415,14859,350669,Pune,West,247,Light Rain,Crop Loss,Mobile App,41,Female,Settled,27,No,0.16
C6238-U,P31874-K,Kiaan Bal,2024-05-01,Agriculture,Property,120278,120278,41666,221750,Jaipur,North,122,Light Rain,Road Accident,Agent,55,Male,Pending,25,No,0.54
C1140-Y,P81615-U,Jayant Gola,2024-06-12,Vehicle,Vehicle,51341,51341,25398,104192,Kolkata,East,111,Flood,House Damage,Agent,41,Other,Settled,6,Yes,0.49
C8750-R,P26420-G,Saksham Rastogi,2024-04-02,Property,Agriculture,201105,201105,12569,353546,Kolkata,East,238,Light Rain,Road Accident,Branch,54,Other,Pending,27,No,0.57
C7300-E,P70443-G,Dhruv Mannan,2024-09-04,Health,Life,61073,61073,23137,360559,Lucknow,North,247,Moderate Rain,Road Accident,Online,53,Male,Settled,5,No,0.17
C8458-M,P20520-Y,Romil Zachariah,2024-08-12,Vehicle,Vehicle,77020,77020,6072,263272,Mumbai,West,297,Moderate Rain,House Damage,Online,62,Other,Settled,21,No,0.29
C3146-X,P90583-J,Lavanya Manne,2024-07-15,Health,Health,166719,166719,45956,318591,Bangalore,South,292,Heavy Rain,Road Accident,Mobile App,70,Female,Pending,17,No,0.52
C1986-M,P92102-Y,Aarav Virk,2024-07-05,Agriculture,Health,159254,159254,48489,368860,Pune,West,122,Heavy Rain,Hospitalization,Mobile App,18,Male,Settled,26,No,0.43
C6239-M,P95911-Z,Baiju Rajagopalan,2024-07-13,Property,Property,361589,361589,47956,431301,Delhi,North,214,Heavy Rain,Flood Damage,Mobile App,42,Other,Pending,28,No,0.84
C3066-V,P70244-X,Anahita Dixit,2024-01-22,Agriculture,Life,56660,56660,9032,266913,Chennai,South,186,Heavy Rain,House Damage,Online,34,Other,Rejected,8,Yes,0.21
C9536-I,P86504-F,Yashvi Ahuja,2024-01-05,Health,Property,42071,42071,19114,106648,Lucknow,North,239,Light Rain,Hospitalization,Mobile App,30,Female,Pending,21,No,0.39
C2995-V,P94800-X,Kabir Madan,2024-02-18,Vehicle,Property,61501,61501,18401,186217,Bangalore,South,189,Heavy Rain,Road Accident,Mobile App,27,Male,Rejected,9,No,0.33
C5473-W,P75760-Q,Onkar Sehgal,2024-01-11,Agriculture,Health,59496,59496,45907,187469,Mumbai,West,170,Flood,Hospitalization,Online,22,Female,Rejected,23,No,0.32
C4148-O,P67636-E,Miraya Tara,2024-11-08,Agriculture,Agriculture,99702,99702,29490,336200,Mumbai,West,91,Moderate Rain,Flood Damage,Branch,70,Other,Settled,11,No,0.3
C7853-E,P66643-H,Tejas Chahal,2024-08-10,Agriculture,Agriculture,105702,105702,31362,269140,Mumbai,West,169,Moderate Rain,Hospitalization,Mobile App,18,Male,Pending,21,Yes,0.39
C7629-O,P24778-Z,Bhavin Kata,2024-06-04,Vehicle,Property,118478,118478,37267,331111,Bangalore,South,271,Moderate Rain,Flood Damage,Agent,40,Female,Settled,12,No,0.36
C7666-F,P36842-K,Bhavin Gandhi,2024-07-26,Property,Life,155093,155093,11771,247967,Hyderabad,South,141,Flood,House Damage,Agent,24,Male,Settled,15,No,0.63
C6806-H,P86897-E,Miraan Wable,2024-03-02,Health,Vehicle,141754,141754,47484,250079,Chennai,South,271,Heavy Rain,Crop Loss,Agent,37,Male,Settled,23,Yes,0.57
C3355-E,P84403-I,Darshit Handa,2024-09-14,Vehicle,Health,144776,144776,32636,281622,Hyderabad,South,277,Heavy Rain,Flood Damage,Branch,42,Female,Settled,25,No,0.51
C6477-F,P10287-R,Saksham Basak,2024-08-17,Property,Health,153124,153124,13679,247731,Mumbai,West,86,Moderate Rain,Road Accident,Online,63,Female,Pending,19,No,0.62
C8208-K,P26905-O,Chirag Doshi,2024-08-19,Health,Property,124800,124800,11778,407147,Kolkata,East,185,Light Rain,Crop Loss,Mobile App,64,Other,Settled,10,No,0.31
C2079-F,P25798-H,Kiara Datta,2024-03-07,Property,Life,158204,158204,26138,348714,Pune,West,177,Light Rain,Flood Damage,Mobile App,26,Other,Pending,16,No,0.45
C1900-U,P97749-X,Hansh Dar,2024-05-05,Property,Health,495413,495413,29109,727478,Pune,West,171,Light Rain,Crop Loss,Branch,61,Male,Pending,9,No,0.68
C5167-M,P81750-S,Mehul Samra,2024-11-08,Health,Vehicle,75169,75169,49973,206702,Bangalore,South,228,Light Rain,Flood Damage,Branch,35,Male,Settled,18,No,0.36
C3537-U,P38413-F,Pranay Gara,2024-09-13,Property,Health,213848,213848,26071,495794,Kolkata,East,151,Flood,House Damage,Branch,69,Other,Settled,25,No,0.43
C9750-B,P65289-J,Shayak Kala,2024-09-15,Vehicle,Property,147659,147659,25658,291962,Ahmedabad,West,194,Moderate Rain,Crop Loss,Mobile App,37,Male,Pending,17,No,0.51
C6511-G,P43515-R,Drishya Warrior,2024-07-01,Vehicle,Agriculture,40441,40441,30518,331349,Jaipur,North,81,Moderate Rain,House Damage,Branch,44,Female,Pending,7,Yes,0.12
C9175-T,P48140-Y,Ishaan Sharma,2024-03-04,Health,Property,170282,95889,23078,457122,Kolkata,East,220,Moderate Rain,Road Accident,Branch,58,Male,Pending,20,No,0.37
C4842-I,P32311-Y,Hazel Bath,2024-03-20,Property,Vehicle,349701,349701,27206,628760,Kolkata,East,145,Flood,Road Accident,Agent,55,Female,Settled,19,No,0.56
C7729-H,P52894-P,Farhan Iyengar,2024-02-21,Vehicle,Health,131720,131720,34229,232504,Pune,West,289,Flood,Road Accident,Mobile App,46,Male,Settled,27,No,0.57
C8228-Q,P41544-P,Riaan Khatri,2024-02-14,Vehicle,Agriculture,123090,123090,11585,362836,Delhi,North,78,Light Rain,Road Accident,Online,65,Other,Settled,29,No,0.34
C1512-Z,P88130-O,Nehmat Kashyap,2024-01-06,Vehicle,Agriculture,149403,78296,29996,399048,Pune,West,150,Flood,House Damage,Online,44,Male,Settled,13,No,0.37
C9551-Z,P29440-W,Vanya Singh,2024-03-06,Vehicle,Vehicle,91784,91784,11792,338393,Mumbai,West,202,Heavy Rain,House Damage,Agent,45,Female,Pending,22,No,0.27
C9691-N,P92684-N,Gatik Behl,2024-09-17,Property,Health,277148,163941,17780,521015,Pune,West,165,Light Rain,House Damage,Agent,40,Male,Settled,6,No,0.53
C5608-B,P20928-L,Diya Devan,2024-09-28,Agriculture,Health,172445,172445,36766,341636,Mumbai,West,199,Heavy Rain,Flood Damage,Branch,42,Female,Settled,5,No,0.5
C8510-S,P71657-C,Aayush Mand,2024-08-18,Health,Property,106814,106814,40753,243885,Lucknow,North,144,Moderate Rain,Road Accident,Agent,69,Male,Settled,29,No,0.44
C2361-P,P13127-M,Bhamini Ganguly,2024-01-15,Property,Health,366749,366749,34375,514578,Pune,West,221,Moderate Rain,Hospitalization,Agent,20,Female,Settled,28,No,0.71
C3641-Y,P36640-V,Diya Sankar,2024-05-28,Health,Life,90540,86968,11268,234172,Chennai,South,264,Heavy Rain,Crop Loss,Mobile App,37,Other,Rejected,25,No,0.39
C5405-L,P56636-S,Madhav Bail,2024-07-10,Property,Agriculture,241112,241112,41311,495452,Lucknow,North,280,Light Rain,Road Accident,Mobile App,37,Other,Settled,18,No,0.49
C3204-C,P86422-R,Misha Dhar,2024-07-03,Health,Property,53587,53587,36152,233720,Lucknow,North,98,Light Rain,Flood Damage,Agent,56,Male,Settled,17,No,0.23
C1711-T,P55344-C,Hrishita Batra,2024-07-15,Health,Vehicle,179063,179063,39862,383967,Hyderabad,South,262,Moderate Rain,House Damage,Online,56,Male,Pending,13,No,0.47
C1975-O,P34774-V,Arnav Goda,2024-07-21,Property,Property,277469,248703,5238,445864,Kolkata,East,234,Flood,Hospitalization,Agent,57,Female,Pending,4,No,0.62
C8577-J,P38491-S,Ivan Salvi,2024-11-06,Agriculture,Life,201280,201280,26936,429747,Mumbai,West,137,Moderate Rain,Flood Damage,Agent,30,Other,Settled,11,No,0.47
C4836-Z,P55401-M,Aniruddh Jha,2024-06-25,Vehicle,Agriculture,91063,91063,22380,332623,Lucknow,North,92,Flood,Crop Loss,Agent,41,Other,Settled,30,No,0.27
C9774-O,P96690-E,Vaibhav Sangha,2024-05-27,Agriculture,Agriculture,252406,252406,30501,338920,Bangalore,South,261,Heavy Rain,Flood Damage,Branch,40,Other,Pending,8,No,0.74
C5739-W,P22429-X,Jhanvi Ramesh,2024-04-04,Property,Health,471730,471730,38826,592997,Delhi,North,286,Heavy Rain,Road Accident,Branch,20,Other,Rejected,6,No,0.8
C7441-R,P33913-P,Shamik Sood,2024-11-16,Health,Life,183899,183899,45955,470870,Lucknow,North,232,Heavy Rain,Road Accident,Mobile App,40,Female,Rejected,27,No,0.39
C9690-S,P26846-Q,Krish Solanki,2024-05-08,Vehicle,Agriculture,67517,67517,41616,185492,Mumbai,West,209,Moderate Rain,Flood Damage,Online,27,Male,Settled,24,No,0.36
C8770-S,P92576-M,Vritika Kant,2024-02-02,Agriculture,Life,81293,81293,15028,145951,Ahmedabad,West,246,Light Rain,Hospitalization,Online,39,Male,Rejected,18,Yes,0.56
C3284-B,P11392-R,Myra Varma,2024-10-26,Agriculture,Agriculture,252430,252430,5938,329067,Pune,West,259,Heavy Rain,Road Accident,Mobile App,54,Male,Settled,15,No,0.77
C4675-L,P60316-D,Anahita Brar,2024-09-27,Agriculture,Vehicle,230520,230520,12620,324517,Delhi,North,243,Light Rain,House Damage,Agent,25,Male,Settled,30,No,0.71
C1518-O,P40857-L,Bhamini Dara,2024-05-16,Vehicle,Health,74413,74413,28728,251630,Mumbai,West,232,Flood,Hospitalization,Online,64,Male,Pending,15,No,0.3
C3514-J,P70178-S,Neelofar Som,2024-06-09,Property,Agriculture,294436,294436,33278,440487,Pune,West,86,Heavy Rain,Flood Damage,Branch,29,Female,Settled,3,No,0.67
C5182-K,P51753-L,Hazel Sane,2024-02-23,Property,Agriculture,190801,190801,11180,370869,Pune,West,102,Light Rain,Hospitalization,Branch,69,Other,Settled,4,No,0.51
C4453-S,P51614-Z,Gokul Sahni,2024-03-03,Property,Property,228351,228351,34974,282397,Chennai,South,99,Moderate Rain,Hospitalization,Mobile App,48,Female,Settled,15,No,0.81
C1384-G,P34273-X,Manjari Hari,2024-05-01,Health,Life,130343,85238,33218,257167,Lucknow,North,251,Heavy Rain,Flood Damage,Branch,33,Other,Pending,29,No,0.51
C1293-Z,P78300-U,Ela Sheth,2024-07-23,Vehicle,Agriculture,118667,118667,17474,408819,Delhi,North,154,Moderate Rain,Crop Loss,Agent,29,Male,Pending,11,No,0.29
C4940-F,P45530-X,Kartik Iyengar,2024-09-08,Vehicle,Health,123913,123913,30954,186337,Jaipur,North,118,Flood,Crop Loss,Mobile App,53,Female,Settled,4,No,0.66
C5461-H,P42329-M,Tushar Gill,2024-11-06,Health,Vehicle,198987,198987,23933,331538,Mumbai,West,291,Heavy Rain,Hospitalization,Online,20,Female,Settled,26,No,0.6
C1619-L,P36672-E,Hridaan Karnik,2024-11-22,Health,Vehicle,84850,84850,5257,238070,Pune,West,161,Light Rain,Road Accident,Online,21,Other,Rejected,15,No,0.36
C3029-Q,P24484-T,Veer Borde,2024-11-25,Vehicle,Property,103334,103334,33968,372193,Hyderabad,South,115,Light Rain,Hospitalization,Branch,25,Female,Settled,27,Yes,0.28
C7900-Q,P28927-D,Piya Maharaj,2024-07-31,Vehicle,Life,101094,101094,39716,252977,Chennai,South,137,Heavy Rain,House Damage,Online,50,Male,Settled,28,No,0.4
C3406-X,P33119-U,Kartik Chada,2024-01-24,Health,Vehicle,193532,193532,29371,284021,Pune,West,232,Light Rain,Road Accident,Branch,65,Other,Settled,20,No,0.68
C8047-L,P81776-T,Raghav Badami,2024-02-13,Property,Life,113074,113074,48935,402864,Ahmedabad,West,224,Heavy Rain,Crop Loss,Agent,57,Female,Pending,21,No,0.28
C3690-J,P85617-J,Anya Borra,2024-03-14,Agriculture,Agriculture,108771,108771,24616,296945,Kolkata,East,260,Moderate Rain,House Damage,Online,54,Male,Pending,25,No,0.37
C5836-Y,P45254-D,Indrans Mandal,2024-08-14,Health,Life,43314,43314,22409,296558,Pune,West,139,Flood,Road Accident,Agent,58,Other,Rejected,10,No,0.15
C3804-N,P48720-E,Aarna Bakshi,2024-09-07,Property,Property,475321,475321,8203,632733,Delhi,North,272,Moderate Rain,Hospitalization,Branch,67,Other,Settled,18,No,0.75
C7889-R,P79734-S,Nehmat Bera,2024-09-14,Property,Life,250632,250632,37187,348439,Ahmedabad,West,150,Flood,Road Accident,Branch,23,Other,Settled,18,No,0.72
C3344-Q,P43528-K,Rhea Sood,2024-08-26,Property,Health,328890,328890,43409,602006,Hyderabad,South,272,Heavy Rain,Flood Damage,Online,34,Other,Settled,8,No,0.55
C1900-F,P67401-F,Hrishita Desai,2024-02-21,Health,Life,36623,36623,34532,128974,Lucknow,North,65,Light Rain,House Damage,Branch,35,Male,Pending,9,No,0.28
C2949-H,P90945-M,Emir Kamdar,2024-01-20,Property,Vehicle,126148,126148,34919,222721,Chennai,South,280,Flood,Flood Damage,Online,40,Male,Settled,24,No,0.57
C4698-B,P59154-C,Nirvaan Sahota,2024-08-03,Health,Vehicle,97817,97817,47993,331636,Bangalore,South,91,Heavy Rain,Crop Loss,Online,62,Female,Settled,8,No,0.29
C2020-S,P96920-H,Mamooty Deshpande,2024-01-04,Vehicle,Property,78676,78676,40847,274371,Delhi,North,190,Light Rain,Road Accident,Online,70,Male,Settled,21,No,0.29
C6166-D,P46760-W,Nitara Gokhale,2024-01-16,Health,Agriculture,106057,106057,21322,333084,Chennai,South,219,Flood,Flood Damage,Agent,25,Male,Settled,17,No,0.32
C2355-U,P96551-K,Jhanvi Butala,2024-12-05,Agriculture,Life,176395,176395,31237,320497,Hyderabad,South,135,Light Rain,House Damage,Mobile App,45,Female,Pending,30,No,0.55
C2023-H,P24075-G,Renee Hayre,2024-07-08,Property,Vehicle,234351,234351,29639,388498,Kolkata,East,83,Flood,Road Accident,Mobile App,67,Female,Settled,20,No,0.6
C5478-K,P59722-C,Sana Gade,2024-01-23,Agriculture,Vehicle,83766,83766,48493,202279,Lucknow,North,244,Light Rain,Road Accident,Branch,63,Male,Pending,30,No,0.41
C2436-T,P37280-D,Azad Konda,2024-06-09,Property,Health,129335,129335,17670,259909,Hyderabad,South,126,Flood,Crop Loss,Online,18,Female,Settled,9,Yes,0.5
C4569-A,P68439-Q,Kaira Kade,2024-08-15,Agriculture,Property,116103,116103,43789,226960,Lucknow,North,268,Moderate Rain,Crop Loss,Mobile App,58,Other,Rejected,27,No,0.51
C5433-T,P59179-P,Piya Gole,2024-01-04,Health,Life,26066,23386,36601,149794,Hyderabad,South,291,Heavy Rain,Road Accident,Online,32,Other,Settled,9,No,0.17
C1098-E,P55805-F,Saksham Seth,2024-11-12,Vehicle,Vehicle,107506,107506,38628,190979,Hyderabad,South,255,Flood,Hospitalization,Mobile App,66,Male,Settled,6,No,0.56
C2757-P,P32275-N,Yakshit Kashyap,2024-02-20,Vehicle,Vehicle,119072,96274,44001,301300,Chennai,South,137,Moderate Rain,House Damage,Mobile App,33,Female,Pending,14,No,0.4
C3139-V,P49518-X,Farhan Ram,2024-05-09,Agriculture,Agriculture,142767,142767,17163,412108,Chennai,South,295,Moderate Rain,House Damage,Online,20,Male,Settled,25,No,0.35
C5416-N,P41156-Z,Tanya Virk,2024-01-14,Health,Life,105013,105013,15880,367555,Ahmedabad,West,81,Heavy Rain,Flood Damage,Branch,19,Other,Settled,4,No,0.29
C8706-E,P25824-V,Fateh Kala,2024-08-13,Vehicle,Vehicle,91096,91096,23739,220769,Lucknow,North,178,Heavy Rain,Crop Loss,Branch,57,Other,Pending,11,No,0.41
C8925-A,P81127-V,Tejas Anand,2024-03-20,Health,Life,34359,34359,7012,94788,Lucknow,North,250,Heavy Rain,Road Accident,Mobile App,50,Other,Settled,8,No,0.36
C2211-V,P85267-O,Mishti Batra,2024-01-02,Property,Agriculture,269610,269610,48627,360385,Mumbai,West,248,Moderate Rain,House Damage,Online,58,Female,Rejected,16,No,0.75
C5487-C,P71272-O,Jayant Chokshi,2024-09-14,Property,Vehicle,106100,106100,5511,177888,Bangalore,South,107,Light Rain,Flood Damage,Agent,38,Male,Pending,12,No,0.6
C1355-M,P78589-Y,Jayan Khatri,2024-03-13,Vehicle,Agriculture,106973,106973,8007,387048,Lucknow,North,58,Light Rain,House Damage,Mobile App,67,Male,Settled,6,No,0.28
C9579-Y,P81431-G,Tarini Madan,2024-05-14,Vehicle,Vehicle,86825,86825,44259,306325,Kolkata,East,120,Moderate Rain,Hospitalization,Mobile App,26,Male,Pending,11,No,0.28
C5207-M,P56731-I,Nakul Bakshi,2024-04-18,Agriculture,Property,53128,33282,34814,330176,Jaipur,North,251,Light Rain,House Damage,Branch,62,Other,Settled,10,No,0.16
C7438-G,P36765-B,Nayantara Bali,2024-09-19,Property,Life,267823,267823,41191,439086,Mumbai,West,269,Moderate Rain,Road Accident,Agent,40,Male,Settled,4,Yes,0.61
C9291-T,P87123-X,Eva Sodhi,2024-02-08,Agriculture,Health,116061,116061,34547,213621,Kolkata,East,206,Light Rain,House Damage,Online,36,Female,Settled,23,No,0.54
C1198-L,P15823-N,Krish Dube,2024-06-14,Property,Agriculture,382587,382587,15863,586197,Chennai,South,160,Flood,Flood Damage,Online,65,Female,Settled,24,No,0.65
C7327-X,P96344-E,Lakshay Gade,2024-01-23,Health,Health,161497,161497,10829,452343,Jaipur,North,111,Moderate Rain,House Damage,Online,26,Female,Settled,18,No,0.36
C5674-J,P83484-X,Ishaan Bhandari,2024-04-13,Property,Health,279355,279355,37939,371485,Delhi,North,178,Light Rain,Flood Damage,Online,38,Other,Settled,16,No,0.75
C9939-H,P39791-A,Nishith Borde,2024-06-16,Health,Agriculture,159602,159602,34036,273830,Delhi,North,180,Flood,Flood Damage,Agent,31,Other,Settled,27,No,0.58
C1750-F,P38755-B,Ishaan Ghose,2024-06-01,Property,Health,462455,462455,27098,751653,Pune,West,140,Flood,Road Accident,Agent,31,Male,Settled,24,No,0.62
C1614-Z,P71325-C,Shayak Sehgal,2024-12-06,Health,Life,82765,82765,39042,251059,Bangalore,South,232,Light Rain,House Damage,Online,28,Female,Settled,20,No,0.33
C3176-R,P32710-G,Saksham Ghosh,2024-07-30,Health,Vehicle,78052,78052,17656,304093,Ahmedabad,West,135,Light Rain,Hospitalization,Online,43,Male,Settled,17,No,0.26
C8250-C,P51812-K,Yasmin Sundaram,2024-02-14,Agriculture,Vehicle,209979,209979,41249,383624,Delhi,North,129,Flood,Crop Loss,Mobile App,69,Female,Settled,21,No,0.55
C3790-X,P15898-C,Zoya Golla,2024-04-21,Health,Life,102705,72551,33938,361049,Hyderabad,South,205,Moderate Rain,Crop Loss,Mobile App,19,Female,Pending,26,No,0.28
C2375-M,P64924-G,Kiaan Chakrabarti,2024-03-19,Vehicle,Property,94897,94897,22448,383584,Delhi,North,103,Light Rain,Hospitalization,Agent,41,Other,Pending,10,No,0.25
C5623-X,P75188-A,Biju Thaman,2024-02-24,Health,Health,120770,120770,5824,302526,Delhi,North,196,Flood,Crop Loss,Branch,20,Female,Pending,20,No,0.4
C4285-V,P10530-Y,Lavanya Manne,2024-04-14,Health,Vehicle,120714,120714,23301,208883,Lucknow,North,194,Flood,Road Accident,Mobile App,63,Female,Settled,26,No,0.58
C3832-J,P84312-N,Urvi Borde,2024-12-30,Vehicle,Life,105111,103222,34380,250547,Mumbai,West,283,Light Rain,Hospitalization,Online,47,Male,Settled,13,No,0.42
C1362-M,P68140-I,Rohan Wadhwa,2024-03-29,Agriculture,Property,253518,229229,12977,529198,Bangalore,South,259,Light Rain,Crop Loss,Mobile App,54,Male,Pending,15,No,0.48
C5839-O,P55464-R,Vidur Sem,2024-08-11,Agriculture,Property,228442,228442,48031,325082,Pune,West,105,Light Rain,Flood Damage,Agent,38,Other,Pending,3,No,0.7
C4322-O,P35169-A,Nishith Ganesh,2024-08-16,Property,Health,350884,350884,43248,600989,Ahmedabad,West,133,Flood,Flood Damage,Agent,65,Other,Settled,13,No,0.58
C2504-A,P60367-P,Gokul Dubey,2024-10-05,Property,Property,101989,101989,14984,183047,Jaipur,North,279,Flood,Crop Loss,Branch,45,Female,Settled,20,No,0.56
C6455-P,P14678-P,Anahi Iyer,2024-06-07,Vehicle,Property,146297,146297,14619,312699,Ahmedabad,West,298,Flood,House Damage,Agent,26,Female,Settled,24,No,0.47
C3051-U,P48545-K,Alisha Sawhney,2024-01-01,Vehicle,Vehicle,64537,64537,11482,203416,Ahmedabad,West,86,Light Rain,Road Accident,Agent,46,Other,Settled,19,No,0.32
C8889-F,P90590-M,Zeeshan Thakkar,2024-10-27,Vehicle,Property,96180,96180,48371,212424,Kolkata,East,102,Flood,Flood Damage,Branch,45,Other,Rejected,19,No,0.45
C1723-K,P32495-H,Indrans Bhalla,2024-02-06,Health,Property,71018,71018,12322,315687,Mumbai,West,281,Light Rain,Hospitalization,Branch,27,Male,Settled,21,No,0.22
C2716-V,P62293-Q,Anya Amble,2024-06-01,Vehicle,Agriculture,121402,121402,37457,279912,Mumbai,West,152,Light Rain,House Damage,Online,67,Other,Pending,26,No,0.43
C4040-U,P86473-Z,Purab Joshi,2024-01-28,Property,Health,411174,294647,6575,519092,Kolkata,East,297,Light Rain,Flood Damage,Branch,47,Other,Settled,18,No,0.79
C8883-B,P58814-C,Onkar Shan,2024-11-13,Health,Agriculture,170916,170916,46392,337985,Ahmedabad,West,217,Light Rain,Crop Loss,Agent,38,Other,Settled,10,No,0.51
C5307-L,P74969-J,Reyansh Tandon,2024-05-15,Agriculture,Vehicle,282223,282223,33797,337208,Kolkata,East,157,Moderate Rain,Hospitalization,Mobile App,36,Other,Pending,14,No,0.84
C7696-O,P48944-D,Yakshit Banerjee,2024-09-24,Agriculture,Property,217320,217320,17994,342302,Pune,West,119,Moderate Rain,House Damage,Mobile App,28,Female,Settled,4,No,0.63
C9422-H,P79299-P,Nitya Choudhury,2024-02-26,Property,Health,225543,225543,10325,429249,Lucknow,North,249,Moderate Rain,House Damage,Branch,31,Male,Settled,8,No,0.53
C9705-P,P52818-E,Ahana  Dara,2024-03-26,Property,Life,484847,484847,37427,779397,Jaipur,North,268,Flood,Road Accident,Branch,27,Female,Rejected,12,No,0.62
C2892-H,P57379-D,Hansh Bhagat,2024-10-09,Agriculture,Health,175029,175029,26132,354263,Kolkata,East,141,Heavy Rain,Road Accident,Agent,43,Female,Pending,3,No,0.49
C9143-K,P59365-O,Advika Banik,2024-11-16,Agriculture,Vehicle,69512,69512,47025,303166,Jaipur,North,92,Flood,Hospitalization,Mobile App,29,Other,Settled,5,No,0.23
C3753-A,P65082-F,Charvi Sekhon,2024-07-02,Vehicle,Health,51064,51064,44889,186819,Kolkata,East,145,Heavy Rain,House Damage,Online,19,Other,Settled,15,No,0.27
C9036-U,P83025-X,Nakul Sarkar,2024-02-29,Health,Property,137404,137404,49529,291316,Mumbai,West,249,Flood,Flood Damage,Online,41,Other,Pending,14,No,0.47
C2204-H,P17254-H,Renee Garg,2024-03-13,Property,Vehicle,385894,385894,20055,455768,Mumbai,West,265,Heavy Rain,Crop Loss,Online,32,Female,Pending,3,No,0.85
C5592-M,P24453-C,Parinaaz Brar,2024-02-29,Vehicle,Agriculture,139717,139717,28144,251035,Delhi,North,92,Flood,Flood Damage,Branch,50,Female,Rejected,21,No,0.56
C7689-L,P34856-F,Vardaniya Kata,2024-11-30,Agriculture,Property,139898,139898,33565,202398,Mumbai,West,141,Heavy Rain,House Damage,Online,45,Female,Settled,15,No,0.69
C4368-E,P22787-B,Pari Dhillon,2024-02-18,Agriculture,Agriculture,120825,120825,44073,414056,Bangalore,South,182,Light Rain,Crop Loss,Mobile App,29,Female,Settled,15,No,0.29
C4847-Y,P24405-P,Armaan Sule,2024-04-14,Property,Property,226767,226767,43187,409227,Delhi,North,244,Light Rain,House Damage,Branch,61,Female,Settled,24,No,0.55
C7317-F,P37976-T,Purab Varghese,2024-04-04,Vehicle,Agriculture,115909,115909,11537,360060,Hyderabad,South,190,Moderate Rain,Crop Loss,Mobile App,22,Other,Rejected,14,No,0.32
C9246-C,P58880-E,Devansh Kumer,2024-09-30,Property,Vehicle,312039,312039,22561,578902,Pune,West,149,Moderate Rain,Hospitalization,Mobile App,42,Male,Settled,14,No,0.54
C9374-S,P20052-S,Emir Dewan,2024-07-26,Health,Life,94248,94248,34162,364307,Mumbai,West,91,Flood,House Damage,Mobile App,44,Female,Settled,20,No,0.26
C9175-G,P61081-D,Kashvi Bhatia,2024-11-27,Vehicle,Life,53125,53125,46449,285582,Bangalore,South,200,Heavy Rain,Road Accident,Agent,20,Male,Settled,17,No,0.19
C6392-D,P34564-R,Hiran Chada,2024-06-12,Vehicle,Vehicle,87184,87184,11475,260953,Bangalore,South,82,Light Rain,Road Accident,Online,49,Other,Settled,22,No,0.33
C4021-C,P51678-P,Amira Basu,2024-02-07,Agriculture,Agriculture,139172,139172,47364,192059,Chennai,South,212,Moderate Rain,Road Accident,Agent,30,Female,Settled,21,Yes,0.72
C8155-D,P71031-E,Amani Ram,2024-11-22,Property,Property,479246,479246,26438,699605,Delhi,North,202,Heavy Rain,Flood Damage,Agent,41,Male,Settled,16,No,0.69
C7200-V,P83056-I,Priyansh Swaminathan,2024-07-29,Health,Agriculture,80572,80572,28965,151774,Ahmedabad,West,272,Moderate Rain,Crop Loss,Agent,44,Female,Settled,7,No,0.53
C2479-G,P96347-W,Aniruddh Kumar,2024-11-10,Health,Life,191695,191695,8292,298558,Hyderabad,South,299,Heavy Rain,House Damage,Agent,60,Other,Settled,9,No,0.64
C7798-N,P49334-R,Trisha Mann,2024-11-23,Health,Health,168698,105374,26146,429735,Bangalore,South,129,Moderate Rain,Hospitalization,Mobile App,40,Other,Settled,5,No,0.39
C6207-K,P77095-Z,Yashvi Solanki,2024-10-23,Agriculture,Agriculture,141185,141185,37462,213031,Pune,West,132,Heavy Rain,House Damage,Agent,25,Male,Settled,24,No,0.66
C5718-B,P37648-H,Madhav Banerjee,2024-04-18,Vehicle,Agriculture,60749,60749,9426,134815,Delhi,North,84,Light Rain,House Damage,Agent,29,Other,Pending,7,No,0.45
C2077-Q,P97219-O,Hazel Sathe,2024-11-10,Property,Health,431360,421345,45282,500625,Ahmedabad,West,271,Light Rain,Road Accident,Branch,22,Male,Settled,22,No,0.86
C3278-L,P80733-N,Nitara Sastry,2024-04-04,Health,Agriculture,35718,35718,44179,224199,Chennai,South,96,Light Rain,Road Accident,Branch,37,Female,Settled,23,No,0.16
C3381-N,P27479-T,Kiaan Tailor,2024-11-03,Health,Health,103397,59098,35776,293371,Delhi,North,58,Light Rain,House Damage,Online,54,Female,Settled,5,No,0.35
C8203-G,P63498-W,Dishani Keer,2024-09-12,Health,Property,192858,192858,20129,288163,Kolkata,East,79,Moderate Rain,Hospitalization,Online,43,Other,Pending,29,No,0.67
C9438-K,P33729-R,Nitya Deshmukh,2024-06-10,Agriculture,Life,210812,210812,46248,383213,Mumbai,West,82,Flood,Hospitalization,Mobile App,42,Other,Pending,30,No,0.55
C1749-X,P57606-K,Ranbir Raval,2024-07-17,Vehicle,Life,98002,98002,39673,296438,Ahmedabad,West,294,Flood,Flood Damage,Agent,66,Female,Settled,15,No,0.33
C8238-T,P60212-B,Alisha Badal,2024-06-18,Property,Property,165652,165652,10689,302093,Lucknow,North,176,Light Rain,Hospitalization,Branch,27,Female,Pending,15,No,0.55
C3893-E,P21134-R,Rhea Bhandari,2024-10-07,Agriculture,Health,218591,218591,40694,370931,Kolkata,East,260,Flood,Crop Loss,Branch,39,Other,Pending,21,No,0.59
C2310-U,P26125-X,Damini Mani,2024-03-29,Health,Vehicle,149395,115140,22610,412684,Chennai,South,219,Moderate Rain,Hospitalization,Branch,25,Male,Pending,26,No,0.36
C1684-K,P70455-A,Indrajit Bhatnagar,2024-05-25,Vehicle,Vehicle,128431,128431,25916,225682,Bangalore,South,299,Flood,House Damage,Branch,39,Other,Pending,25,No,0.57
C9119-V,P70242-Q,Hrishita Sathe,2024-06-26,Agriculture,Life,266331,266331,10003,508636,Pune,West,149,Heavy Rain,House Damage,Mobile App,40,Other,Pending,7,No,0.52
C2084-X,P87774-T,Madhav Bhattacharyya,2024-06-20,Vehicle,Property,72039,72039,18574,287774,Kolkata,East,220,Moderate Rain,House Damage,Branch,61,Other,Settled,16,No,0.25
C5661-P,P69943-Y,Eva Kar,2024-02-06,Health,Agriculture,32682,32682,10442,313400,Hyderabad,South,270,Moderate Rain,Flood Damage,Online,47,Male,Settled,8,No,0.1
C6482-U,P64823-Y,Kiara Bera,2024-07-15,Vehicle,Life,104588,90890,5487,209754,Kolkata,East,289,Heavy Rain,Road Accident,Branch,20,Female,Settled,12,No,0.5
C4095-G,P41123-D,Anvi Khosla,2024-06-10,Agriculture,Health,115148,115148,24250,261215,Delhi,North,237,Flood,Crop Loss,Branch,54,Male,Settled,19,No,0.44
C5616-F,P64439-N,Umang Ganguly,2024-02-02,Property,Property,125057,125057,5312,372851,Kolkata,East,111,Heavy Rain,Road Accident,Online,32,Male,Pending,25,No,0.34
C4664-Q,P94583-M,Ishaan Kalla,2024-02-23,Health,Health,188993,124126,39944,340413,Mumbai,West,106,Light Rain,House Damage,Online,18,Female,Settled,4,No,0.56
C3785-W,P41242-Y,Madhup Ahuja,2024-08-04,Property,Life,260951,133768,5589,401044,Ahmedabad,West,178,Moderate Rain,Road Accident,Agent,66,Female,Settled,7,No,0.65
C4067-D,P14874-D,Divit Gola,2024-03-15,Agriculture,Health,192917,192917,22109,355997,Delhi,North,128,Light Rain,Crop Loss,Agent,66,Female,Settled,12,No,0.54
C2264-I,P64609-Y,Renee Chad,2024-04-11,Property,Health,185242,185242,46966,317121,Mumbai,West,116,Light Rain,Flood Damage,Online,22,Female,Pending,26,Yes,0.58
C9890-N,P14193-I,Nakul Butala,2024-10-01,Health,Agriculture,121932,121932,42299,248174,Pune,West,183,Light Rain,Road Accident,Mobile App,34,Male,Settled,11,No,0.49
C7774-N,P15172-U,Tara Loyal,2024-02-04,Health,Life,27467,27467,21700,255479,Hyderabad,South,210,Heavy Rain,Road Accident,Agent,22,Other,Pending,22,No,0.11
C7842-I,P61737-U,Veer Dhaliwal,2024-08-01,Vehicle,Property,113651,113651,31753,400830,Chennai,South,94,Light Rain,House Damage,Agent,50,Other,Pending,27,No,0.28
C3679-N,P65105-O,Jayant Ratta,2024-03-26,Property,Health,376139,376139,35937,601959,Hyderabad,South,215,Heavy Rain,Crop Loss,Mobile App,34,Other,Pending,29,No,0.62
C4562-P,P84901-O,Devansh Jaggi,2024-03-21,Vehicle,Life,146159,146159,9870,222076,Kolkata,East,119,Light Rain,Crop Loss,Online,49,Male,Pending,30,No,0.66
C9192-B,P73062-D,Aaina Rau,2024-01-29,Property,Health,279947,279947,20295,330981,Hyderabad,South,81,Moderate Rain,Hospitalization,Agent,26,Female,Settled,3,No,0.85
C6187-M,P37916-Z,Madhup Bora,2024-02-16,Vehicle,Agriculture,56582,56582,21320,213133,Mumbai,West,261,Light Rain,Road Accident,Online,21,Male,Settled,25,No,0.27
C2613-J,P42370-R,Purab Guha,2024-11-23,Property,Agriculture,195357,195357,27170,257029,Hyderabad,South,156,Heavy Rain,Road Accident,Mobile App,24,Other,Pending,18,No,0.76
C1388-S,P28453-U,Raghav Kota,2024-12-15,Vehicle,Life,69089,69089,36756,368960,Chennai,South,181,Moderate Rain,Road Accident,Branch,20,Female,Settled,6,No,0.19
C4113-H,P17909-E,Divyansh Chokshi,2024-06-09,Health,Vehicle,118646,118646,30404,193836,Pune,West,76,Flood,Road Accident,Agent,62,Other,Settled,24,No,0.61
C9642-T,P41633-N,Mohanlal Bath,2024-09-27,Agriculture,Property,247160,247160,11745,500797,Bangalore,South,58,Flood,Crop Loss,Agent,60,Male,Settled,14,No,0.49
C5021-V,P36799-Z,Lakshay Bava,2024-05-25,Property,Health,479678,479678,47704,716732,Hyderabad,South,238,Light Rain,Hospitalization,Mobile App,18,Other,Pending,15,No,0.67
C3700-A,P83988-A,Ahana  Krish,2024-07-03,Health,Property,197271,197271,32360,287145,Hyderabad,South,198,Moderate Rain,Road Accident,Mobile App,42,Female,Rejected,13,No,0.69
C4660-W,P68118-B,Pranay Kibe,2024-11-21,Vehicle,Vehicle,148002,148002,12097,350249,Pune,West,165,Moderate Rain,Flood Damage,Agent,26,Male,Settled,16,No,0.42
C5650-A,P29039-S,Ira Thakur,2024-11-24,Health,Life,90157,90157,9591,291757,Hyderabad,South,110,Light Rain,House Damage,Online,35,Male,Settled,12,No,0.31
C7294-J,P66831-A,Jhanvi Barad,2024-02-27,Vehicle,Agriculture,124494,124494,12057,272200,Ahmedabad,West,69,Light Rain,Road Accident,Mobile App,59,Other,Settled,29,No,0.46
C2446-S,P37959-I,Zara Bahl,2024-05-20,Vehicle,Agriculture,79504,79504,40204,239395,Chennai,South,182,Heavy Rain,Road Accident,Agent,39,Male,Settled,7,No,0.33
C4910-C,P20201-Y,Amira Thakur,2024-08-30,Health,Property,48591,48591,8439,242062,Delhi,North,72,Moderate Rain,House Damage,Agent,35,Female,Pending,29,No,0.2
C6394-N,P41954-Z,Uthkarsh Saini,2024-08-14,Property,Property,237563,237563,45749,431389,Delhi,North,275,Heavy Rain,Flood Damage,Agent,39,Other,Pending,27,No,0.55
C6541-Y,P78570-D,Dhanush Arya,2024-10-15,Agriculture,Health,213829,213829,28990,445842,Mumbai,West,152,Moderate Rain,Crop Loss,Branch,48,Other,Settled,11,No,0.48
C1578-A,P66307-L,Mehul Dhar,2024-01-31,Property,Property,431202,431202,39188,549005,Hyderabad,South,117,Flood,Flood Damage,Mobile App,20,Female,Settled,10,No,0.79
C8928-P,P86974-R,Sana Raval,2024-06-22,Agriculture,Health,207946,207946,34741,353047,Lucknow,North,285,Light Rain,Road Accident,Branch,51,Female,Settled,11,No,0.59
C9853-J,P49459-E,Piya Goswami,2024-06-16,Agriculture,Health,98620,98620,33130,265176,Pune,West,81,Heavy Rain,Hospitalization,Branch,58,Other,Settled,21,No,0.37
C7905-J,P59222-O,Ahana  Date,2024-11-27,Health,Agriculture,143057,143057,37626,252217,Chennai,South,200,Heavy Rain,Flood Damage,Mobile App,58,Other,Settled,21,No,0.57
C7229-V,P37949-R,Hridaan Singhal,2024-07-13,Agriculture,Health,282283,282283,26687,511241,Kolkata,East,269,Heavy Rain,Flood Damage,Online,62,Male,Settled,17,No,0.55
C4453-X,P21109-D,Dharmajan Kar,2024-11-19,Agriculture,Vehicle,164237,164237,27955,306281,Delhi,North,113,Flood,Flood Damage,Online,33,Other,Rejected,14,No,0.54
C1707-A,P63432-Y,Ela Krishna,2024-06-25,Property,Life,245640,245640,39375,329646,Pune,West,70,Moderate Rain,Road Accident,Agent,55,Other,Pending,10,No,0.75
C5322-B,P50563-E,Anika Dada,2024-01-29,Health,Agriculture,70318,70318,46370,214199,Delhi,North,284,Flood,House Damage,Online,63,Male,Pending,11,No,0.33
C5896-U,P43643-M,Ira Lad,2024-02-13,Vehicle,Health,71763,71763,30222,185907,Kolkata,East,159,Flood,House Damage,Agent,57,Female,Settled,13,No,0.39
C3835-W,P68449-F,Kiaan Choudhury,2024-11-09,Agriculture,Life,86248,86248,32942,333928,Pune,West,98,Flood,Road Accident,Online,62,Other,Settled,26,No,0.26
C5725-F,P63273-M,Armaan Warrior,2024-03-08,Agriculture,Agriculture,271763,173433,20540,541694,Mumbai,West,123,Moderate Rain,House Damage,Agent,28,Other,Settled,27,No,0.5
C9896-T,P15726-Z,Zain Gade,2024-02-07,Agriculture,Property,105441,105441,13797,350002,Lucknow,North,159,Light Rain,Road Accident,Agent,30,Other,Rejected,4,No,0.3
C8795-D,P70384-V,Saira Kala,2024-05-02,Property,Life,287414,287414,39933,549040,Jaipur,North,181,Heavy Rain,Road Accident,Online,53,Other,Pending,12,No,0.52
C5000-S,P18708-R,Parinaaz Edwin,2024-08-21,Vehicle,Life,92504,92504,16557,200722,Pune,West,100,Flood,Flood Damage,Agent,65,Male,Settled,28,No,0.46
C4326-M,P55490-I,Yuvraj  Ramanathan,2024-01-01,Property,Health,472384,296557,40958,710862,Ahmedabad,West,233,Light Rain,Road Accident,Online,67,Other,Settled,17,No,0.66
C8519-L,P17427-S,Renee Kadakia,2024-05-22,Health,Life,103031,103031,43372,157357,Ahmedabad,West,183,Light Rain,Flood Damage,Online,63,Male,Pending,14,No,0.65
C8906-V,P50867-O,Taran Kothari,2024-06-08,Vehicle,Vehicle,69844,69844,26614,217056,Delhi,North,282,Heavy Rain,House Damage,Online,48,Female,Settled,20,No,0.32
C6379-J,P73986-K,Nehmat Shanker,2024-01-28,Health,Property,93003,71656,31222,249866,Delhi,North,67,Flood,Hospitalization,Mobile App,44,Male,Settled,24,No,0.37
C9230-N,P77710-M,Vidur Goyal,2024-11-28,Agriculture,Agriculture,276040,276040,16529,350822,Mumbai,West,105,Light Rain,Hospitalization,Agent,54,Female,Settled,4,No,0.79
C3541-X,P76217-Q,Bhavin Boase,2024-10-04,Agriculture,Property,294677,294677,16388,388713,Lucknow,North,278,Flood,Flood Damage,Mobile App,24,Other,Pending,10,No,0.76
C7505-Q,P38054-C,Veer Ghose,2024-08-20,Property,Life,162499,162499,11223,328201,Jaipur,North,78,Flood,Crop Loss,Branch,63,Female,Settled,23,No,0.5
C5838-U,P28677-D,Sara Bhattacharyya,2024-09-09,Health,Life,182114,182114,14932,243852,Ahmedabad,West,144,Heavy Rain,Hospitalization,Agent,69,Female,Settled,24,No,0.75
C3524-G,P84013-X,Mishti Char,2024-02-21,Agriculture,Health,163681,163681,30873,416662,Kolkata,East,211,Heavy Rain,Flood Damage,Branch,22,Female,Rejected,23,No,0.39
C3119-A,P66072-M,Heer Aggarwal,2024-12-06,Agriculture,Vehicle,299981,299981,46633,549573,Delhi,North,186,Heavy Rain,House Damage,Branch,68,Female,Settled,6,No,0.55
C3295-O,P27025-G,Umang Bhattacharyya,2024-02-04,Vehicle,Agriculture,135563,135563,16167,379529,Hyderabad,South,121,Moderate Rain,House Damage,Mobile App,43,Male,Settled,28,No,0.36
C3363-Z,P44553-O,Romil Golla,2024-10-10,Property,Life,497140,497140,48174,624680,Ahmedabad,West,272,Flood,Hospitalization,Agent,55,Other,Settled,20,No,0.8
C8473-V,P18060-Z,Mannat Shah,2024-02-10,Property,Life,381581,381581,34341,495658,Lucknow,North,103,Flood,Hospitalization,Agent,36,Female,Pending,16,No,0.77
C9430-Y,P72546-M,Hunar Dhillon,2024-10-23,Health,Health,165540,165540,14457,429356,Delhi,North,89,Heavy Rain,Flood Damage,Online,62,Male,Settled,15,No,0.39
C8640-U,P53359-U,Kiaan Dhingra,2024-11-10,Vehicle,Vehicle,70896,70896,24003,296914,Chennai,South,300,Flood,Road Accident,Mobile App,46,Female,Settled,22,No,0.24
C5172-A,P10676-L,Sara Malhotra,2024-12-05,Vehicle,Life,127732,127732,6212,245346,Lucknow,North,283,Heavy Rain,House Damage,Branch,25,Female,Settled,17,No,0.52
C8243-A,P79047-F,Inaaya  Ahuja,2024-04-17,Health,Vehicle,198786,198786,46335,317260,Pune,West,61,Moderate Rain,Crop Loss,Mobile App,25,Other,Settled,16,No,0.63
C2289-V,P66688-M,Prisha Bath,2024-03-14,Agriculture,Agriculture,55843,55843,15201,298994,Delhi,North,64,Flood,Flood Damage,Mobile App,34,Other,Settled,22,No,0.19
C4160-C,P46566-A,Dharmajan Mannan,2024-10-21,Property,Property,462293,462293,15266,658770,Pune,West,133,Light Rain,Flood Damage,Online,46,Other,Settled,12,Yes,0.7
C3638-A,P18172-U,Hansh Balakrishnan,2024-03-11,Agriculture,Agriculture,235859,235859,16896,395971,Delhi,North,230,Heavy Rain,Hospitalization,Online,60,Female,Pending,18,No,0.6
C6156-K,P12895-B,Aradhya Loyal,2024-10-31,Agriculture,Life,213682,213682,42612,428778,Bangalore,South,246,Moderate Rain,Flood Damage,Mobile App,51,Female,Settled,24,No,0.5
C2301-X,P32697-S,Samaira Dhar,2024-04-25,Health,Property,177663,177663,9859,434893,Lucknow,North,97,Moderate Rain,Flood Damage,Agent,24,Male,Settled,16,No,0.41
C4939-B,P99311-A,Tejas Raju,2024-04-05,Agriculture,Vehicle,240641,240641,10138,383436,Lucknow,North,211,Light Rain,Road Accident,Branch,23,Male,Pending,9,No,0.63
C8321-A,P96254-G,Jiya Badami,2024-10-30,Property,Agriculture,482193,482193,47387,726928,Ahmedabad,West,182,Flood,Crop Loss,Online,41,Male,Settled,12,No,0.66
C7253-K,P77623-O,Ahana  Kamdar,2024-03-27,Health,Property,77351,77351,40626,354300,Kolkata,East,150,Heavy Rain,Flood Damage,Branch,23,Male,Rejected,6,No,0.22
C2016-K,P72759-H,Shalv Char,2024-10-10,Vehicle,Agriculture,97958,97958,7436,152100,Lucknow,North,283,Flood,House Damage,Branch,30,Other,Settled,22,No,0.64
C2267-B,P98654-A,Ojas Agarwal,2024-09-27,Health,Life,184869,184869,19900,414566,Ahmedabad,West,70,Flood,Crop Loss,Online,34,Male,Pending,8,No,0.45
C9342-N,P55576-S,Anahi Varughese,2024-10-03,Agriculture,Agriculture,232828,232828,48936,365908,Delhi,North,253,Light Rain,Hospitalization,Branch,59,Male,Pending,21,No,0.64
C3429-O,P57649-R,Neelofar Bora,2024-08-23,Property,Agriculture,171385,171385,16530,369132,Hyderabad,South,63,Heavy Rain,Road Accident,Online,27,Female,Pending,17,No,0.46
C6069-A,P19615-L,Jayan Suri,2024-12-29,Vehicle,Property,61551,61551,9927,277506,Pune,West,102,Light Rain,Hospitalization,Agent,60,Other,Settled,7,No,0.22
C9914-S,P66066-H,Romil D’Alia,2024-07-26,Health,Agriculture,85399,85399,35376,246725,Kolkata,East,196,Moderate Rain,Hospitalization,Branch,44,Female,Pending,26,No,0.35
C8592-P,P75956-Q,Tiya Sura,2024-03-25,Health,Agriculture,45517,45517,44262,333171,Pune,West,231,Light Rain,House Damage,Agent,47,Male,Settled,18,Yes,0.14
C7631-O,P94417-U,Taran Mammen,2024-05-21,Property,Agriculture,260303,260303,23238,548463,Bangalore,South,177,Moderate Rain,House Damage,Online,47,Male,Settled,29,No,0.47
C2166-C,P66824-V,Nirvaan Acharya,2024-04-29,Vehicle,Life,51830,51830,37394,123318,Pune,West,109,Flood,Crop Loss,Agent,59,Male,Rejected,5,No,0.42
C3795-O,P94771-H,Nayantara Dash,2024-08-07,Property,Health,486781,486781,11284,691098,Bangalore,South,252,Heavy Rain,Hospitalization,Mobile App,50,Male,Settled,10,No,0.7
C2477-L,P86263-T,Eshani Ramakrishnan,2024-01-27,Property,Health,483496,353144,48231,675813,Lucknow,North,253,Heavy Rain,Flood Damage,Mobile App,49,Female,Pending,4,No,0.72
C2630-S,P55620-V,Indrajit Khanna,2024-11-10,Health,Life,36779,36779,46100,157739,Mumbai,West,143,Heavy Rain,Flood Damage,Mobile App,42,Male,Settled,12,No,0.23
C2720-C,P29915-K,Saksham Reddy,2024-04-05,Property,Property,287812,287812,39044,381346,Kolkata,East,116,Light Rain,Hospitalization,Mobile App,57,Other,Settled,22,No,0.75
C6265-U,P38684-O,Fateh Sharma,2024-03-20,Vehicle,Health,109532,109532,25715,255711,Pune,West,129,Heavy Rain,House Damage,Branch,35,Male,Pending,5,No,0.43
C5749-P,P33969-G,Yasmin Guha,2024-08-16,Health,Life,194260,194260,21549,403867,Chennai,South,169,Moderate Rain,Flood Damage,Branch,39,Other,Pending,26,Yes,0.48
C9450-X,P61445-A,Hrishita Tella,2024-12-23,Agriculture,Health,227564,227564,14532,370658,Chennai,South,176,Flood,Flood Damage,Online,59,Other,Settled,12,No,0.61
C5488-N,P97828-J,Samar Rama,2024-06-19,Vehicle,Property,55259,55259,11186,264596,Kolkata,East,201,Light Rain,Crop Loss,Online,70,Female,Settled,21,No,0.21
C5274-A,P74062-L,Shamik Bahl,2024-06-22,Health,Life,164794,164794,6010,401091,Mumbai,West,172,Heavy Rain,Road Accident,Online,63,Male,Settled,7,No,0.41
C6703-Y,P52748-Y,Devansh Bera,2024-08-23,Vehicle,Property,142958,142958,16621,247714,Kolkata,East,243,Flood,House Damage,Agent,62,Female,Rejected,4,No,0.58
C3058-S,P74242-K,Yakshit Kant,2024-11-18,Agriculture,Life,231550,231550,23877,496727,Ahmedabad,West,138,Heavy Rain,Crop Loss,Online,38,Female,Pending,23,No,0.47
C4056-H,P20168-W,Nirvi Sankaran,2024-12-26,Health,Vehicle,156985,115416,17172,450946,Kolkata,East,58,Moderate Rain,Road Accident,Online,66,Other,Settled,25,No,0.35
C6093-W,P12397-A,Ira Dube,2024-11-16,Vehicle,Health,85309,85309,13074,318754,Kolkata,East,220,Moderate Rain,Road Accident,Branch,23,Female,Settled,14,No,0.27
C6596-C,P98530-A,Vaibhav Comar,2024-05-02,Property,Health,131476,131476,44787,259998,Jaipur,North,234,Light Rain,Road Accident,Branch,61,Other,Settled,18,No,0.51
C9575-M,P67930-D,Farhan Jani,2024-02-11,Agriculture,Agriculture,83894,83894,34511,295352,Mumbai,West,107,Heavy Rain,Flood Damage,Branch,57,Other,Settled,12,No,0.28
C6264-T,P78830-I,Urvi Chanda,2024-02-03,Health,Health,42182,42182,31267,137117,Ahmedabad,West,51,Light Rain,House Damage,Online,65,Male,Rejected,10,No,0.31
C1706-N,P58102-S,Kartik Agarwal,2024-06-28,Health,Agriculture,122817,64830,49119,299719,Delhi,North,228,Light Rain,Flood Damage,Branch,61,Male,Settled,4,No,0.41
C9876-B,P30015-P,Azad Koshy,2024-02-04,Agriculture,Vehicle,255858,255858,24712,481401,Ahmedabad,West,190,Moderate Rain,Road Accident,Online,36,Female,Settled,10,No,0.53
C4269-M,P82447-Z,Vaibhav Loyal,2024-05-24,Property,Vehicle,194355,194355,43138,449741,Bangalore,South,52,Flood,Road Accident,Mobile App,39,Male,Pending,3,No,0.43
C6323-M,P95332-B,Drishya Apte,2024-09-08,Health,Vehicle,78958,78958,8693,358106,Pune,West,215,Moderate Rain,Crop Loss,Mobile App,60,Female,Pending,3,No,0.22
C8051-Z,P72792-N,Alia Chakraborty,2024-08-10,Property,Property,402320,402320,31585,552626,Hyderabad,South,104,Light Rain,Road Accident,Branch,47,Female,Settled,5,Yes,0.73
C7361-T,P21207-Z,Tushar Wali,2024-07-08,Health,Property,27448,27448,40753,149888,Kolkata,East,121,Moderate Rain,Flood Damage,Online,30,Other,Settled,5,No,0.18
C8059-Q,P32737-I,Tushar Butala,2024-01-03,Agriculture,Vehicle,181281,181281,38598,431207,Hyderabad,South,156,Moderate Rain,House Damage,Mobile App,39,Male,Settled,26,No,0.42
C2020-E,P92407-S,Divit Gokhale,2024-11-18,Vehicle,Property,68610,68610,39866,260933,Mumbai,West,211,Flood,Crop Loss,Branch,31,Other,Rejected,18,No,0.26
C4241-I,P40845-I,Divij Dixit,2024-08-03,Agriculture,Agriculture,242294,242294,44334,459702,Kolkata,East,293,Light Rain,House Damage,Branch,66,Female,Rejected,13,No,0.53
C5329-C,P11794-J,Elakshi Rana,2024-07-24,Vehicle,Agriculture,143303,143303,35155,427173,Pune,West,256,Heavy Rain,Hospitalization,Agent,38,Other,Pending,14,No,0.34
C1318-J,P74724-E,Hridaan Babu,2024-09-23,Property,Property,220436,220436,27948,323620,Pune,West,258,Moderate Rain,Crop Loss,Branch,64,Other,Rejected,27,No,0.68
C2901-D,P96568-R,Hazel Ahuja,2024-01-27,Vehicle,Vehicle,88042,88042,31047,212407,Chennai,South,179,Heavy Rain,Hospitalization,Online,30,Female,Rejected,19,No,0.41
C1174-T,P39454-J,Ela Yohannan,2024-09-05,Property,Property,295488,284828,5600,459086,Mumbai,West,53,Moderate Rain,Flood Damage,Mobile App,63,Male,Pending,25,Yes,0.64
C6084-K,P97465-U,Anika Bora,2024-05-10,Agriculture,Property,283795,283795,9576,564972,Delhi,North,179,Moderate Rain,Road Accident,Branch,48,Female,Settled,30,No,0.5
C8848-H,P70610-M,Neysa Hayre,2024-08-12,Property,Vehicle,428275,303626,8712,556983,Pune,West,208,Flood,Crop Loss,Mobile App,57,Male,Pending,14,Yes,0.77
C5832-S,P64377-D,Ryan Bali,2024-07-09,Property,Vehicle,124641,96700,39563,274365,Chennai,South,186,Moderate Rain,Crop Loss,Mobile App,25,Male,Pending,20,No,0.45
C1112-E,P56088-B,Tanya Kurian,2024-05-21,Property,Life,176568,176568,21395,368503,Delhi,North,283,Flood,Flood Damage,Mobile App,38,Other,Settled,17,No,0.48
C5224-P,P96966-O,Taimur Chadha,2024-09-10,Health,Health,113801,113801,34848,251610,Kolkata,East,61,Moderate Rain,Flood Damage,Agent,68,Female,Pending,12,No,0.45
C8219-U,P54239-R,Onkar Sachdeva,2024-05-10,Vehicle,Health,59852,59852,41874,232359,Mumbai,West,156,Moderate Rain,House Damage,Mobile App,32,Female,Settled,16,No,0.26
C7098-P,P76108-B,Damini Sagar,2024-10-20,Vehicle,Health,123030,123030,36932,409250,Jaipur,North,293,Light Rain,Hospitalization,Mobile App,51,Female,Pending,19,No,0.3
C8575-W,P23473-A,Nirvi Korpal,2024-09-07,Property,Agriculture,232332,232332,10473,414628,Ahmedabad,West,155,Moderate Rain,Hospitalization,Branch,67,Female,Settled,15,No,0.56
C4613-U,P19507-Z,Nitara Chand,2024-06-13,Property,Health,263253,263253,46814,333584,Jaipur,North,212,Light Rain,Road Accident,Branch,30,Male,Settled,15,No,0.79
C8692-R,P58958-I,Amani Shroff,2024-07-10,Vehicle,Life,34718,34718,5587,124547,Pune,West,94,Flood,Hospitalization,Online,48,Other,Settled,14,No,0.28
C1496-Z,P77231-W,Shamik Kibe,2024-04-12,Agriculture,Health,184379,184379,48819,402602,Pune,West,144,Flood,Crop Loss,Online,54,Male,Rejected,28,No,0.46
C3136-Z,P43048-Y,Damini Joshi,2024-03-01,Agriculture,Life,189841,189841,37583,449740,Pune,West,210,Heavy Rain,Crop Loss,Agent,49,Other,Settled,26,No,0.42
C9500-E,P14245-K,Vaibhav Khanna,2024-04-13,Health,Property,43000,26559,37592,291323,Pune,West,112,Moderate Rain,House Damage,Agent,58,Male,Rejected,13,No,0.15
C8768-G,P44284-B,Aarush Gera,2024-09-11,Health,Agriculture,53867,53867,24402,145041,Ahmedabad,West,249,Light Rain,Road Accident,Mobile App,28,Male,Settled,26,No,0.37
C3601-D,P46813-P,Zara Seshadri,2024-02-12,Vehicle,Life,136213,136213,13198,417054,Mumbai,West,68,Moderate Rain,Hospitalization,Online,37,Other,Settled,25,No,0.33
C5446-O,P93495-V,Kimaya Mani,2024-11-22,Vehicle,Health,133964,133964,37488,301952,Bangalore,South,153,Light Rain,Flood Damage,Agent,20,Male,Settled,10,No,0.44
C7823-E,P14068-D,Samar Bhargava,2024-12-19,Health,Vehicle,80123,80123,13012,270470,Jaipur,North,128,Flood,Road Accident,Branch,55,Female,Pending,5,No,0.3
C8599-O,P95908-M,Yasmin Hari,2024-07-01,Property,Property,466017,466017,27248,607639,Kolkata,East,138,Light Rain,Flood Damage,Agent,62,Male,Rejected,24,No,0.77
C9238-Q,P55123-H,Dhruv Deol,2024-06-16,Property,Agriculture,476406,476406,46913,775281,Chennai,South,109,Heavy Rain,Flood Damage,Online,46,Other,Settled,22,No,0.61
C7513-T,P59741-L,Romil Manne,2024-02-12,Property,Life,311070,311070,13348,528207,Ahmedabad,West,75,Moderate Rain,Flood Damage,Branch,67,Other,Settled,29,No,0.59
C8270-V,P74716-C,Shlok Deshpande,2024-11-04,Property,Agriculture,197196,197196,28631,421770,Jaipur,North,82,Flood,Road Accident,Agent,53,Male,Settled,7,No,0.47
C8266-J,P45362-J,Shanaya Ramesh,2024-04-14,Vehicle,Property,95732,95732,21861,347803,Chennai,South,240,Light Rain,Flood Damage,Mobile App,65,Female,Pending,28,No,0.28
C2129-G,P22417-F,Rasha Bhandari,2024-05-06,Property,Agriculture,218550,218550,12559,387352,Hyderabad,South,54,Flood,Hospitalization,Agent,52,Female,Rejected,29,No,0.56
C4489-X,P56552-Q,Mannat Singhal,2024-07-01,Vehicle,Property,133491,133491,35521,197089,Lucknow,North,51,Heavy Rain,Crop Loss,Mobile App,67,Female,Pending,15,No,0.68
C4689-D,P64013-A,Ritvik Sheth,2024-05-12,Health,Agriculture,92578,92578,31068,259016,Pune,West,101,Heavy Rain,Road Accident,Branch,64,Female,Pending,17,No,0.36
C9390-D,P91175-Y,Ivana Sekhon,2024-12-17,Health,Vehicle,137937,137937,48240,323594,Ahmedabad,West,233,Light Rain,Crop Loss,Mobile App,41,Male,Settled,24,No,0.43
C2402-N,P51541-C,Arhaan Ghose,2024-10-14,Vehicle,Vehicle,109498,109498,33582,259354,Ahmedabad,West,109,Heavy Rain,Flood Damage,Agent,50,Female,Settled,23,No,0.42
C9628-I,P87050-O,Tanya Arya,2024-10-09,Property,Agriculture,240513,240513,34388,431793,Mumbai,West,226,Moderate Rain,Crop Loss,Online,23,Female,Settled,4,No,0.56
C3108-M,P25415-P,Sahil Sawhney,2024-07-02,Property,Property,451879,451879,11732,626508,Chennai,South,152,Flood,Road Accident,Online,59,Male,Pending,12,No,0.72
C8414-E,P60946-J,Jayant Korpal,2024-03-29,Property,Health,391464,391464,6706,548665,Delhi,North,106,Heavy Rain,Road Accident,Online,62,Female,Settled,14,No,0.71
C8699-B,P46101-P,Lakshay Contractor,2024-11-27,Vehicle,Health,140120,140120,25350,350970,Ahmedabad,West,213,Flood,Flood Damage,Mobile App,65,Female,Pending,24,No,0.4
C7458-H,P31178-K,Amani Chandran,2024-03-24,Health,Life,162643,162643,42331,390484,Ahmedabad,West,128,Light Rain,Flood Damage,Branch,39,Other,Settled,10,No,0.42
C9807-Z,P11454-X,Mohanlal Manda,2024-04-05,Vehicle,Property,130042,130042,8189,268493,Delhi,North,209,Moderate Rain,House Damage,Mobile App,31,Female,Settled,20,No,0.48
C9154-W,P65542-G,Rasha Bedi,2024-09-12,Agriculture,Vehicle,53846,53846,47096,313626,Pune,West,243,Heavy Rain,Hospitalization,Agent,51,Female,Settled,17,No,0.17
C6099-U,P61464-B,Aradhya Ram,2024-07-23,Health,Health,193691,191791,21688,382073,Pune,West,153,Moderate Rain,Flood Damage,Online,48,Other,Rejected,3,No,0.51
C4651-Y,P89692-W,Nitara Kulkarni,2024-07-10,Property,Life,405434,405434,21549,545096,Jaipur,North,196,Light Rain,Hospitalization,Online,18,Male,Pending,23,No,0.74
C2309-L,P61060-X,Neysa Sachar,2024-06-25,Property,Agriculture,207721,154377,14690,309800,Hyderabad,South,57,Heavy Rain,Crop Loss,Agent,32,Other,Settled,16,No,0.67
C4942-I,P86928-I,Kavya Kalita,2024-07-02,Agriculture,Agriculture,52645,33290,14519,233011,Pune,West,158,Flood,Crop Loss,Agent,57,Other,Settled,11,No,0.23
C3326-Q,P52411-J,Hrishita Kata,2024-08-21,Health,Agriculture,136144,136144,35503,357349,Delhi,North,241,Heavy Rain,Hospitalization,Online,29,Female,Pending,27,No,0.38
C7675-L,P35003-Y,Hansh Kanda,2024-12-23,Property,Vehicle,484654,484654,22303,641772,Mumbai,West,157,Moderate Rain,Flood Damage,Online,55,Male,Settled,17,No,0.76
C9152-D,P78172-Z,Indranil Bassi,2024-08-13,Agriculture,Life,151839,97555,18463,299718,Mumbai,West,85,Moderate Rain,Flood Damage,Mobile App,47,Female,Settled,22,No,0.51
C3179-N,P77356-F,Romil Dalal,2024-08-27,Health,Agriculture,110269,110269,20495,297136,Lucknow,North,238,Moderate Rain,Crop Loss,Branch,53,Other,Pending,25,No,0.37
C1947-Y,P30279-Z,Hiran Kohli,2024-01-01,Agriculture,Agriculture,97233,97233,40704,262167,Bangalore,South,287,Moderate Rain,Road Accident,Mobile App,41,Male,Pending,20,No,0.37
C8257-U,P19366-H,Vihaan Vora,2024-08-17,Health,Life,175077,175077,36289,320200,Hyderabad,South,126,Heavy Rain,House Damage,Online,24,Other,Settled,19,No,0.55
C2092-L,P63404-D,Neysa Sidhu,2024-01-12,Property,Vehicle,217262,217262,20472,440059,Chennai,South,269,Light Rain,Hospitalization,Branch,41,Male,Settled,8,No,0.49
C4550-E,P37558-P,Kiara Kala,2024-09-29,Health,Property,82083,82083,19620,356379,Kolkata,East,185,Flood,House Damage,Agent,45,Male,Settled,15,No,0.23
C1380-C,P38399-U,Aarush Keer,2024-10-21,Health,Property,89246,89246,7720,365899,Lucknow,North,201,Heavy Rain,Road Accident,Online,26,Male,Settled,28,No,0.24
C7135-P,P34972-B,Kiara Vora,2024-10-23,Vehicle,Property,98241,98241,12316,277935,Ahmedabad,West,192,Light Rain,Crop Loss,Branch,44,Female,Settled,10,No,0.35
C6497-Z,P30483-I,Abram Deep,2024-04-28,Property,Agriculture,497907,497907,39643,643921,Chennai,South,62,Heavy Rain,Flood Damage,Branch,51,Male,Pending,22,No,0.77
C9115-P,P11471-N,Amani Chaudhari,2024-03-03,Vehicle,Life,80764,80764,41523,215444,Jaipur,North,140,Flood,Hospitalization,Mobile App,52,Female,Settled,17,No,0.37
C2017-L,P26549-V,Vardaniya Behl,2024-04-28,Property,Property,152113,152113,12133,248072,Delhi,North,225,Heavy Rain,Flood Damage,Agent,20,Male,Settled,22,No,0.61
C7550-Q,P70784-S,Hridaan Gupta,2024-08-08,Health,Property,62720,54421,43029,296308,Lucknow,North,122,Flood,Hospitalization,Branch,56,Female,Settled,4,Yes,0.21
C1684-O,P65782-W,Divij Borra,2024-05-30,Health,Agriculture,181088,181088,22776,411475,Delhi,North,245,Heavy Rain,Hospitalization,Mobile App,21,Other,Pending,21,No,0.44
C6085-Z,P20006-F,Aradhya Toor,2024-12-22,Vehicle,Agriculture,38035,38035,38988,206951,Mumbai,West,127,Flood,Crop Loss,Online,26,Female,Settled,15,No,0.18
C5605-L,P72350-O,Fateh Gala,2024-11-30,Vehicle,Life,41158,25656,10658,268921,Jaipur,North,282,Moderate Rain,Road Accident,Agent,39,Female,Settled,4,No,0.15
C9530-Q,P95421-Q,Chirag Uppal,2024-10-06,Agriculture,Vehicle,58570,58570,38469,245204,Delhi,North,241,Heavy Rain,Crop Loss,Agent,52,Other,Rejected,5,No,0.24
C5143-S,P19538-L,Kartik Borde,2024-08-12,Vehicle,Life,146654,104549,45054,379492,Lucknow,North,69,Moderate Rain,Flood Damage,Branch,34,Male,Settled,8,No,0.39
C9499-U,P78212-Y,Amira Gole,2024-02-06,Vehicle,Vehicle,48930,48930,25935,214019,Ahmedabad,West,109,Light Rain,Crop Loss,Mobile App,64,Female,Pending,4,No,0.23
C6519-O,P45193-R,Rati Thakur,2024-04-06,Vehicle,Vehicle,40137,40137,44608,97450,Bangalore,South,252,Flood,House Damage,Online,36,Male,Pending,4,No,0.41
C2126-Z,P85000-D,Kashvi Bhatia,2024-11-07,Vehicle,Vehicle,110027,110027,20853,281318,Pune,West,193,Light Rain,Hospitalization,Mobile App,52,Male,Settled,26,No,0.39
C6317-M,P14478-N,Rhea Bhat,2024-01-01,Health,Agriculture,175585,175585,9308,453933,Chennai,South,242,Flood,Road Accident,Online,30,Female,Pending,3,No,0.39
C6850-O,P88641-Y,Abram Jani,2024-10-17,Property,Vehicle,415856,415856,33993,520963,Pune,West,90,Light Rain,Flood Damage,Online,32,Female,Pending,19,No,0.8
C2906-F,P79183-L,Ritvik Chatterjee,2024-12-02,Property,Life,406579,406579,6648,493421,Kolkata,East,182,Heavy Rain,Flood Damage,Branch,66,Female,Settled,23,No,0.82
C3023-C,P70820-Z,Aaina Dayal,2024-07-02,Vehicle,Health,108443,108443,18133,353831,Bangalore,South,80,Heavy Rain,Crop Loss,Agent,24,Male,Rejected,8,No,0.31
C6967-G,P52829-I,Hunar Ahuja,2024-01-25,Vehicle,Property,85088,85088,38480,265424,Chennai,South,183,Heavy Rain,Hospitalization,Online,23,Other,Settled,18,No,0.32
C4985-W,P98542-K,Nehmat Khanna,2024-05-19,Agriculture,Vehicle,114331,114331,9990,274859,Delhi,North,123,Heavy Rain,Road Accident,Mobile App,23,Other,Pending,18,No,0.42
C7773-E,P84247-L,Amira Chahal,2024-02-27,Agriculture,Property,142664,142664,39153,237113,Jaipur,North,127,Heavy Rain,Crop Loss,Agent,67,Female,Pending,17,No,0.6
C6630-V,P69590-X,Seher Chaudhari,2024-04-29,Health,Life,139629,139629,44923,229906,Chennai,South,62,Flood,House Damage,Agent,29,Male,Settled,9,No,0.61
C7617-J,P15319-D,Aarush Vig,2024-02-15,Agriculture,Property,182702,167847,13330,251394,Lucknow,North,296,Heavy Rain,Road Accident,Mobile App,58,Other,Pending,12,No,0.73
C2748-H,P79228-P,Kiara Vasa,2024-06-30,Health,Agriculture,112498,112498,10756,353906,Pune,West,267,Moderate Rain,Hospitalization,Agent,63,Female,Settled,19,No,0.32
